
 Fire Dynamics Simulator

 Current Date     : May 17, 2026  09:14:30
 Revision         : FDS-6.10.1-0-g12efa16-release
 Revision Date    : Wed Apr 2 17:38:58 2025 -0400
 Compiler         : Intel(R) Fortran Compiler for applications running on Intel(R) 64, Version 2025.1.0 Build 20250317
 Compilation Date : Fri-04/04/2025-08:49-AM

 Number of MPI Processes:  2

 MPI version: 3.1
 MPI library version: Intel(R) MPI Library 2021.6 for Windows* OS

 Hypre library version: v2.32.0
 Sundials library version: v6.7.0

 Job TITLE        : EQIX SG4-4A PREVIEW -- 600s coarse mesh
 Job ID string    : eqix_preview


 Grid Dimensions, Mesh     1

   Cells in the X Direction            24
   Cells in the Y Direction            33
   Cells in the Z Direction            20
   Number of Grid Cells             15840


 Physical Dimensions, Mesh     1

   Length (m)                       3.700
   Width  (m)                       5.000
   Height (m)                       3.000

 Grid Dimensions, Mesh     2

   Cells in the X Direction            25
   Cells in the Y Direction            33
   Cells in the Z Direction            20
   Number of Grid Cells             16500


 Physical Dimensions, Mesh     2

   Length (m)                       3.800
   Width  (m)                       5.000
   Height (m)                       3.000

 Miscellaneous Parameters

   Total Number of Grid Cells       32340
   Maximum Cell Aspect Ratio        1.028
   Initial Time Step (s)            0.010
   CFL Velocity Norm                    2
   Simulation Start Time (s)          0.0
   Simulation End Time (s)          600.0
   Background Pressure (Pa)     101325.00
   Ambient Temperature (C)          20.00

   3D Cartesian
   VLES Calculation
   Eddy Viscosity Model:  Deardorff (C_DEARDORFF = 0.10)
   Surface INERT Eddy Viscosity Model:  WALE (C_WALE = 0.60)
   Surface CABINET_SURF Eddy Viscosity Model:  WALE (C_WALE = 0.60)
   Surface CONCRETE Eddy Viscosity Model:  WALE (C_WALE = 0.60)
   Surface TR_FIRE_SURF Eddy Viscosity Model:  WALE (C_WALE = 0.60)
   Surface EXHAUST_VENT Eddy Viscosity Model:  WALE (C_WALE = 0.60)
   Turbulent Prandtl Number:         0.50
   Turbulent Schmidt Number:         0.50


 Pressure solver information

   Solver:                            FFT
   Velocity tolerance (m/s):    7.558E-02
   Press eqn res tol (1/s^2):   8.752E+02
   Max pressure iterations:            10


 Background Stratification

      Z (m)     P_0 (Pa)    TMP_0 (C)
   ------------------------------------
        2.92    101290.71     20.00
        2.77    101292.47     20.00
        2.62    101294.23     20.00
        2.47    101295.99     20.00
        2.33    101297.74     20.00
        2.17    101299.50     20.00
        2.02    101301.26     20.00
        1.88    101303.02     20.00
        1.72    101304.78     20.00
        1.57    101306.53     20.00
        1.42    101308.29     20.00
        1.27    101310.05     20.00
        1.12    101311.81     20.00
        0.97    101313.57     20.00
        0.82    101315.32     20.00
        0.68    101317.08     20.00
        0.52    101318.84     20.00
        0.38    101320.60     20.00
        0.22    101322.36     20.00
        0.07    101324.11     20.00


 Mass Fraction Transformation Matrix to Convert Species Mixtures (Columns) to Primitive Species (Rows)

                         AIR       PROPANE   PRODUCTS  HYDROGEN  HYDROGEN
   NITROGEN              0.762470  0.000000  0.714755  0.000000  0.000000
   OXYGEN                0.230997  0.000000  0.000000  0.000000  0.000000
   CARBON DIOXIDE        0.000591  0.000000  0.172528  0.000000  0.000000
   WATER VAPOR           0.005941  0.000000  0.107836  0.000000  0.000000
   CARBON MONOXIDE       0.000000  0.000000  0.001189  0.000000  0.000000
   SOOT                  0.000000  0.000000  0.003692  0.000000  0.000000
   HYDROGEN CYANIDE      0.000000  0.000000  0.000000  0.000000  0.000000
   HYDROGEN FLUORIDE     0.000000  0.000000  0.000000  1.000000  0.000000
   HYDROGEN              0.000000  0.000000  0.000000  0.000000  1.000000
   PROPANE               0.000000  1.000000  0.000000  0.000000  0.000000


 Primitive Species Information

   NITROGEN
   Gas Species
   Molecular Weight (g/mol)                28.01340
   Ambient Density (kg/m^3)                1.165
           Enthalpy of Formation (J/kg)  0.000E+00

   OXYGEN
   Gas Species
   Molecular Weight (g/mol)                31.99880
   Ambient Density (kg/m^3)                1.330
           Enthalpy of Formation (J/kg)  0.000E+00

   CARBON DIOXIDE
   Gas Species
   Molecular Weight (g/mol)                44.00950
   Ambient Density (kg/m^3)                1.830
           Enthalpy of Formation (J/kg) -8.941E+06

   WATER VAPOR
   Gas Species
   Molecular Weight (g/mol)                18.01528
   Ambient Density (kg/m^3)                0.749
           Enthalpy of Formation (J/kg) -1.342E+07

   CARBON MONOXIDE
   Gas Species
   Molecular Weight (g/mol)                28.01010
   Ambient Density (kg/m^3)                1.164
           Enthalpy of Formation (J/kg) -3.946E+06

   SOOT
   Gas Species
   Molecular Weight (g/mol)                12.01070
   Ambient Density (kg/m^3)                0.499
           Enthalpy of Formation (J/kg)  0.000E+00

   HYDROGEN CYANIDE
   Gas Species
   Molecular Weight (g/mol)                27.02534
   Ambient Density (kg/m^3)                1.123
           Enthalpy of Formation (J/kg)  4.924E+06

   HYDROGEN FLUORIDE
   Gas Species
   Molecular Weight (g/mol)                20.00634
   Ambient Density (kg/m^3)                0.832
           Enthalpy of Formation (J/kg) -1.366E+07

   HYDROGEN
   Gas Species
   Molecular Weight (g/mol)                 2.01588
   Ambient Density (kg/m^3)                0.084
           Enthalpy of Formation (J/kg)  0.000E+00

   PROPANE
   Gas Species
   Molecular Weight (g/mol)                44.09562
   Ambient Density (kg/m^3)                1.833
           Enthalpy of Formation (J/kg) -2.374E+06


 Tracked (Lumped) Species Information

   AIR
   Molecular Weight (g/mol)            28.75198
   Ambient Density (kg/m^3)            1.195
   Initial Mass Fraction               1.000
   Enthalpy of Formation (J/kg)     -8.504E+04

   Sub Species                    Mass Fraction     Mole Fraction
   NITROGEN                       7.624699E-01      7.825727E-01
   OXYGEN                         2.309974E-01      2.075588E-01
   CARBON DIOXIDE                 5.914650E-04      3.864118E-04
   WATER VAPOR                    5.941209E-03      9.482037E-03
 
     Viscosity (kg/m/s) Ambient,  293 K:  1.796E-05
                                  500 K:  2.612E-05
                                 1000 K:  4.125E-05
                                 1500 K:  5.371E-05
                                 2000 K:  6.476E-05
   Therm. Cond. (W/m/K) Ambient,  293 K:  2.556E-02
                                  500 K:  3.814E-02
                                 1000 K:  6.686E-02
                                 1500 K:  9.249E-02
                                 2000 K:  1.153E-01
        Enthalpy (J/kg) Ambient,  293 K: -9.012E+04
                                  500 K:  1.222E+05
                                 1000 K:  6.721E+05
                                 1500 K:  1.270E+06
                                 2000 K:  1.896E+06
    Spec. Heat (J/kg/K) Ambient,  293 K:  1.016E+03
                                  500 K:  1.042E+03
                                 1000 K:  1.156E+03
                                 1500 K:  1.229E+03
                                 2000 K:  1.270E+03
   Diff. Coeff. (m^2/s) Ambient,  293 K:  1.991E-05
                                  500 K:  4.961E-05
                                 1000 K:  1.580E-04
                                 1500 K:  3.095E-04
                                 2000 K:  4.984E-04
     Gibbs Energy Amb. (kJ/mol),  293 K: -5.873E+01
                                  500 K: -1.007E+02
                                 1000 K: -2.117E+02
                                 1500 K: -3.312E+02
                                 2000 K: -4.568E+02

   PROPANE
   Molecular Weight (g/mol)            44.09562
   Ambient Density (kg/m^3)            1.833
   Initial Mass Fraction               0.000
   Enthalpy of Formation (J/kg)     -2.374E+06

   Sub Species                    Mass Fraction     Mole Fraction
   PROPANE                        1.000000E+00      1.000000E+00
 
     Viscosity (kg/m/s) Ambient,  293 K:  8.079E-06
                                  500 K:  1.310E-05
                                 1000 K:  2.234E-05
                                 1500 K:  2.955E-05
                                 2000 K:  3.574E-05
   Therm. Cond. (W/m/K) Ambient,  293 K:  1.821E-02
                                  500 K:  4.581E-02
                                 1000 K:  1.212E-01
                                 1500 K:  1.890E-01
                                 2000 K:  2.465E-01
        Enthalpy (J/kg) Ambient,  293 K: -2.382E+06
                                  500 K: -1.946E+06
                                 1000 K: -2.769E+05
                                 1500 K:  1.900E+06
                                 2000 K:  4.336E+06
    Spec. Heat (J/kg/K) Ambient,  293 K:  1.646E+03
                                  500 K:  2.553E+03
                                 1000 K:  3.960E+03
                                 1500 K:  4.669E+03
                                 2000 K:  5.034E+03
   Diff. Coeff. (m^2/s) Ambient,  293 K:  1.110E-05
                                  500 K:  2.862E-05
                                 1000 K:  9.316E-05
                                 1500 K:  1.833E-04
                                 2000 K:  2.954E-04
     Gibbs Energy Amb. (kJ/mol),  293 K: -1.839E+02
                                  500 K: -2.447E+02
                                 1000 K: -4.295E+02
                                 1500 K: -6.584E+02
                                 2000 K: -9.217E+02

   PRODUCTS
   Molecular Weight (g/mol)            27.95587
   Ambient Density (kg/m^3)            1.162
   Initial Mass Fraction               0.000
   Enthalpy of Formation (J/kg)     -2.995E+06

   Sub Species                    Mass Fraction     Mole Fraction
   NITROGEN                       7.147554E-01      7.132876E-01
   CARBON DIOXIDE                 1.725275E-01      1.095936E-01
   WATER VAPOR                    1.078359E-01      1.673383E-01
   CARBON MONOXIDE                1.188999E-03      1.186697E-03
   SOOT                           3.692154E-03      8.593786E-03
   HYDROGEN CYANIDE               0.000000E+00      0.000000E+00
 
     Viscosity (kg/m/s) Ambient,  293 K:  1.608E-05
                                  500 K:  2.383E-05
                                 1000 K:  3.887E-05
                                 1500 K:  5.136E-05
                                 2000 K:  6.238E-05
   Therm. Cond. (W/m/K) Ambient,  293 K:  2.337E-02
                                  500 K:  3.616E-02
                                 1000 K:  6.719E-02
                                 1500 K:  9.649E-02
                                 2000 K:  1.228E-01
        Enthalpy (J/kg) Ambient,  293 K: -3.000E+06
                                  500 K: -2.769E+06
                                 1000 K: -2.156E+06
                                 1500 K: -1.476E+06
                                 2000 K: -7.536E+05
    Spec. Heat (J/kg/K) Ambient,  293 K:  1.092E+03
                                  500 K:  1.146E+03
                                 1000 K:  1.302E+03
                                 1500 K:  1.410E+03
                                 2000 K:  1.473E+03
   Diff. Coeff. (m^2/s) Ambient,  293 K:  1.958E-05
                                  500 K:  4.972E-05
                                 1000 K:  1.606E-04
                                 1500 K:  3.159E-04
                                 2000 K:  5.096E-04
     Gibbs Energy Amb. (kJ/mol),  293 K: -1.511E+02
                                  500 K: -1.931E+02
                                 1000 K: -3.051E+02
                                 1500 K: -4.268E+02
                                 2000 K: -5.552E+02

   HYDROGEN FLUORIDE
   Molecular Weight (g/mol)            20.00634
   Ambient Density (kg/m^3)            0.832
   Initial Mass Fraction               0.000
   Enthalpy of Formation (J/kg)     -1.366E+07

   Sub Species                    Mass Fraction     Mole Fraction
   HYDROGEN FLUORIDE              1.000000E+00      1.000000E+00
 
     Viscosity (kg/m/s) Ambient,  293 K:  1.217E-05
                                  500 K:  2.059E-05
                                 1000 K:  3.675E-05
                                 1500 K:  4.948E-05
                                 2000 K:  6.031E-05
   Therm. Cond. (W/m/K) Ambient,  293 K:  2.496E-02
                                  500 K:  4.228E-02
                                 1000 K:  7.805E-02
                                 1500 K:  1.124E-01
                                 2000 K:  1.447E-01
        Enthalpy (J/kg) Ambient,  293 K: -1.367E+07
                                  500 K: -1.337E+07
                                 1000 K: -1.263E+07
                                 1500 K: -1.185E+07
                                 2000 K: -1.102E+07
    Spec. Heat (J/kg/K) Ambient,  293 K:  1.456E+03
                                  500 K:  1.458E+03
                                 1000 K:  1.508E+03
                                 1500 K:  1.612E+03
                                 2000 K:  1.703E+03
   Diff. Coeff. (m^2/s) Ambient,  293 K:  2.094E-05
                                  500 K:  5.488E-05
                                 1000 K:  1.804E-04
                                 1500 K:  3.561E-04
                                 2000 K:  5.745E-04
     Gibbs Energy Amb. (kJ/mol),  293 K: -3.242E+02
                                  500 K: -3.618E+02
                                 1000 K: -4.619E+02
                                 1500 K: -5.699E+02
                                 2000 K: -6.833E+02

   HYDROGEN
   Molecular Weight (g/mol)             2.01588
   Ambient Density (kg/m^3)            0.084
   Initial Mass Fraction               0.000
   Enthalpy of Formation (J/kg)      0.000E+00

   Sub Species                    Mass Fraction     Mole Fraction
   HYDROGEN                       1.000000E+00      1.000000E+00
 
     Viscosity (kg/m/s) Ambient,  293 K:  8.741E-06
                                  500 K:  1.251E-05
                                 1000 K:  1.963E-05
                                 1500 K:  2.554E-05
                                 2000 K:  3.078E-05
   Therm. Cond. (W/m/K) Ambient,  293 K:  1.810E-01
                                  500 K:  2.631E-01
                                 1000 K:  4.264E-01
                                 1500 K:  5.932E-01
                                 2000 K:  7.585E-01
        Enthalpy (J/kg) Ambient,  293 K: -7.148E+04
                                  500 K:  2.918E+06
                                 1000 K:  1.026E+07
                                 1500 K:  1.800E+07
                                 2000 K:  2.627E+07
    Spec. Heat (J/kg/K) Ambient,  293 K:  1.429E+04
                                  500 K:  1.451E+04
                                 1000 K:  1.498E+04
                                 1500 K:  1.602E+04
                                 2000 K:  1.700E+04
   Diff. Coeff. (m^2/s) Ambient,  293 K:  7.267E-05
                                  500 K:  1.799E-04
                                 1000 K:  5.707E-04
                                 1500 K:  1.117E-03
                                 2000 K:  1.799E-03
     Gibbs Energy Amb. (kJ/mol),  293 K: -3.829E+01
                                  500 K: -6.699E+01
                                 1000 K: -1.455E+02
                                 1500 K: -2.320E+02
                                 2000 K: -3.239E+02


 Gas Phase Reaction Information

   Solver Details:  

      ODE Solver:  EXPLICIT EULER

      Fuel                                           Heat of Combustion (kJ/kg)
      PROPANE                                                        44209.6414
      EPUMO2:                                                        12776.2374

      Primitive Species Stoich. Coeff.
      Species ID                                                          Molar
      OXYGEN                                                          -4.768434
      CARBON DIOXIDE                                                   2.753478
      WATER VAPOR                                                      4.000000
      CARBON MONOXIDE                                                  0.029911
      SOOT                                                             0.216610
      PROPANE                                                         -1.000000

      Tracked (Lumped) Species Stoich. Coeff.
      Species ID                                             Molar         Mass
      AIR                                               -22.973892   -14.979832
      PROPANE                                            -1.000000    -1.000000
      PRODUCTS                                           25.205458    15.979832

      Reaction Kinetics

      Fast chemistry

      Extinction Model:  EXTINCTION 1
      Auto-Ignition Temperature (C):            -273.1
      Critical Flame Temperature (C):           1447.0

      Prescribed Radiative Fraction:             0.290


 Material Information

   1 STEEL
     Emissivity:                                  0.900
     Density (kg/m3):                            7850.0
     Specific Heat (kJ/kg/K) Ambient,  293 K:  4.600E-01
                                       350 K:  4.600E-01
                                       500 K:  4.600E-01
                                       800 K:  4.600E-01
     Therm. Cond. (W/m/K) Ambient,     293 K:  4.580E+01
                                       350 K:  4.580E+01
                                       500 K:  4.580E+01
                                       800 K:  4.580E+01
     Enthalpy (kJ/kg) Ambient,         293 K:  1.348E+02
                                       350 K:  1.610E+02
                                       500 K:  2.300E+02
                                       800 K:  3.680E+02


 Surface Conditions

   0 INERT (DEFAULT)

   1 CABINET_SURF
     Material List
          1  STEEL
     Layer  1
        Thickness   (m):  0.00200
        Density (kg/m3):  7850.00
        STEEL, Mass fraction:    1.00
     Reaction products considered from the first -1.00 layers.
     Total surface density    15.700 kg/m2
     Solid Phase Node, Layer, Coordinates(m):
                    0      1       0.0000000
                    1      1       0.0020000
     Exposed Backing

   2 CONCRETE

   3 TR_FIRE_SURF
     HRR Per Unit Area (kW/m2)     419580.0
     PROPANE Mass Flux (kg/s/m2)   9.491E+00
     HYDROGEN FLUORIDE Mass Flux (kg/s/m2)   1.810E-04
     HYDROGEN Mass Flux (kg/s/m2)   9.060E-05

   4 EXHAUST_VENT
     Normal Velocity (m/s)         0.390
     AIR Mass Fraction         1.000

   5 OPEN
     Passive Vent to Atmosphere

   6 MIRROR
     Symmetry Plane

   7 INTERPOLATED

   8 PERIODIC

   9 HVAC

  10 MASSLESS TRACER

  11 DROPLET

  12 MASSLESS TARGET

  13 PERIODIC FLOW ONLY


 Lagrangian Particle Classes


 Cut-off Density and Temperature

    Minimum Temperature:  -259.1 C
    Maximum Temperature:  2726.8 C
    Minimum Density:  1.638E-02 kg/m3
    Maximum Density:  7.677E+01 kg/m3


 Device Information

   1 ID: H2_SENSOR_CAB4
     QUANTITY: MASS FRACTION
     Species ID: HYDROGEN
     Coordinates (X,Y,Z):    3.300000E+00    1.500000E+00    2.800000E+00
     TEMPORAL STATISTIC: TIME AVERAGE
   2 ID: HF_NORTH_AISLE_BZ
     QUANTITY: MASS FRACTION
     Species ID: HYDROGEN FLUORIDE
     Coordinates (X,Y,Z):    3.750000E+00    3.300000E+00    1.500000E+00
     TEMPORAL STATISTIC: TIME AVERAGE
   3 ID: HF_DOOR_BZ
     QUANTITY: MASS FRACTION
     Species ID: HYDROGEN FLUORIDE
     Coordinates (X,Y,Z):    7.200000E+00    4.500000E+00    1.500000E+00
     TEMPORAL STATISTIC: TIME AVERAGE
   4 ID: HF_CEILING_CAB4
     QUANTITY: MASS FRACTION
     Species ID: HYDROGEN FLUORIDE
     Coordinates (X,Y,Z):    3.750000E+00    1.500000E+00    2.800000E+00
     TEMPORAL STATISTIC: TIME AVERAGE
   5 ID: TEMP_PLUME_CAB4
     QUANTITY: TEMPERATURE
     Coordinates (X,Y,Z):    3.300000E+00    1.500000E+00    2.500000E+00
     TEMPORAL STATISTIC: TIME AVERAGE
   6 ID: TOTAL_HRR
     QUANTITY: HRRPUV
     Coordinates (X,Y,Z):    3.750000E+00    2.500000E+00    1.500000E+00
     SPATIAL STATISTIC: VOLUME INTEGRAL
     TEMPORAL STATISTIC: TIME AVERAGE


 Slice File Information, Mesh     1

   1 Nodes:   0  24   0  33  10  10, Quantity: HYDROGEN FLUORIDE MASS FRACTION
   2 Nodes:   0  24   0  33  10  10, Quantity: TEMPERATURE
   3 Nodes:   0  24   0  33  10  10, Quantity: U-VELOCITY
   4 Nodes:   0  24   0  33  18  18, Quantity: HYDROGEN FLUORIDE MASS FRACTION
   5 Nodes:   0  24   0  33  18  18, Quantity: TEMPERATURE
   6 Nodes:   0  24  10  10   0  20, Quantity: HYDROGEN FLUORIDE MASS FRACTION
   7 Nodes:   0  24  10  10   0  20, Quantity: TEMPERATURE
   8 Nodes:   0  24  10  10   0  20, Quantity: U-VELOCITY
   9 Nodes:  21  21   0  33   0  20, Quantity: HYDROGEN FLUORIDE MASS FRACTION
  10 Nodes:  21  21   0  33   0  20, Quantity: TEMPERATURE
  11 Nodes:  21  21   0  33   0  20, Quantity: HRRPUV
  12 Nodes:   0  24   0  33  10  10, Quantity: HYDROGEN MASS FRACTION
  13 Nodes:   0  24   0  33  18  18, Quantity: HYDROGEN MASS FRACTION


 Boundary File Information

   1 Quantity: WALL TEMPERATURE
   2 Quantity: TOTAL HEAT FLUX


 Radiation Model Information

   Number of control angles  104
   Time step increment         3
   Angle increment             5
   Theta band N_phi   Solid angle
     1:        4     0.120
     2:       12     0.114
     3:       16     0.127
     4:       20     0.120
     5:       20     0.120
     6:       16     0.127
     7:       12     0.114
     8:        4     0.120
   Using gray gas absorption.
   Mean beam length  1.000E-01 m


 Pressure Zone Information

   1 Volume: 1.0122E+02 m3, Cells: 29100, Mesh: 2, Indices: (25,33,20)
 
 

 Run Time Diagnostics

       Time Step        1   May 17, 2026  09:14:30
       Step Size:  0.100E-01 s, Total Time:    0.01000 s
       Pressure Iterations: 1
       Maximum Velocity Error:  0.29E-02 on Mesh 2 at (0,18,10)
       Maximum Pressure Error:  0.28E-02 on Mesh 1 at (1,15,20)
       ---------------------------------------------------------------
       Mesh    1
       Max CFL number:  0.17E-02 at (11,23,3)
       Max divergence:  0.31E-04 at (4,20,2)
       Min divergence:  0.17E-04 at (1,33,20)
       Max VN number :  0.23E-02 at (16,25,20)
       Mesh    2
       Max CFL number:  0.16E-02 at (8,8,12)
       Max divergence:  0.31E-04 at (7,2,2)
       Min divergence:  0.18E-04 at (1,1,20)
       Max VN number :  0.19E-02 at (19,14,3)
 
       Time Step        2   May 17, 2026  09:14:30
       Step Size:  0.100E-01 s, Total Time:    0.02000 s
       Pressure Iterations: 1
       Maximum Velocity Error:  0.14E-02 on Mesh 1 at (19,16,15)
       Maximum Pressure Error:  0.42E-03 on Mesh 1 at (1,19,20)
       ---------------------------------------------------------------
       Mesh    1
       Max CFL number:  0.17E-02 at (11,23,3)
       Max divergence:  0.59E-04 at (4,20,2)
       Min divergence:  0.50E-04 at (1,1,20)
       Max VN number :  0.23E-02 at (16,25,20)
       Mesh    2
       Max CFL number:  0.16E-02 at (8,8,12)
       Max divergence:  0.59E-04 at (7,2,2)
       Min divergence:  0.51E-04 at (25,33,20)
       Max VN number :  0.16E-02 at (5,4,1)
 
       Time Step        3   May 17, 2026  09:14:30
       Step Size:  0.100E-01 s, Total Time:    0.03000 s
       Pressure Iterations: 1
       Maximum Velocity Error:  0.14E-02 on Mesh 2 at (0,19,3)
       Maximum Pressure Error:  0.19E-03 on Mesh 1 at (1,14,14)
       ---------------------------------------------------------------
       Mesh    1
       Max CFL number:  0.17E-02 at (11,23,3)
       Max divergence:  0.88E-04 at (4,20,2)
       Min divergence:  0.79E-04 at (1,1,20)
       Max VN number :  0.23E-02 at (16,25,20)
       Mesh    2
       Max CFL number:  0.17E-02 at (17,16,20)
       Max divergence:  0.88E-04 at (7,2,2)
       Min divergence:  0.80E-04 at (25,33,20)
       Max VN number :  0.16E-02 at (5,4,1)
 
       Time Step        4   May 17, 2026  09:14:31
       Step Size:  0.100E-01 s, Total Time:    0.04000 s
       Pressure Iterations: 1
       Maximum Velocity Error:  0.90E-03 on Mesh 2 at (0,16,8)
       Maximum Pressure Error:  0.14E-03 on Mesh 1 at (1,33,20)
       ---------------------------------------------------------------
       Mesh    1
       Max CFL number:  0.17E-02 at (9,17,20)
       Max divergence:  0.12E-03 at (4,20,2)
       Min divergence:  0.11E-03 at (1,33,20)
       Max VN number :  0.23E-02 at (16,25,20)
       Mesh    2
       Max CFL number:  0.18E-02 at (17,16,20)
       Max divergence:  0.12E-03 at (7,2,2)
       Min divergence:  0.11E-03 at (25,1,20)
       Max VN number :  0.16E-02 at (5,4,1)
 
       Time Step        5   May 17, 2026  09:14:31
       Step Size:  0.100E-01 s, Total Time:    0.05000 s
       Pressure Iterations: 1
       Maximum Velocity Error:  0.68E-03 on Mesh 2 at (0,18,11)
       Maximum Pressure Error:  0.13E-03 on Mesh 1 at (1,33,20)
       ---------------------------------------------------------------
       Mesh    1
       Max CFL number:  0.19E-02 at (8,18,20)
       Max divergence:  0.15E-03 at (4,20,2)
       Min divergence:  0.14E-03 at (1,33,20)
       Max VN number :  0.23E-02 at (16,25,20)
       Mesh    2
       Max CFL number:  0.20E-02 at (17,16,20)
       Max divergence:  0.14E-03 at (7,2,2)
       Min divergence:  0.14E-03 at (25,1,20)
       Max VN number :  0.16E-02 at (5,4,1)
 
       Time Step        6   May 17, 2026  09:14:31
       Step Size:  0.100E-01 s, Total Time:    0.06000 s
       Pressure Iterations: 1
       Maximum Velocity Error:  0.60E-03 on Mesh 2 at (0,16,1)
       Maximum Pressure Error:  0.11E-03 on Mesh 1 at (1,33,20)
       ---------------------------------------------------------------
       Mesh    1
       Max CFL number:  0.22E-02 at (8,18,20)
       Max divergence:  0.17E-03 at (4,20,2)
       Min divergence:  0.17E-03 at (1,33,20)
       Max VN number :  0.23E-02 at (16,25,20)
       Mesh    2
       Max CFL number:  0.21E-02 at (17,16,20)
       Max divergence:  0.17E-03 at (7,2,2)
       Min divergence:  0.17E-03 at (25,1,20)
       Max VN number :  0.16E-02 at (20,17,20)
 
       Time Step        7   May 17, 2026  09:14:31
       Step Size:  0.100E-01 s, Total Time:    0.07000 s
       Pressure Iterations: 1
       Maximum Velocity Error:  0.40E-03 on Mesh 2 at (0,16,8)
       Maximum Pressure Error:  0.77E-04 on Mesh 1 at (1,33,20)
       ---------------------------------------------------------------
       Mesh    1
       Max CFL number:  0.25E-02 at (8,18,20)
       Max divergence:  0.20E-03 at (4,20,2)
       Min divergence:  0.19E-03 at (1,33,20)
       Max VN number :  0.23E-02 at (16,25,20)
       Mesh    2
       Max CFL number:  0.23E-02 at (17,15,20)
       Max divergence:  0.20E-03 at (17,16,19)
       Min divergence:  0.20E-03 at (25,33,20)
       Max VN number :  0.16E-02 at (5,4,1)
 
       Time Step        8   May 17, 2026  09:14:31
       Step Size:  0.100E-01 s, Total Time:    0.08000 s
       Pressure Iterations: 1
       Maximum Velocity Error:  0.49E-03 on Mesh 2 at (0,17,8)
       Maximum Pressure Error:  0.48E-04 on Mesh 1 at (1,33,20)
       ---------------------------------------------------------------
       Mesh    1
       Max CFL number:  0.28E-02 at (10,18,20)
       Max divergence:  0.23E-03 at (9,17,19)
       Min divergence:  0.22E-03 at (1,33,20)
       Max VN number :  0.23E-02 at (16,25,20)
       Mesh    2
       Max CFL number:  0.26E-02 at (17,15,20)
       Max divergence:  0.23E-03 at (17,16,19)
       Min divergence:  0.22E-03 at (25,33,20)
       Max VN number :  0.16E-02 at (5,4,1)
 
       Time Step        9   May 17, 2026  09:14:31
       Step Size:  0.100E-01 s, Total Time:    0.09000 s
       Pressure Iterations: 1
       Maximum Velocity Error:  0.46E-03 on Mesh 2 at (0,17,8)
       Maximum Pressure Error:  0.33E-04 on Mesh 1 at (1,1,20)
       ---------------------------------------------------------------
       Mesh    1
       Max CFL number:  0.31E-02 at (10,18,20)
       Max divergence:  0.26E-03 at (9,17,19)
       Min divergence:  0.25E-03 at (1,33,20)
       Max VN number :  0.23E-02 at (16,25,20)
       Mesh    2
       Max CFL number:  0.29E-02 at (17,15,20)
       Max divergence:  0.26E-03 at (17,16,19)
       Min divergence:  0.25E-03 at (25,33,20)
       Max VN number :  0.16E-02 at (5,4,1)
 
       Time Step       10   May 17, 2026  09:14:32
       Step Size:  0.100E-01 s, Total Time:    0.10000 s
       Pressure Iterations: 1
       Maximum Velocity Error:  0.39E-03 on Mesh 2 at (0,16,9)
       Maximum Pressure Error:  0.30E-04 on Mesh 1 at (1,1,20)
       ---------------------------------------------------------------
       Mesh    1
       Max CFL number:  0.34E-02 at (10,18,20)
       Max divergence:  0.29E-03 at (9,17,19)
       Min divergence:  0.28E-03 at (1,1,20)
       Max VN number :  0.23E-02 at (16,25,20)
       Mesh    2
       Max CFL number:  0.32E-02 at (17,15,20)
       Max divergence:  0.29E-03 at (17,16,19)
       Min divergence:  0.28E-03 at (25,33,20)
       Max VN number :  0.16E-02 at (5,4,1)
 
       Time Step       20   May 17, 2026  09:14:33
       Step Size:  0.100E-01 s, Total Time:    0.20000 s
       Pressure Iterations: 1
       Maximum Velocity Error:  0.17E-03 on Mesh 2 at (0,17,2)
       Maximum Pressure Error:  0.13E-04 on Mesh 2 at (1,1,20)
       ---------------------------------------------------------------
       Mesh    1
       Max CFL number:  0.64E-02 at (10,18,20)
       Max divergence:  0.57E-03 at (9,17,19)
       Min divergence:  0.56E-03 at (1,1,20)
       Max VN number :  0.24E-02 at (16,25,20)
       Mesh    2
       Max CFL number:  0.62E-02 at (16,15,20)
       Max divergence:  0.57E-03 at (17,16,19)
       Min divergence:  0.56E-03 at (25,1,20)
       Max VN number :  0.16E-02 at (5,4,1)
 
       Time Step       30   May 17, 2026  09:14:35
       Step Size:  0.100E-01 s, Total Time:    0.30000 s
       Pressure Iterations: 1
       Maximum Velocity Error:  0.98E-04 on Mesh 2 at (0,16,1)
       Maximum Pressure Error:  0.80E-05 on Mesh 2 at (2,14,15)
       ---------------------------------------------------------------
       Mesh    1
       Max CFL number:  0.94E-02 at (10,18,20)
       Max divergence:  0.84E-03 at (9,17,19)
       Min divergence:  0.83E-03 at (8,25,19)
       Max VN number :  0.24E-02 at (16,25,20)
       Mesh    2
       Max CFL number:  0.91E-02 at (16,15,20)
       Max divergence:  0.84E-03 at (17,16,19)
       Min divergence:  0.83E-03 at (3,7,19)
       Max VN number :  0.18E-02 at (16,15,20)
 
       Time Step       40   May 17, 2026  09:14:36
       Step Size:  0.100E-01 s, Total Time:    0.40000 s
       Pressure Iterations: 1
       Maximum Velocity Error:  0.79E-04 on Mesh 1 at (24,20,1)
       Maximum Pressure Error:  0.13E-04 on Mesh 2 at (2,19,1)
       ---------------------------------------------------------------
       Mesh    1
       Max CFL number:  0.12E-01 at (10,18,20)
       Max divergence:  0.11E-02 at (9,17,19)
       Min divergence:  0.11E-02 at (8,25,19)
       Max VN number :  0.24E-02 at (16,25,20)
       Mesh    2
       Max CFL number:  0.12E-01 at (16,15,20)
       Max divergence:  0.11E-02 at (17,16,19)
       Min divergence:  0.11E-02 at (3,7,19)
       Max VN number :  0.23E-02 at (16,15,20)
 
       Time Step       50   May 17, 2026  09:14:38
       Step Size:  0.100E-01 s, Total Time:    0.50000 s
       Pressure Iterations: 1
       Maximum Velocity Error:  0.65E-04 on Mesh 1 at (24,1,1)
       Maximum Pressure Error:  0.13E-04 on Mesh 1 at (8,19,15)
       ---------------------------------------------------------------
       Mesh    1
       Max CFL number:  0.15E-01 at (10,18,20)
       Max divergence:  0.13E-02 at (9,17,19)
       Min divergence:  0.13E-02 at (14,8,2)
       Max VN number :  0.27E-02 at (10,18,20)
       Mesh    2
       Max CFL number:  0.14E-01 at (16,15,20)
       Max divergence:  0.13E-02 at (17,16,19)
       Min divergence:  0.13E-02 at (3,7,19)
       Max VN number :  0.27E-02 at (16,15,20)
 
       Time Step       60   May 17, 2026  09:14:39
       Step Size:  0.100E-01 s, Total Time:    0.60000 s
       Pressure Iterations: 1
       Maximum Velocity Error:  0.44E-04 on Mesh 1 at (24,33,20)
       Maximum Pressure Error:  0.19E-04 on Mesh 1 at (8,14,15)
       ---------------------------------------------------------------
       Mesh    1
       Max CFL number:  0.17E-01 at (10,18,20)
       Max divergence:  0.15E-02 at (9,17,19)
       Min divergence:  0.15E-02 at (14,8,2)
       Max VN number :  0.31E-02 at (10,18,20)
       Mesh    2
       Max CFL number:  0.17E-01 at (16,15,20)
       Max divergence:  0.15E-02 at (17,16,19)
       Min divergence:  0.15E-02 at (3,7,19)
       Max VN number :  0.31E-02 at (16,15,20)
 
       Time Step       70   May 17, 2026  09:14:40
       Step Size:  0.100E-01 s, Total Time:    0.70000 s
       Pressure Iterations: 1
       Maximum Velocity Error:  0.61E-04 on Mesh 1 at (24,33,1)
       Maximum Pressure Error:  0.30E-04 on Mesh 2 at (18,14,15)
       ---------------------------------------------------------------
       Mesh    1
       Max CFL number:  0.19E-01 at (10,18,20)
       Max divergence:  0.17E-02 at (9,17,19)
       Min divergence:  0.17E-02 at (14,8,2)
       Max VN number :  0.35E-02 at (10,18,20)
       Mesh    2
       Max CFL number:  0.19E-01 at (16,15,20)
       Max divergence:  0.17E-02 at (17,16,19)
       Min divergence:  0.17E-02 at (3,7,19)
       Max VN number :  0.35E-02 at (16,15,20)
 
       Time Step       80   May 17, 2026  09:14:42
       Step Size:  0.100E-01 s, Total Time:    0.80000 s
       Pressure Iterations: 1
       Maximum Velocity Error:  0.49E-04 on Mesh 1 at (24,1,1)
       Maximum Pressure Error:  0.32E-04 on Mesh 1 at (8,19,15)
       ---------------------------------------------------------------
       Mesh    1
       Max CFL number:  0.21E-01 at (10,18,20)
       Max divergence:  0.19E-02 at (9,17,19)
       Min divergence:  0.19E-02 at (14,8,2)
       Max VN number :  0.38E-02 at (10,18,20)
       Mesh    2
       Max CFL number:  0.21E-01 at (16,15,20)
       Max divergence:  0.19E-02 at (17,16,19)
       Min divergence:  0.19E-02 at (3,7,19)
       Max VN number :  0.38E-02 at (16,15,20)
 
       Time Step       90   May 17, 2026  09:14:43
       Step Size:  0.100E-01 s, Total Time:    0.90000 s
       Pressure Iterations: 1
       Maximum Velocity Error:  0.53E-04 on Mesh 1 at (24,13,1)
       Maximum Pressure Error:  0.44E-04 on Mesh 1 at (8,19,15)
       ---------------------------------------------------------------
       Mesh    1
       Max CFL number:  0.23E-01 at (10,18,20)
       Max divergence:  0.21E-02 at (9,17,19)
       Min divergence:  0.20E-02 at (14,8,2)
       Max VN number :  0.41E-02 at (10,18,20)
       Mesh    2
       Max CFL number:  0.22E-01 at (16,15,20)
       Max divergence:  0.21E-02 at (17,16,19)
       Min divergence:  0.20E-02 at (2,8,2)
       Max VN number :  0.40E-02 at (16,15,20)
 
       Time Step      100   May 17, 2026  09:14:44
       Step Size:  0.100E-01 s, Total Time:    1.00000 s
       Pressure Iterations: 1
       Maximum Velocity Error:  0.51E-04 on Mesh 1 at (24,33,1)
       Maximum Pressure Error:  0.53E-04 on Mesh 1 at (8,14,15)
       ---------------------------------------------------------------
       Mesh    1
       Max CFL number:  0.24E-01 at (10,18,20)
       Max divergence:  0.22E-02 at (9,17,19)
       Min divergence:  0.22E-02 at (14,8,2)
       Max VN number :  0.43E-02 at (10,18,20)
       Mesh    2
       Max CFL number:  0.24E-01 at (16,15,20)
       Max divergence:  0.22E-02 at (17,16,19)
       Min divergence:  0.22E-02 at (2,8,2)
       Max VN number :  0.43E-02 at (16,15,20)
 
       Time Step      200   May 17, 2026  09:14:57
       Step Size:  0.100E-01 s, Total Time:    2.00000 s
       Pressure Iterations: 1
       Maximum Velocity Error:  0.53E-04 on Mesh 1 at (24,33,1)
       Maximum Pressure Error:  0.13E-03 on Mesh 2 at (2,19,1)
       ---------------------------------------------------------------
       Mesh    1
       Max CFL number:  0.30E-01 at (10,18,20)
       Max divergence:  0.28E-02 at (7,16,1)
       Min divergence:  0.28E-02 at (7,3,19)
       Max VN number :  0.52E-02 at (10,18,20)
       Mesh    2
       Max CFL number:  0.30E-01 at (16,18,20)
       Max divergence:  0.28E-02 at (1,16,1)
       Min divergence:  0.28E-02 at (21,2,19)
       Max VN number :  0.52E-02 at (16,18,20)
 
       Time Step      300   May 17, 2026  09:15:10
       Step Size:  0.100E-01 s, Total Time:    3.00000 s
       Pressure Iterations: 1
       Maximum Velocity Error:  0.53E-04 on Mesh 1 at (24,33,1)
       Maximum Pressure Error:  0.23E-03 on Mesh 2 at (2,19,1)
       ---------------------------------------------------------------
       Mesh    1
       Max CFL number:  0.31E-01 at (10,18,20)
       Max divergence:  0.29E-02 at (7,17,1)
       Min divergence:  0.28E-02 at (10,18,20)
       Max VN number :  0.53E-02 at (10,18,20)
       Mesh    2
       Max CFL number:  0.31E-01 at (16,18,20)
       Max divergence:  0.29E-02 at (1,16,1)
       Min divergence:  0.28E-02 at (16,18,20)
       Max VN number :  0.54E-02 at (16,18,20)
 
       Time Step      400   May 17, 2026  09:15:22
       Step Size:  0.100E-01 s, Total Time:    4.00000 s
       Pressure Iterations: 1
       Maximum Velocity Error:  0.53E-04 on Mesh 1 at (24,20,1)
       Maximum Pressure Error:  0.33E-03 on Mesh 2 at (2,19,1)
       ---------------------------------------------------------------
       Mesh    1
       Max CFL number:  0.31E-01 at (10,15,20)
       Max divergence:  0.29E-02 at (7,17,1)
       Min divergence:  0.28E-02 at (10,18,20)
       Max VN number :  0.53E-02 at (10,18,20)
       Mesh    2
       Max CFL number:  0.31E-01 at (16,18,20)
       Max divergence:  0.30E-02 at (1,17,1)
       Min divergence:  0.28E-02 at (16,18,20)
       Max VN number :  0.54E-02 at (16,18,20)
 
       Time Step      500   May 17, 2026  09:15:37
       Step Size:  0.100E-01 s, Total Time:    5.00000 s
       Pressure Iterations: 1
       Maximum Velocity Error:  0.53E-04 on Mesh 1 at (24,13,1)
       Maximum Pressure Error:  0.43E-03 on Mesh 2 at (2,19,1)
       ---------------------------------------------------------------
       Mesh    1
       Max CFL number:  0.31E-01 at (10,15,20)
       Max divergence:  0.30E-02 at (7,17,1)
       Min divergence:  0.28E-02 at (10,15,20)
       Max VN number :  0.53E-02 at (10,15,20)
       Mesh    2
       Max CFL number:  0.31E-01 at (16,18,20)
       Max divergence:  0.30E-02 at (7,16,1)
       Min divergence:  0.28E-02 at (16,15,20)
       Max VN number :  0.53E-02 at (16,18,20)
 
       Time Step      600   May 17, 2026  09:15:49
       Step Size:  0.100E-01 s, Total Time:    6.00000 s
       Pressure Iterations: 1
       Maximum Velocity Error:  0.54E-04 on Mesh 1 at (24,13,1)
       Maximum Pressure Error:  0.54E-03 on Mesh 2 at (2,19,1)
       ---------------------------------------------------------------
       Mesh    1
       Max CFL number:  0.31E-01 at (10,15,20)
       Max divergence:  0.30E-02 at (19,17,1)
       Min divergence:  0.28E-02 at (10,15,20)
       Max VN number :  0.53E-02 at (10,15,20)
       Mesh    2
       Max CFL number:  0.31E-01 at (16,15,20)
       Max divergence:  0.30E-02 at (7,16,1)
       Min divergence:  0.28E-02 at (16,18,20)
       Max VN number :  0.53E-02 at (16,18,20)
 
       Time Step      700   May 17, 2026  09:16:02
       Step Size:  0.100E-01 s, Total Time:    7.00000 s
       Pressure Iterations: 1
       Maximum Velocity Error:  0.54E-04 on Mesh 1 at (24,13,1)
       Maximum Pressure Error:  0.64E-03 on Mesh 2 at (2,19,1)
       ---------------------------------------------------------------
       Mesh    1
       Max CFL number:  0.31E-01 at (10,15,20)
       Max divergence:  0.31E-02 at (19,17,1)
       Min divergence:  0.28E-02 at (7,18,20)
       Max VN number :  0.53E-02 at (10,15,20)
       Mesh    2
       Max CFL number:  0.31E-01 at (16,18,20)
       Max divergence:  0.31E-02 at (7,16,1)
       Min divergence:  0.28E-02 at (19,18,20)
       Max VN number :  0.53E-02 at (16,15,20)
 
       Time Step      800   May 17, 2026  09:16:15
       Step Size:  0.100E-01 s, Total Time:    8.00000 s
       Pressure Iterations: 1
       Maximum Velocity Error:  0.54E-04 on Mesh 1 at (24,13,1)
       Maximum Pressure Error:  0.75E-03 on Mesh 2 at (2,19,1)
       ---------------------------------------------------------------
       Mesh    1
       Max CFL number:  0.31E-01 at (10,15,20)
       Max divergence:  0.31E-02 at (19,19,1)
       Min divergence:  0.28E-02 at (7,18,20)
       Max VN number :  0.54E-02 at (7,18,20)
       Mesh    2
       Max CFL number:  0.31E-01 at (16,18,20)
       Max divergence:  0.31E-02 at (7,17,1)
       Min divergence:  0.28E-02 at (19,18,20)
       Max VN number :  0.53E-02 at (16,15,20)
 
       Time Step      900   May 17, 2026  09:16:26
       Step Size:  0.100E-01 s, Total Time:    9.00000 s
       Pressure Iterations: 1
       Maximum Velocity Error:  0.54E-04 on Mesh 1 at (24,13,1)
       Maximum Pressure Error:  0.86E-03 on Mesh 2 at (2,19,1)
       ---------------------------------------------------------------
       Mesh    1
       Max CFL number:  0.31E-01 at (10,18,20)
       Max divergence:  0.31E-02 at (13,19,1)
       Min divergence:  0.28E-02 at (7,18,20)
       Max VN number :  0.54E-02 at (7,18,20)
       Mesh    2
       Max CFL number:  0.31E-01 at (16,18,20)
       Max divergence:  0.31E-02 at (7,17,1)
       Min divergence:  0.28E-02 at (19,18,20)
       Max VN number :  0.54E-02 at (16,15,20)
 
       Time Step     1000   May 17, 2026  09:16:38
       Step Size:  0.100E-01 s, Total Time:   10.00000 s
       Pressure Iterations: 1
       Maximum Velocity Error:  0.54E-04 on Mesh 1 at (24,13,1)
       Maximum Pressure Error:  0.97E-03 on Mesh 2 at (2,19,1)
       ---------------------------------------------------------------
       Mesh    1
       Max CFL number:  0.31E-01 at (10,18,20)
       Max divergence:  0.32E-02 at (13,19,1)
       Min divergence:  0.28E-02 at (7,15,20)
       Max VN number :  0.54E-02 at (7,18,20)
       Mesh    2
       Max CFL number:  0.31E-01 at (16,18,20)
       Max divergence:  0.32E-02 at (1,14,1)
       Min divergence:  0.28E-02 at (19,18,20)
       Max VN number :  0.54E-02 at (16,15,20)
 
       Time Step     1100   May 17, 2026  09:16:49
       Step Size:  0.100E-01 s, Total Time:   11.00000 s
       Pressure Iterations: 1
       Maximum Velocity Error:  0.55E-04 on Mesh 1 at (24,13,1)
       Maximum Pressure Error:  0.11E-02 on Mesh 2 at (2,19,1)
       ---------------------------------------------------------------
       Mesh    1
       Max CFL number:  0.31E-01 at (10,18,20)
       Max divergence:  0.32E-02 at (19,19,1)
       Min divergence:  0.28E-02 at (7,18,16)
       Max VN number :  0.54E-02 at (7,18,20)
       Mesh    2
       Max CFL number:  0.31E-01 at (16,18,20)
       Max divergence:  0.32E-02 at (1,14,1)
       Min divergence:  0.28E-02 at (19,18,20)
       Max VN number :  0.54E-02 at (16,15,20)
 
       Time Step     1200   May 17, 2026  09:17:01
       Step Size:  0.100E-01 s, Total Time:   12.00000 s
       Pressure Iterations: 1
       Maximum Velocity Error:  0.55E-04 on Mesh 1 at (24,13,1)
       Maximum Pressure Error:  0.12E-02 on Mesh 2 at (2,19,1)
       ---------------------------------------------------------------
       Mesh    1
       Max CFL number:  0.31E-01 at (10,18,20)
       Max divergence:  0.33E-02 at (19,19,1)
       Min divergence:  0.28E-02 at (7,18,16)
       Max VN number :  0.54E-02 at (10,18,20)
       Mesh    2
       Max CFL number:  0.31E-01 at (16,18,20)
       Max divergence:  0.33E-02 at (1,14,1)
       Min divergence:  0.28E-02 at (19,15,20)
       Max VN number :  0.54E-02 at (16,15,20)
 
       Time Step     1300   May 17, 2026  09:17:13
       Step Size:  0.100E-01 s, Total Time:   13.00000 s
       Pressure Iterations: 1
       Maximum Velocity Error:  0.55E-04 on Mesh 1 at (24,1,1)
       Maximum Pressure Error:  0.13E-02 on Mesh 2 at (2,19,1)
       ---------------------------------------------------------------
       Mesh    1
       Max CFL number:  0.31E-01 at (10,18,20)
       Max divergence:  0.33E-02 at (19,19,1)
       Min divergence:  0.28E-02 at (7,18,16)
       Max VN number :  0.54E-02 at (10,18,20)
       Mesh    2
       Max CFL number:  0.31E-01 at (16,18,20)
       Max divergence:  0.33E-02 at (1,14,1)
       Min divergence:  0.28E-02 at (1,19,16)
       Max VN number :  0.54E-02 at (16,18,20)
 
       Time Step     1400   May 17, 2026  09:17:24
       Step Size:  0.100E-01 s, Total Time:   14.00000 s
       Pressure Iterations: 1
       Maximum Velocity Error:  0.55E-04 on Mesh 1 at (24,1,1)
       Maximum Pressure Error:  0.14E-02 on Mesh 2 at (2,19,1)
       ---------------------------------------------------------------
       Mesh    1
       Max CFL number:  0.31E-01 at (10,18,20)
       Max divergence:  0.34E-02 at (19,19,1)
       Min divergence:  0.28E-02 at (7,18,16)
       Max VN number :  0.55E-02 at (12,19,16)
       Mesh    2
       Max CFL number:  0.31E-01 at (16,18,20)
       Max divergence:  0.33E-02 at (1,14,1)
       Min divergence:  0.28E-02 at (1,19,16)
       Max VN number :  0.54E-02 at (16,18,20)
 
       Time Step     1500   May 17, 2026  09:17:37
       Step Size:  0.100E-01 s, Total Time:   15.00000 s
       Pressure Iterations: 1
       Maximum Velocity Error:  0.55E-04 on Mesh 1 at (24,1,1)
       Maximum Pressure Error:  0.15E-02 on Mesh 2 at (18,19,1)
       ---------------------------------------------------------------
       Mesh    1
       Max CFL number:  0.31E-01 at (10,18,20)
       Max divergence:  0.34E-02 at (19,19,1)
       Min divergence:  0.27E-02 at (7,18,16)
       Max VN number :  0.58E-02 at (12,19,16)
       Mesh    2
       Max CFL number:  0.31E-01 at (16,18,20)
       Max divergence:  0.34E-02 at (7,14,1)
       Min divergence:  0.27E-02 at (7,19,16)
       Max VN number :  0.53E-02 at (16,15,20)
 
       Time Step     1600   May 17, 2026  09:17:48
       Step Size:  0.100E-01 s, Total Time:   16.00000 s
       Pressure Iterations: 1
       Maximum Velocity Error:  0.55E-04 on Mesh 1 at (24,1,1)
       Maximum Pressure Error:  0.16E-02 on Mesh 2 at (18,19,1)
       ---------------------------------------------------------------
       Mesh    1
       Max CFL number:  0.31E-01 at (10,15,20)
       Max divergence:  0.35E-02 at (19,19,1)
       Min divergence:  0.27E-02 at (19,14,16)
       Max VN number :  0.57E-02 at (12,19,16)
       Mesh    2
       Max CFL number:  0.31E-01 at (16,18,20)
       Max divergence:  0.35E-02 at (1,14,1)
       Min divergence:  0.27E-02 at (7,19,16)
       Max VN number :  0.53E-02 at (16,15,20)
 
       Time Step     1700   May 17, 2026  09:18:00
       Step Size:  0.100E-01 s, Total Time:   17.00000 s
       Pressure Iterations: 1
       Maximum Velocity Error:  0.56E-04 on Mesh 1 at (24,1,1)
       Maximum Pressure Error:  0.17E-02 on Mesh 2 at (18,19,1)
       ---------------------------------------------------------------
       Mesh    1
       Max CFL number:  0.31E-01 at (10,15,20)
       Max divergence:  0.35E-02 at (19,14,1)
       Min divergence:  0.27E-02 at (19,14,16)
       Max VN number :  0.54E-02 at (10,15,20)
       Mesh    2
       Max CFL number:  0.31E-01 at (16,18,20)
       Max divergence:  0.35E-02 at (1,14,1)
       Min divergence:  0.26E-02 at (1,14,16)
       Max VN number :  0.52E-02 at (16,18,20)
 
       Time Step     1800   May 17, 2026  09:18:11
       Step Size:  0.100E-01 s, Total Time:   18.00000 s
       Pressure Iterations: 1
       Maximum Velocity Error:  0.56E-04 on Mesh 1 at (24,17,20)
       Maximum Pressure Error:  0.19E-02 on Mesh 2 at (18,19,1)
       ---------------------------------------------------------------
       Mesh    1
       Max CFL number:  0.31E-01 at (10,15,20)
       Max divergence:  0.35E-02 at (19,14,1)
       Min divergence:  0.26E-02 at (13,18,17)
       Max VN number :  0.57E-02 at (11,14,16)
       Mesh    2
       Max CFL number:  0.31E-01 at (16,18,20)
       Max divergence:  0.35E-02 at (1,19,1)
       Min divergence:  0.26E-02 at (1,19,17)
       Max VN number :  0.55E-02 at (7,14,2)
 
       Time Step     1900   May 17, 2026  09:18:24
       Step Size:  0.100E-01 s, Total Time:   19.00000 s
       Pressure Iterations: 1
       Maximum Velocity Error:  0.57E-04 on Mesh 1 at (24,17,20)
       Maximum Pressure Error:  0.20E-02 on Mesh 2 at (18,19,1)
       ---------------------------------------------------------------
       Mesh    1
       Max CFL number:  0.31E-01 at (10,15,20)
       Max divergence:  0.36E-02 at (19,14,1)
       Min divergence:  0.25E-02 at (13,18,17)
       Max VN number :  0.70E-02 at (11,14,16)
       Mesh    2
       Max CFL number:  0.31E-01 at (16,18,20)
       Max divergence:  0.36E-02 at (1,19,1)
       Min divergence:  0.25E-02 at (7,18,17)
       Max VN number :  0.61E-02 at (7,15,16)
 
       Time Step     2000   May 17, 2026  09:18:36
       Step Size:  0.100E-01 s, Total Time:   20.00000 s
       Pressure Iterations: 1
       Maximum Velocity Error:  0.61E-04 on Mesh 1 at (24,17,20)
       Maximum Pressure Error:  0.21E-02 on Mesh 2 at (18,19,1)
       ---------------------------------------------------------------
       Mesh    1
       Max CFL number:  0.31E-01 at (10,15,20)
       Max divergence:  0.36E-02 at (19,19,1)
       Min divergence:  0.25E-02 at (19,15,17)
       Max VN number :  0.84E-02 at (11,14,16)
       Mesh    2
       Max CFL number:  0.31E-01 at (16,15,20)
       Max divergence:  0.36E-02 at (1,19,1)
       Min divergence:  0.24E-02 at (7,18,17)
       Max VN number :  0.73E-02 at (1,18,16)
 
       Time Step     2100   May 17, 2026  09:18:46
       Step Size:  0.100E-01 s, Total Time:   21.00000 s
       Pressure Iterations: 1
       Maximum Velocity Error:  0.69E-04 on Mesh 1 at (24,17,20)
       Maximum Pressure Error:  0.22E-02 on Mesh 2 at (18,14,1)
       ---------------------------------------------------------------
       Mesh    1
       Max CFL number:  0.31E-01 at (10,18,20)
       Max divergence:  0.37E-02 at (19,14,1)
       Min divergence:  0.24E-02 at (19,17,18)
       Max VN number :  0.97E-02 at (11,19,16)
       Mesh    2
       Max CFL number:  0.31E-01 at (16,15,20)
       Max divergence:  0.37E-02 at (1,19,1)
       Min divergence:  0.24E-02 at (7,15,18)
       Max VN number :  0.79E-02 at (1,18,16)
 
       Time Step     2200   May 17, 2026  09:18:57
       Step Size:  0.100E-01 s, Total Time:   22.00000 s
       Pressure Iterations: 1
       Maximum Velocity Error:  0.82E-04 on Mesh 1 at (24,16,20)
       Maximum Pressure Error:  0.23E-02 on Mesh 2 at (18,14,1)
       ---------------------------------------------------------------
       Mesh    1
       Max CFL number:  0.32E-01 at (10,18,20)
       Max divergence:  0.37E-02 at (19,19,1)
       Min divergence:  0.23E-02 at (13,18,17)
       Max VN number :  0.12E-01 at (1,19,19)
       Mesh    2
       Max CFL number:  0.31E-01 at (16,15,20)
       Max divergence:  0.37E-02 at (1,19,1)
       Min divergence:  0.23E-02 at (1,16,19)
       Max VN number :  0.90E-02 at (1,17,16)
 
       Time Step     2300   May 17, 2026  09:19:09
       Step Size:  0.100E-01 s, Total Time:   23.00000 s
       Pressure Iterations: 1
       Maximum Velocity Error:  0.82E-04 on Mesh 1 at (24,17,20)
       Maximum Pressure Error:  0.24E-02 on Mesh 2 at (18,14,1)
       ---------------------------------------------------------------
       Mesh    1
       Max CFL number:  0.32E-01 at (10,18,20)
       Max divergence:  0.38E-02 at (19,19,1)
       Min divergence:  0.22E-02 at (13,18,17)
       Max VN number :  0.22E-01 at (1,19,19)
       Mesh    2
       Max CFL number:  0.31E-01 at (16,15,20)
       Max divergence:  0.38E-02 at (7,14,1)
       Min divergence:  0.23E-02 at (7,18,17)
       Max VN number :  0.13E-01 at (6,17,20)
 
       Time Step     2400   May 17, 2026  09:19:21
       Step Size:  0.100E-01 s, Total Time:   24.00000 s
       Pressure Iterations: 1
       Maximum Velocity Error:  0.82E-04 on Mesh 1 at (24,16,20)
       Maximum Pressure Error:  0.26E-02 on Mesh 2 at (2,19,1)
       ---------------------------------------------------------------
       Mesh    1
       Max CFL number:  0.32E-01 at (10,15,20)
       Max divergence:  0.38E-02 at (13,19,1)
       Min divergence:  0.21E-02 at (7,17,17)
       Max VN number :  0.26E-01 at (1,14,19)
       Mesh    2
       Max CFL number:  0.36E-01 at (1,16,16)
       Max divergence:  0.38E-02 at (7,14,1)
       Min divergence:  0.21E-02 at (1,17,16)
       Max VN number :  0.23E-01 at (6,15,20)
 
       Time Step     2500   May 17, 2026  09:19:33
       Step Size:  0.100E-01 s, Total Time:   25.00000 s
       Pressure Iterations: 1
       Maximum Velocity Error:  0.82E-04 on Mesh 1 at (24,16,20)
       Maximum Pressure Error:  0.27E-02 on Mesh 2 at (2,19,1)
       ---------------------------------------------------------------
       Mesh    1
       Max CFL number:  0.32E-01 at (10,15,20)
       Max divergence:  0.39E-02 at (13,19,1)
       Min divergence:  0.19E-02 at (7,17,17)
       Max VN number :  0.27E-01 at (14,18,20)
       Mesh    2
       Max CFL number:  0.42E-01 at (1,16,16)
       Max divergence:  0.39E-02 at (7,14,1)
       Min divergence:  0.17E-02 at (1,16,16)
       Max VN number :  0.23E-01 at (6,14,20)
 
       Time Step     2600   May 17, 2026  09:19:44
       Step Size:  0.100E-01 s, Total Time:   26.00000 s
       Pressure Iterations: 1
       Maximum Velocity Error:  0.63E-04 on Mesh 1 at (24,13,20)
       Maximum Pressure Error:  0.28E-02 on Mesh 2 at (2,19,1)
       ---------------------------------------------------------------
       Mesh    1
       Max CFL number:  0.32E-01 at (10,15,20)
       Max divergence:  0.39E-02 at (13,19,1)
       Min divergence:  0.16E-02 at (7,16,17)
       Max VN number :  0.28E-01 at (14,18,20)
       Mesh    2
       Max CFL number:  0.46E-01 at (1,16,16)
       Max divergence:  0.39E-02 at (7,14,1)
       Min divergence:  0.13E-02 at (1,16,16)
       Max VN number :  0.17E-01 at (1,16,16)
 
       Time Step     2700   May 17, 2026  09:19:55
       Step Size:  0.100E-01 s, Total Time:   27.00000 s
       Pressure Iterations: 1
       Maximum Velocity Error:  0.64E-04 on Mesh 1 at (24,20,20)
       Maximum Pressure Error:  0.29E-02 on Mesh 2 at (2,19,1)
       ---------------------------------------------------------------
       Mesh    1
       Max CFL number:  0.34E-01 at (19,16,20)
       Max divergence:  0.40E-02 at (13,19,1)
       Min divergence:  0.15E-02 at (19,16,17)
       Max VN number :  0.30E-01 at (20,17,20)
       Mesh    2
       Max CFL number:  0.42E-01 at (1,16,16)
       Max divergence:  0.40E-02 at (7,14,1)
       Min divergence:  0.12E-02 at (1,16,16)
       Max VN number :  0.28E-01 at (1,15,20)
 
       Time Step     2800   May 17, 2026  09:20:07
       Step Size:  0.100E-01 s, Total Time:   28.00000 s
       Pressure Iterations: 1
       Maximum Velocity Error:  0.73E-04 on Mesh 1 at (24,16,20)
       Maximum Pressure Error:  0.31E-02 on Mesh 2 at (18,14,1)
       ---------------------------------------------------------------
       Mesh    1
       Max CFL number:  0.36E-01 at (19,16,20)
       Max divergence:  0.41E-02 at (13,19,1)
       Min divergence:  0.16E-02 at (19,17,17)
       Max VN number :  0.33E-01 at (20,17,20)
       Mesh    2
       Max CFL number:  0.41E-01 at (1,16,16)
       Max divergence:  0.41E-02 at (7,14,1)
       Min divergence:  0.13E-02 at (1,16,16)
       Max VN number :  0.31E-01 at (1,15,20)
 
       Time Step     2900   May 17, 2026  09:20:18
       Step Size:  0.100E-01 s, Total Time:   29.00000 s
       Pressure Iterations: 1
       Maximum Velocity Error:  0.78E-04 on Mesh 1 at (24,16,20)
       Maximum Pressure Error:  0.32E-02 on Mesh 2 at (18,14,1)
       ---------------------------------------------------------------
       Mesh    1
       Max CFL number:  0.36E-01 at (1,16,18)
       Max divergence:  0.41E-02 at (13,19,1)
       Min divergence:  0.15E-02 at (13,16,16)
       Max VN number :  0.31E-01 at (1,15,19)
       Mesh    2
       Max CFL number:  0.44E-01 at (1,16,16)
       Max divergence:  0.41E-02 at (7,14,1)
       Min divergence:  0.12E-02 at (1,16,16)
       Max VN number :  0.30E-01 at (1,15,20)
 
       Time Step     3000   May 17, 2026  09:20:30
       Step Size:  0.100E-01 s, Total Time:   30.00000 s
       Pressure Iterations: 1
       Maximum Velocity Error:  0.71E-04 on Mesh 1 at (24,16,20)
       Maximum Pressure Error:  0.33E-02 on Mesh 2 at (2,14,1)
       ---------------------------------------------------------------
       Mesh    1
       Max CFL number:  0.37E-01 at (1,16,20)
       Max divergence:  0.42E-02 at (13,19,1)
       Min divergence:  0.15E-02 at (13,16,16)
       Max VN number :  0.34E-01 at (1,15,19)
       Mesh    2
       Max CFL number:  0.43E-01 at (1,16,16)
       Max divergence:  0.42E-02 at (7,14,1)
       Min divergence:  0.12E-02 at (1,16,16)
       Max VN number :  0.28E-01 at (4,19,20)
 
       Time Step     3100   May 17, 2026  09:20:41
       Step Size:  0.100E-01 s, Total Time:   31.00000 s
       Pressure Iterations: 1
       Maximum Velocity Error:  0.64E-04 on Mesh 1 at (24,9,20)
       Maximum Pressure Error:  0.34E-02 on Mesh 2 at (2,14,1)
       ---------------------------------------------------------------
       Mesh    1
       Max CFL number:  0.38E-01 at (13,16,18)
       Max divergence:  0.42E-02 at (13,19,1)
       Min divergence:  0.13E-02 at (7,16,17)
       Max VN number :  0.35E-01 at (1,15,19)
       Mesh    2
       Max CFL number:  0.40E-01 at (1,16,16)
       Max divergence:  0.42E-02 at (7,14,1)
       Min divergence:  0.12E-02 at (1,16,16)
       Max VN number :  0.28E-01 at (1,18,20)
 
       Time Step     3200   May 17, 2026  09:20:54
       Step Size:  0.100E-01 s, Total Time:   32.00000 s
       Pressure Iterations: 1
       Maximum Velocity Error:  0.76E-04 on Mesh 1 at (24,16,19)
       Maximum Pressure Error:  0.36E-02 on Mesh 2 at (2,19,1)
       ---------------------------------------------------------------
       Mesh    1
       Max CFL number:  0.39E-01 at (19,16,20)
       Max divergence:  0.42E-02 at (7,19,1)
       Min divergence:  0.12E-02 at (7,16,17)
       Max VN number :  0.38E-01 at (1,15,19)
       Mesh    2
       Max CFL number:  0.41E-01 at (1,16,16)
       Max divergence:  0.43E-02 at (7,14,1)
       Min divergence:  0.13E-02 at (1,16,17)
       Max VN number :  0.30E-01 at (1,18,20)
 
       Time Step     3300   May 17, 2026  09:21:06
       Step Size:  0.100E-01 s, Total Time:   33.00000 s
       Pressure Iterations: 1
       Maximum Velocity Error:  0.85E-04 on Mesh 1 at (24,15,20)
       Maximum Pressure Error:  0.37E-02 on Mesh 2 at (2,14,1)
       ---------------------------------------------------------------
       Mesh    1
       Max CFL number:  0.41E-01 at (19,17,20)
       Max divergence:  0.43E-02 at (7,19,1)
       Min divergence:  0.11E-02 at (13,16,17)
       Max VN number :  0.41E-01 at (1,18,19)
       Mesh    2
       Max CFL number:  0.43E-01 at (1,16,16)
       Max divergence:  0.43E-02 at (7,14,1)
       Min divergence:  0.14E-02 at (7,16,17)
       Max VN number :  0.34E-01 at (14,19,20)
 
       Time Step     3400   May 17, 2026  09:21:17
       Step Size:  0.100E-01 s, Total Time:   34.00000 s
       Pressure Iterations: 1
       Maximum Velocity Error:  0.12E-03 on Mesh 1 at (24,15,20)
       Maximum Pressure Error:  0.38E-02 on Mesh 2 at (2,14,1)
       ---------------------------------------------------------------
       Mesh    1
       Max CFL number:  0.42E-01 at (19,17,18)
       Max divergence:  0.43E-02 at (7,19,1)
       Min divergence:  0.92E-03 at (19,16,16)
       Max VN number :  0.43E-01 at (1,18,19)
       Mesh    2
       Max CFL number:  0.46E-01 at (1,16,16)
       Max divergence:  0.43E-02 at (7,19,1)
       Min divergence:  0.12E-02 at (7,17,17)
       Max VN number :  0.37E-01 at (15,15,20)
 
       Time Step     3500   May 17, 2026  09:21:28
       Step Size:  0.100E-01 s, Total Time:   35.00000 s
       Pressure Iterations: 1
       Maximum Velocity Error:  0.92E-04 on Mesh 1 at (24,17,20)
       Maximum Pressure Error:  0.40E-02 on Mesh 2 at (7,16,2)
       ---------------------------------------------------------------
       Mesh    1
       Max CFL number:  0.43E-01 at (19,16,18)
       Max divergence:  0.44E-02 at (7,14,1)
       Min divergence:  0.83E-03 at (19,16,16)
       Max VN number :  0.43E-01 at (1,15,19)
       Mesh    2
       Max CFL number:  0.51E-01 at (1,17,16)
       Max divergence:  0.44E-02 at (7,19,1)
       Min divergence:  0.42E-03 at (1,17,16)
       Max VN number :  0.45E-01 at (2,15,20)
 
       Time Step     3600   May 17, 2026  09:21:41
       Step Size:  0.100E-01 s, Total Time:   36.00000 s
       Pressure Iterations: 1
       Maximum Velocity Error:  0.12E-03 on Mesh 1 at (24,17,20)
       Maximum Pressure Error:  0.42E-02 on Mesh 1 at (13,15,15)
       ---------------------------------------------------------------
       Mesh    1
       Max CFL number:  0.47E-01 at (19,16,20)
       Max divergence:  0.44E-02 at (7,14,1)
       Min divergence:  0.73E-03 at (13,16,16)
       Max VN number :  0.41E-01 at (1,15,19)
       Mesh    2
       Max CFL number:  0.54E-01 at (1,17,16)
       Max divergence:  0.44E-02 at (7,14,1)
       Min divergence:  0.39E-03 at (1,17,16)
       Max VN number :  0.23E-01 at (4,17,20)
 
       Time Step     3700   May 17, 2026  09:21:51
       Step Size:  0.100E-01 s, Total Time:   37.00000 s
       Pressure Iterations: 1
       Maximum Velocity Error:  0.87E-04 on Mesh 1 at (24,17,20)
       Maximum Pressure Error:  0.41E-02 on Mesh 2 at (8,14,1)
       ---------------------------------------------------------------
       Mesh    1
       Max CFL number:  0.48E-01 at (19,16,20)
       Max divergence:  0.45E-02 at (7,14,1)
       Min divergence:  0.94E-03 at (13,16,17)
       Max VN number :  0.40E-01 at (1,15,19)
       Mesh    2
       Max CFL number:  0.52E-01 at (1,17,16)
       Max divergence:  0.45E-02 at (1,19,1)
       Min divergence:  0.13E-03 at (1,17,16)
       Max VN number :  0.22E-01 at (1,17,16)
 
       Time Step     3800   May 17, 2026  09:22:02
       Step Size:  0.100E-01 s, Total Time:   38.00000 s
       Pressure Iterations: 1
       Maximum Velocity Error:  0.73E-04 on Mesh 1 at (24,16,18)
       Maximum Pressure Error:  0.42E-02 on Mesh 2 at (8,19,1)
       ---------------------------------------------------------------
       Mesh    1
       Max CFL number:  0.48E-01 at (19,16,20)
       Max divergence:  0.46E-02 at (7,14,1)
       Min divergence:  0.12E-02 at (7,16,19)
       Max VN number :  0.39E-01 at (1,15,19)
       Mesh    2
       Max CFL number:  0.48E-01 at (1,17,16)
       Max divergence:  0.46E-02 at (1,19,1)
       Min divergence:  0.66E-04 at (1,17,16)
       Max VN number :  0.21E-01 at (15,15,20)
 
       Time Step     3900   May 17, 2026  09:22:13
       Step Size:  0.100E-01 s, Total Time:   39.00000 s
       Pressure Iterations: 1
       Maximum Velocity Error:  0.11E-03 on Mesh 1 at (24,16,20)
       Maximum Pressure Error:  0.43E-02 on Mesh 1 at (13,17,15)
       ---------------------------------------------------------------
       Mesh    1
       Max CFL number:  0.46E-01 at (19,16,20)
       Max divergence:  0.46E-02 at (7,14,1)
       Min divergence:  0.10E-02 at (7,17,16)
       Max VN number :  0.41E-01 at (1,18,19)
       Mesh    2
       Max CFL number:  0.51E-01 at (1,17,16)
       Max divergence:  0.47E-02 at (1,19,1)
       Min divergence:  0.72E-03 at (1,17,16)
       Max VN number :  0.27E-01 at (15,15,20)
 
       Time Step     4000   May 17, 2026  09:22:25
       Step Size:  0.100E-01 s, Total Time:   40.00000 s
       Pressure Iterations: 1
       Maximum Velocity Error:  0.11E-03 on Mesh 1 at (24,16,20)
       Maximum Pressure Error:  0.49E-02 on Mesh 1 at (19,15,14)
       ---------------------------------------------------------------
       Mesh    1
       Max CFL number:  0.44E-01 at (7,16,20)
       Max divergence:  0.47E-02 at (7,14,1)
       Min divergence:  0.76E-03 at (7,17,17)
       Max VN number :  0.44E-01 at (1,15,19)
       Mesh    2
       Max CFL number:  0.53E-01 at (1,17,16)
       Max divergence:  0.48E-02 at (1,19,1)
       Min divergence:  0.62E-03 at (1,17,16)
       Max VN number :  0.33E-01 at (15,15,20)
 
       Time Step     4100   May 17, 2026  09:22:36
       Step Size:  0.100E-01 s, Total Time:   41.00000 s
       Pressure Iterations: 1
       Maximum Velocity Error:  0.75E-04 on Mesh 1 at (24,16,17)
       Maximum Pressure Error:  0.78E-02 on Mesh 1 at (19,15,15)
       ---------------------------------------------------------------
       Mesh    1
       Max CFL number:  0.45E-01 at (7,17,20)
       Max divergence:  0.48E-02 at (7,14,1)
       Min divergence:  0.55E-03 at (13,17,17)
       Max VN number :  0.46E-01 at (1,18,19)
       Mesh    2
       Max CFL number:  0.49E-01 at (1,17,16)
       Max divergence:  0.49E-02 at (1,19,1)
       Min divergence:  0.28E-03 at (1,16,16)
       Max VN number :  0.34E-01 at (15,15,20)
 
       Time Step     4200   May 17, 2026  09:22:48
       Step Size:  0.100E-01 s, Total Time:   42.00000 s
       Pressure Iterations: 1
       Maximum Velocity Error:  0.10E-03 on Mesh 1 at (24,16,19)
       Maximum Pressure Error:  0.47E-02 on Mesh 2 at (2,14,1)
       ---------------------------------------------------------------
       Mesh    1
       Max CFL number:  0.46E-01 at (7,17,20)
       Max divergence:  0.49E-02 at (13,14,5)
       Min divergence:  0.33E-03 at (19,15,16)
       Max VN number :  0.52E-01 at (8,18,20)
       Mesh    2
       Max CFL number:  0.51E-01 at (1,16,16)
       Max divergence:  0.50E-02 at (1,19,1)
       Min divergence:  0.36E-03 at (1,17,16)
       Max VN number :  0.32E-01 at (1,18,20)
 
       Time Step     4300   May 17, 2026  09:22:59
       Step Size:  0.100E-01 s, Total Time:   43.00000 s
       Pressure Iterations: 1
       Maximum Velocity Error:  0.11E-03 on Mesh 1 at (24,16,20)
       Maximum Pressure Error:  0.59E-02 on Mesh 1 at (19,15,20)
       ---------------------------------------------------------------
       Mesh    1
       Max CFL number:  0.52E-01 at (19,15,18)
       Max divergence:  0.49E-02 at (13,15,5)
       Min divergence:  0.24E-04 at (19,15,16)
       Max VN number :  0.53E-01 at (1,14,19)
       Mesh    2
       Max CFL number:  0.53E-01 at (1,17,16)
       Max divergence:  0.51E-02 at (1,18,1)
       Min divergence: -0.16E-03 at (1,17,16)
       Max VN number :  0.42E-01 at (18,7,20)
 
       Time Step     4400   May 17, 2026  09:23:10
       Step Size:  0.100E-01 s, Total Time:   44.00000 s
       Pressure Iterations: 1
       Maximum Velocity Error:  0.92E-04 on Mesh 1 at (24,17,17)
       Maximum Pressure Error:  0.10E-01 on Mesh 1 at (13,15,15)
       ---------------------------------------------------------------
       Mesh    1
       Max CFL number:  0.50E-01 at (19,15,20)
       Max divergence:  0.50E-02 at (13,14,1)
       Min divergence: -0.52E-03 at (13,16,16)
       Max VN number :  0.52E-01 at (1,19,19)
       Mesh    2
       Max CFL number:  0.60E-01 at (1,17,16)
       Max divergence:  0.53E-02 at (1,18,1)
       Min divergence: -0.66E-03 at (1,17,16)
       Max VN number :  0.43E-01 at (18,7,20)
 
       Time Step     4500   May 17, 2026  09:23:21
       Step Size:  0.100E-01 s, Total Time:   45.00000 s
       Pressure Iterations: 1
       Maximum Velocity Error:  0.12E-03 on Mesh 1 at (24,17,20)
       Maximum Pressure Error:  0.61E-02 on Mesh 1 at (14,14,15)
       ---------------------------------------------------------------
       Mesh    1
       Max CFL number:  0.49E-01 at (13,15,17)
       Max divergence:  0.51E-02 at (13,14,1)
       Min divergence: -0.50E-03 at (13,15,16)
       Max VN number :  0.44E-01 at (1,19,19)
       Mesh    2
       Max CFL number:  0.60E-01 at (1,17,16)
       Max divergence:  0.53E-02 at (1,18,1)
       Min divergence: -0.45E-03 at (1,17,16)
       Max VN number :  0.36E-01 at (18,7,20)
 
       Time Step     4600   May 17, 2026  09:23:33
       Step Size:  0.100E-01 s, Total Time:   46.00000 s
       Pressure Iterations: 1
       Maximum Velocity Error:  0.11E-03 on Mesh 1 at (24,17,20)
       Maximum Pressure Error:  0.11E-01 on Mesh 1 at (7,15,13)
       ---------------------------------------------------------------
       Mesh    1
       Max CFL number:  0.51E-01 at (7,17,20)
       Max divergence:  0.53E-02 at (1,14,19)
       Min divergence: -0.53E-03 at (13,15,16)
       Max VN number :  0.47E-01 at (1,14,19)
       Mesh    2
       Max CFL number:  0.54E-01 at (1,17,16)
       Max divergence:  0.53E-02 at (1,19,1)
       Min divergence: -0.15E-03 at (1,17,16)
       Max VN number :  0.38E-01 at (17,7,20)
 
       Time Step     4700   May 17, 2026  09:23:45
       Step Size:  0.100E-01 s, Total Time:   47.00000 s
       Pressure Iterations: 1
       Maximum Velocity Error:  0.12E-03 on Mesh 1 at (24,16,19)
       Maximum Pressure Error:  0.17E-01 on Mesh 1 at (7,15,15)
       ---------------------------------------------------------------
       Mesh    1
       Max CFL number:  0.50E-01 at (7,18,20)
       Max divergence:  0.57E-02 at (1,18,19)
       Min divergence: -0.23E-03 at (13,15,16)
       Max VN number :  0.50E-01 at (14,15,20)
       Mesh    2
       Max CFL number:  0.53E-01 at (1,16,16)
       Max divergence:  0.54E-02 at (1,19,1)
       Min divergence: -0.41E-03 at (7,17,16)
       Max VN number :  0.38E-01 at (17,7,20)
 
       Time Step     4800   May 17, 2026  09:23:57
       Step Size:  0.100E-01 s, Total Time:   48.00000 s
       Pressure Iterations: 1
       Maximum Velocity Error:  0.97E-04 on Mesh 1 at (24,16,20)
       Maximum Pressure Error:  0.16E-01 on Mesh 1 at (7,14,15)
       ---------------------------------------------------------------
       Mesh    1
       Max CFL number:  0.58E-01 at (7,15,16)
       Max divergence:  0.60E-02 at (1,18,19)
       Min divergence: -0.22E-02 at (7,15,17)
       Max VN number :  0.46E-01 at (1,18,19)
       Mesh    2
       Max CFL number:  0.56E-01 at (1,16,16)
       Max divergence:  0.55E-02 at (1,19,1)
       Min divergence: -0.55E-03 at (1,16,16)
       Max VN number :  0.40E-01 at (16,7,20)
 
       Time Step     4900   May 17, 2026  09:24:11
       Step Size:  0.100E-01 s, Total Time:   49.00000 s
       Pressure Iterations: 1
       Maximum Velocity Error:  0.93E-04 on Mesh 1 at (24,16,19)
       Maximum Pressure Error:  0.23E-01 on Mesh 1 at (13,18,15)
       ---------------------------------------------------------------
       Mesh    1
       Max CFL number:  0.58E-01 at (7,15,20)
       Max divergence:  0.64E-02 at (1,18,17)
       Min divergence: -0.23E-02 at (7,14,16)
       Max VN number :  0.48E-01 at (1,18,17)
       Mesh    2
       Max CFL number:  0.57E-01 at (7,18,18)
       Max divergence:  0.56E-02 at (1,19,1)
       Min divergence: -0.23E-03 at (1,16,16)
       Max VN number :  0.45E-01 at (15,27,20)
 
       Time Step     5000   May 17, 2026  09:24:27
       Step Size:  0.100E-01 s, Total Time:   50.00000 s
       Pressure Iterations: 1
       Maximum Velocity Error:  0.11E-03 on Mesh 1 at (12,18,15)
       Maximum Pressure Error:  0.24E-01 on Mesh 1 at (13,18,15)
       ---------------------------------------------------------------
       Mesh    1
       Max CFL number:  0.72E-01 at (13,18,16)
       Max divergence:  0.56E-02 at (13,15,1)
       Min divergence: -0.51E-03 at (13,18,17)
       Max VN number :  0.47E-01 at (1,17,19)
       Mesh    2
       Max CFL number:  0.56E-01 at (1,16,16)
       Max divergence:  0.58E-02 at (7,19,15)
       Min divergence:  0.11E-03 at (7,17,16)
       Max VN number :  0.41E-01 at (15,27,20)
 
       Time Step     5100   May 17, 2026  09:24:38
       Step Size:  0.100E-01 s, Total Time:   51.00000 s
       Pressure Iterations: 1
       Maximum Velocity Error:  0.13E-03 on Mesh 1 at (24,17,17)
       Maximum Pressure Error:  0.15E-01 on Mesh 1 at (13,17,14)
       ---------------------------------------------------------------
       Mesh    1
       Max CFL number:  0.55E-01 at (13,18,18)
       Max divergence:  0.57E-02 at (13,14,1)
       Min divergence: -0.15E-02 at (7,17,16)
       Max VN number :  0.42E-01 at (1,18,19)
       Mesh    2
       Max CFL number:  0.55E-01 at (1,16,16)
       Max divergence:  0.57E-02 at (1,14,1)
       Min divergence: -0.25E-03 at (7,16,16)
       Max VN number :  0.39E-01 at (4,5,20)
 
       Time Step     5200   May 17, 2026  09:24:50
       Step Size:  0.100E-01 s, Total Time:   52.00000 s
       Pressure Iterations: 1
       Maximum Velocity Error:  0.15E-03 on Mesh 1 at (24,16,17)
       Maximum Pressure Error:  0.12E-01 on Mesh 1 at (13,18,15)
       ---------------------------------------------------------------
       Mesh    1
       Max CFL number:  0.62E-01 at (7,17,18)
       Max divergence:  0.58E-02 at (13,14,1)
       Min divergence: -0.16E-02 at (13,17,16)
       Max VN number :  0.51E-01 at (1,18,19)
       Mesh    2
       Max CFL number:  0.66E-01 at (7,15,16)
       Max divergence:  0.60E-02 at (1,19,15)
       Min divergence: -0.40E-03 at (7,15,17)
       Max VN number :  0.36E-01 at (1,15,9)
 
       Time Step     5300   May 17, 2026  09:25:03
       Step Size:  0.100E-01 s, Total Time:   53.00000 s
       Pressure Iterations: 1
       Maximum Velocity Error:  0.25E-03 on Mesh 1 at (24,15,18)
       Maximum Pressure Error:  0.16E-01 on Mesh 1 at (13,17,15)
       ---------------------------------------------------------------
       Mesh    1
       Max CFL number:  0.57E-01 at (19,15,20)
       Max divergence:  0.60E-02 at (7,15,1)
       Min divergence: -0.16E-02 at (7,15,16)
       Max VN number :  0.49E-01 at (1,18,19)
       Mesh    2
       Max CFL number:  0.62E-01 at (1,16,16)
       Max divergence:  0.63E-02 at (7,15,1)
       Min divergence: -0.12E-02 at (7,16,17)
       Max VN number :  0.37E-01 at (16,6,20)
 
       Time Step     5400   May 17, 2026  09:25:15
       Step Size:  0.100E-01 s, Total Time:   54.00000 s
       Pressure Iterations: 1
       Maximum Velocity Error:  0.19E-03 on Mesh 1 at (24,15,20)
       Maximum Pressure Error:  0.12E-01 on Mesh 2 at (7,15,15)
       ---------------------------------------------------------------
       Mesh    1
       Max CFL number:  0.55E-01 at (7,15,18)
       Max divergence:  0.62E-02 at (13,14,1)
       Min divergence: -0.86E-03 at (7,15,18)
       Max VN number :  0.51E-01 at (1,19,19)
       Mesh    2
       Max CFL number:  0.53E-01 at (7,16,18)
       Max divergence:  0.59E-02 at (7,15,1)
       Min divergence: -0.12E-02 at (7,16,17)
       Max VN number :  0.40E-01 at (2,16,20)
 
       Time Step     5500   May 17, 2026  09:25:27
       Step Size:  0.100E-01 s, Total Time:   55.00000 s
       Pressure Iterations: 1
       Maximum Velocity Error:  0.13E-03 on Mesh 1 at (24,15,16)
       Maximum Pressure Error:  0.24E-01 on Mesh 2 at (7,17,15)
       ---------------------------------------------------------------
       Mesh    1
       Max CFL number:  0.58E-01 at (19,17,20)
       Max divergence:  0.63E-02 at (1,16,19)
       Min divergence: -0.37E-03 at (19,16,16)
       Max VN number :  0.49E-01 at (1,16,19)
       Mesh    2
       Max CFL number:  0.57E-01 at (1,16,16)
       Max divergence:  0.59E-02 at (7,16,1)
       Min divergence: -0.22E-03 at (7,15,16)
       Max VN number :  0.44E-01 at (1,15,15)
 
       Time Step     5600   May 17, 2026  09:25:39
       Step Size:  0.100E-01 s, Total Time:   56.00000 s
       Pressure Iterations: 1
       Maximum Velocity Error:  0.26E-03 on Mesh 1 at (24,18,17)
       Maximum Pressure Error:  0.98E-02 on Mesh 1 at (13,17,6)
       ---------------------------------------------------------------
       Mesh    1
       Max CFL number:  0.55E-01 at (19,16,18)
       Max divergence:  0.63E-02 at (13,15,1)
       Min divergence: -0.10E-02 at (19,16,16)
       Max VN number :  0.54E-01 at (1,16,19)
       Mesh    2
       Max CFL number:  0.58E-01 at (1,17,16)
       Max divergence:  0.60E-02 at (7,14,1)
       Min divergence: -0.79E-03 at (7,15,17)
       Max VN number :  0.43E-01 at (15,28,20)
 
       Time Step     5700   May 17, 2026  09:25:56
       Step Size:  0.100E-01 s, Total Time:   57.00000 s
       Pressure Iterations: 1
       Maximum Velocity Error:  0.29E-03 on Mesh 1 at (24,18,19)
       Maximum Pressure Error:  0.11E-01 on Mesh 1 at (7,15,14)
       ---------------------------------------------------------------
       Mesh    1
       Max CFL number:  0.57E-01 at (19,16,18)
       Max divergence:  0.63E-02 at (13,14,1)
       Min divergence: -0.54E-03 at (19,16,17)
       Max VN number :  0.59E-01 at (1,16,19)
       Mesh    2
       Max CFL number:  0.66E-01 at (1,17,16)
       Max divergence:  0.60E-02 at (7,14,1)
       Min divergence: -0.19E-03 at (7,17,17)
       Max VN number :  0.44E-01 at (15,28,20)
 
       Time Step     5800   May 17, 2026  09:26:10
       Step Size:  0.100E-01 s, Total Time:   58.00000 s
       Pressure Iterations: 1
       Maximum Velocity Error:  0.17E-03 on Mesh 1 at (24,17,17)
       Maximum Pressure Error:  0.14E-01 on Mesh 1 at (19,15,15)
       ---------------------------------------------------------------
       Mesh    1
       Max CFL number:  0.56E-01 at (19,16,15)
       Max divergence:  0.64E-02 at (1,16,19)
       Min divergence: -0.23E-03 at (7,16,16)
       Max VN number :  0.50E-01 at (1,16,19)
       Mesh    2
       Max CFL number:  0.58E-01 at (1,18,16)
       Max divergence:  0.62E-02 at (1,17,1)
       Min divergence: -0.12E-02 at (1,18,16)
       Max VN number :  0.44E-01 at (16,28,20)
 
       Time Step     5900   May 17, 2026  09:26:25
       Step Size:  0.100E-01 s, Total Time:   59.00000 s
       Pressure Iterations: 1
       Maximum Velocity Error:  0.19E-03 on Mesh 2 at (0,17,16)
       Maximum Pressure Error:  0.15E-01 on Mesh 2 at (7,17,13)
       ---------------------------------------------------------------
       Mesh    1
       Max CFL number:  0.56E-01 at (19,16,15)
       Max divergence:  0.64E-02 at (19,15,1)
       Min divergence: -0.11E-02 at (7,15,16)
       Max VN number :  0.52E-01 at (1,13,19)
       Mesh    2
       Max CFL number:  0.58E-01 at (1,18,16)
       Max divergence:  0.63E-02 at (7,19,1)
       Min divergence: -0.29E-03 at (7,16,17)
       Max VN number :  0.44E-01 at (7,16,4)
 
       Time Step     6000   May 17, 2026  09:26:43
       Step Size:  0.100E-01 s, Total Time:   60.00000 s
       Pressure Iterations: 1
       Maximum Velocity Error:  0.42E-03 on Mesh 1 at (24,19,17)
       Maximum Pressure Error:  0.16E-01 on Mesh 1 at (13,14,12)
       ---------------------------------------------------------------
       Mesh    1
       Max CFL number:  0.63E-01 at (1,16,20)
       Max divergence:  0.65E-02 at (19,15,1)
       Min divergence: -0.12E-02 at (19,16,16)
       Max VN number :  0.56E-01 at (1,14,17)
       Mesh    2
       Max CFL number:  0.65E-01 at (1,19,16)
       Max divergence:  0.65E-02 at (7,19,1)
       Min divergence: -0.87E-03 at (1,19,16)
       Max VN number :  0.48E-01 at (20,17,20)
 
       Time Step     6100   May 17, 2026  09:26:57
       Step Size:  0.100E-01 s, Total Time:   61.00000 s
       Pressure Iterations: 1
       Maximum Velocity Error:  0.74E-01 on Mesh 1 at (24,16,20)
       Maximum Pressure Error:  0.12E+03 on Mesh 1 at (21,13,5)
       ---------------------------------------------------------------
       Mesh    1
       Max CFL number:  0.72E+00 at (21,13,16)
       Max divergence:  0.14E+02 at (22,13,16)
       Min divergence: -0.34E+01 at (21,13,19)
       Max VN number :  0.30E+00 at (22,11,20)
       Mesh    2
       Max CFL number:  0.27E+00 at (1,12,20)
       Max divergence:  0.79E+00 at (1,13,19)
       Min divergence: -0.13E+01 at (1,14,20)
       Max VN number :  0.24E+00 at (1,14,20)
 
       Time Step     6200   May 17, 2026  09:27:13
       Step Size:  0.100E-01 s, Total Time:   62.00000 s
       Pressure Iterations: 4
       Maximum Velocity Error:  0.52E-01 on Mesh 2 at (0,12,19)
       Maximum Pressure Error:  0.36E+03 on Mesh 1 at (20,13,17)
       ---------------------------------------------------------------
       Mesh    1
       Max CFL number:  0.78E+00 at (23,13,16)
       Max divergence:  0.13E+02 at (23,13,16)
       Min divergence: -0.30E+01 at (20,11,20)
       Max VN number :  0.53E+00 at (23,12,20)
       Mesh    2
       Max CFL number:  0.46E+00 at (1,17,20)
       Max divergence:  0.22E+01 at (1,12,19)
       Min divergence: -0.16E+01 at (1,19,20)
       Max VN number :  0.34E+00 at (7,2,20)
 
       Time Step     6300   May 17, 2026  09:27:29
       Step Size:  0.876E-02 s, Total Time:   62.99050 s
       Pressure Iterations: 3
       Maximum Velocity Error:  0.54E-01 on Mesh 1 at (24,11,20)
       Maximum Pressure Error:  0.33E+03 on Mesh 1 at (13,12,20)
       ---------------------------------------------------------------
       Mesh    1
       Max CFL number:  0.88E+00 at (23,12,17)
       Max divergence:  0.12E+02 at (23,13,12)
       Min divergence: -0.28E+01 at (15,13,20)
       Max VN number :  0.51E+00 at (15,13,20)
       Mesh    2
       Max CFL number:  0.59E+00 at (4,10,20)
       Max divergence:  0.52E+01 at (1,14,16)
       Min divergence: -0.39E+01 at (1,13,20)
       Max VN number :  0.22E+00 at (10,5,20)
 
       Time Step     6400   May 17, 2026  09:27:45
       Step Size:  0.928E-02 s, Total Time:   63.94344 s
       Pressure Iterations: 4
       Maximum Velocity Error:  0.44E-01 on Mesh 1 at (24,13,9)
       Maximum Pressure Error:  0.53E+03 on Mesh 1 at (23,13,2)
       ---------------------------------------------------------------
       Mesh    1
       Max CFL number:  0.94E+00 at (21,12,17)
       Max divergence:  0.17E+02 at (24,13,10)
       Min divergence: -0.35E+01 at (23,7,20)
       Max VN number :  0.38E+00 at (22,7,20)
       Mesh    2
       Max CFL number:  0.66E+00 at (1,12,8)
       Max divergence:  0.12E+02 at (1,12,8)
       Min divergence: -0.45E+01 at (3,13,9)
       Max VN number :  0.48E+00 at (3,13,8)
 
       Time Step     6500   May 17, 2026  09:28:01
       Step Size:  0.100E-01 s, Total Time:   64.92735 s
       Pressure Iterations: 3
       Maximum Velocity Error:  0.53E-01 on Mesh 1 at (24,12,20)
       Maximum Pressure Error:  0.83E+03 on Mesh 1 at (18,13,19)
       ---------------------------------------------------------------
       Mesh    1
       Max CFL number:  0.90E+00 at (23,12,13)
       Max divergence:  0.17E+02 at (23,13,13)
       Min divergence: -0.42E+01 at (23,12,20)
       Max VN number :  0.33E+00 at (1,12,15)
       Mesh    2
       Max CFL number:  0.59E+00 at (10,1,20)
       Max divergence:  0.57E+01 at (4,12,20)
       Min divergence: -0.20E+01 at (3,9,20)
       Max VN number :  0.43E+00 at (10,1,19)
 
       Time Step     6600   May 17, 2026  09:28:16
       Step Size:  0.100E-01 s, Total Time:   65.90847 s
       Pressure Iterations: 2
       Maximum Velocity Error:  0.41E-01 on Mesh 1 at (24,11,19)
       Maximum Pressure Error:  0.32E+03 on Mesh 1 at (22,12,13)
       ---------------------------------------------------------------
       Mesh    1
       Max CFL number:  0.82E+00 at (22,12,17)
       Max divergence:  0.17E+02 at (19,13,2)
       Min divergence: -0.30E+01 at (19,11,20)
       Max VN number :  0.44E+00 at (20,13,10)
       Mesh    2
       Max CFL number:  0.47E+00 at (18,4,20)
       Max divergence:  0.32E+01 at (4,10,19)
       Min divergence: -0.16E+01 at (4,13,16)
       Max VN number :  0.33E+00 at (21,1,19)
 
       Time Step     6700   May 17, 2026  09:28:30
       Step Size:  0.100E-01 s, Total Time:   66.90847 s
       Pressure Iterations: 2
       Maximum Velocity Error:  0.55E-01 on Mesh 1 at (24,2,20)
       Maximum Pressure Error:  0.68E+03 on Mesh 1 at (18,9,20)
       ---------------------------------------------------------------
       Mesh    1
       Max CFL number:  0.70E+00 at (15,13,17)
       Max divergence:  0.17E+02 at (19,12,13)
       Min divergence: -0.25E+01 at (20,13,9)
       Max VN number :  0.42E+00 at (17,21,20)
       Mesh    2
       Max CFL number:  0.55E+00 at (13,3,20)
       Max divergence:  0.31E+01 at (1,13,18)
       Min divergence: -0.11E+01 at (3,6,20)
       Max VN number :  0.44E+00 at (24,1,18)
 
       Time Step     6800   May 17, 2026  09:28:45
       Step Size:  0.100E-01 s, Total Time:   67.90847 s
       Pressure Iterations: 4
       Maximum Velocity Error:  0.72E-01 on Mesh 1 at (24,13,1)
       Maximum Pressure Error:  0.78E+03 on Mesh 1 at (23,13,2)
       ---------------------------------------------------------------
       Mesh    1
       Max CFL number:  0.67E+00 at (21,13,17)
       Max divergence:  0.19E+02 at (23,13,2)
       Min divergence: -0.24E+01 at (22,9,12)
       Max VN number :  0.38E+00 at (17,23,20)
       Mesh    2
       Max CFL number:  0.46E+00 at (3,1,20)
       Max divergence:  0.25E+01 at (6,26,19)
       Min divergence: -0.88E+00 at (3,1,12)
       Max VN number :  0.41E+00 at (3,1,19)
 
       Time Step     6900   May 17, 2026  09:28:59
       Step Size:  0.100E-01 s, Total Time:   68.90847 s
       Pressure Iterations: 4
       Maximum Velocity Error:  0.70E-01 on Mesh 2 at (0,11,17)
       Maximum Pressure Error:  0.24E+03 on Mesh 1 at (20,12,15)
       ---------------------------------------------------------------
       Mesh    1
       Max CFL number:  0.79E+00 at (24,12,16)
       Max divergence:  0.11E+02 at (20,13,1)
       Min divergence: -0.18E+01 at (21,13,1)
       Max VN number :  0.35E+00 at (12,11,20)
       Mesh    2
       Max CFL number:  0.63E+00 at (1,13,20)
       Max divergence:  0.54E+01 at (1,12,16)
       Min divergence: -0.14E+01 at (1,11,18)
       Max VN number :  0.25E+00 at (14,32,20)
 
       Time Step     7000   May 17, 2026  09:29:11
       Step Size:  0.100E-01 s, Total Time:   69.90847 s
       Pressure Iterations: 2
       Maximum Velocity Error:  0.40E-01 on Mesh 1 at (24,11,19)
       Maximum Pressure Error:  0.14E+03 on Mesh 1 at (2,14,20)
       ---------------------------------------------------------------
       Mesh    1
       Max CFL number:  0.59E+00 at (24,13,16)
       Max divergence:  0.85E+01 at (20,13,1)
       Min divergence: -0.17E+01 at (21,13,7)
       Max VN number :  0.31E+00 at (8,2,20)
       Mesh    2
       Max CFL number:  0.68E+00 at (1,12,20)
       Max divergence:  0.66E+01 at (1,13,13)
       Min divergence: -0.18E+01 at (1,13,9)
       Max VN number :  0.26E+00 at (19,19,20)
 
       Time Step     7100   May 17, 2026  09:29:25
       Step Size:  0.100E-01 s, Total Time:   70.90847 s
       Pressure Iterations: 2
       Maximum Velocity Error:  0.22E-01 on Mesh 1 at (24,6,19)
       Maximum Pressure Error:  0.21E+03 on Mesh 2 at (25,7,20)
       ---------------------------------------------------------------
       Mesh    1
       Max CFL number:  0.55E+00 at (22,12,11)
       Max divergence:  0.11E+02 at (20,12,6)
       Min divergence: -0.22E+01 at (21,13,1)
       Max VN number :  0.33E+00 at (19,14,15)
       Mesh    2
       Max CFL number:  0.38E+00 at (2,5,20)
       Max divergence:  0.29E+01 at (3,11,18)
       Min divergence: -0.15E+01 at (25,7,20)
       Max VN number :  0.34E+00 at (20,6,20)
 
       Time Step     7200   May 17, 2026  09:29:40
       Step Size:  0.100E-01 s, Total Time:   71.90847 s
       Pressure Iterations: 2
       Maximum Velocity Error:  0.50E-01 on Mesh 1 at (23,13,3)
       Maximum Pressure Error:  0.68E+03 on Mesh 1 at (23,13,3)
       ---------------------------------------------------------------
       Mesh    1
       Max CFL number:  0.52E+00 at (21,12,18)
       Max divergence:  0.93E+01 at (23,13,1)
       Min divergence: -0.13E+01 at (1,14,19)
       Max VN number :  0.31E+00 at (2,7,20)
       Mesh    2
       Max CFL number:  0.34E+00 at (7,25,20)
       Max divergence:  0.21E+01 at (14,2,14)
       Min divergence: -0.13E+01 at (25,5,17)
       Max VN number :  0.41E+00 at (5,27,20)
 
       Time Step     7300   May 17, 2026  09:29:53
       Step Size:  0.100E-01 s, Total Time:   72.90847 s
       Pressure Iterations: 1
       Maximum Velocity Error:  0.52E-01 on Mesh 2 at (16,33,18)
       Maximum Pressure Error:  0.22E+03 on Mesh 1 at (1,1,7)
       ---------------------------------------------------------------
       Mesh    1
       Max CFL number:  0.49E+00 at (18,13,10)
       Max divergence:  0.92E+01 at (19,13,6)
       Min divergence: -0.17E+01 at (19,15,19)
       Max VN number :  0.28E+00 at (7,3,20)
       Mesh    2
       Max CFL number:  0.30E+00 at (3,25,20)
       Max divergence:  0.14E+01 at (13,1,15)
       Min divergence: -0.13E+01 at (24,12,19)
       Max VN number :  0.41E+00 at (2,26,20)
 
       Time Step     7400   May 17, 2026  09:30:06
       Step Size:  0.100E-01 s, Total Time:   73.90847 s
       Pressure Iterations: 2
       Maximum Velocity Error:  0.31E-01 on Mesh 1 at (24,12,16)
       Maximum Pressure Error:  0.16E+03 on Mesh 1 at (18,13,10)
       ---------------------------------------------------------------
       Mesh    1
       Max CFL number:  0.49E+00 at (19,13,10)
       Max divergence:  0.21E+02 at (19,13,10)
       Min divergence: -0.22E+01 at (20,13,14)
       Max VN number :  0.35E+00 at (20,13,10)
       Mesh    2
       Max CFL number:  0.33E+00 at (1,13,20)
       Max divergence:  0.28E+01 at (1,12,14)
       Min divergence: -0.14E+01 at (23,4,20)
       Max VN number :  0.26E+00 at (4,17,20)
 
       Time Step     7500   May 17, 2026  09:30:19
       Step Size:  0.100E-01 s, Total Time:   74.90847 s
       Pressure Iterations: 2
       Maximum Velocity Error:  0.25E-01 on Mesh 2 at (0,23,20)
       Maximum Pressure Error:  0.89E+02 on Mesh 2 at (25,1,4)
       ---------------------------------------------------------------
       Mesh    1
       Max CFL number:  0.53E+00 at (19,12,16)
       Max divergence:  0.72E+01 at (19,13,6)
       Min divergence: -0.11E+01 at (2,1,19)
       Max VN number :  0.31E+00 at (16,25,20)
       Mesh    2
       Max CFL number:  0.32E+00 at (5,4,20)
       Max divergence:  0.14E+01 at (5,1,12)
       Min divergence: -0.98E+00 at (1,30,19)
       Max VN number :  0.29E+00 at (2,27,20)
 
       Time Step     7600   May 17, 2026  09:30:32
       Step Size:  0.100E-01 s, Total Time:   75.90847 s
       Pressure Iterations: 1
       Maximum Velocity Error:  0.75E-01 on Mesh 1 at (24,12,15)
       Maximum Pressure Error:  0.15E+03 on Mesh 2 at (25,1,4)
       ---------------------------------------------------------------
       Mesh    1
       Max CFL number:  0.39E+00 at (19,12,10)
       Max divergence:  0.78E+01 at (19,12,10)
       Min divergence: -0.86E+00 at (1,11,17)
       Max VN number :  0.26E+00 at (2,1,14)
       Mesh    2
       Max CFL number:  0.36E+00 at (1,12,17)
       Max divergence:  0.25E+01 at (1,13,10)
       Min divergence: -0.85E+00 at (5,4,20)
       Max VN number :  0.26E+00 at (23,1,15)
 
       Time Step     7700   May 17, 2026  09:30:45
       Step Size:  0.100E-01 s, Total Time:   76.90847 s
       Pressure Iterations: 1
       Maximum Velocity Error:  0.67E-01 on Mesh 1 at (24,13,9)
       Maximum Pressure Error:  0.12E+03 on Mesh 1 at (1,1,6)
       ---------------------------------------------------------------
       Mesh    1
       Max CFL number:  0.39E+00 at (21,11,14)
       Max divergence:  0.71E+01 at (24,13,4)
       Min divergence: -0.33E+01 at (21,11,14)
       Max VN number :  0.26E+00 at (23,22,20)
       Mesh    2
       Max CFL number:  0.26E+00 at (2,9,20)
       Max divergence:  0.45E+01 at (1,13,6)
       Min divergence: -0.79E+00 at (24,6,20)
       Max VN number :  0.24E+00 at (7,4,20)
 
       Time Step     7800   May 17, 2026  09:30:58
       Step Size:  0.100E-01 s, Total Time:   77.90847 s
       Pressure Iterations: 3
       Maximum Velocity Error:  0.40E-01 on Mesh 1 at (18,15,10)
       Maximum Pressure Error:  0.61E+03 on Mesh 1 at (19,15,10)
       ---------------------------------------------------------------
       Mesh    1
       Max CFL number:  0.37E+00 at (21,12,11)
       Max divergence:  0.63E+01 at (23,12,6)
       Min divergence: -0.23E+01 at (20,11,13)
       Max VN number :  0.31E+00 at (19,14,12)
       Mesh    2
       Max CFL number:  0.22E+00 at (1,12,9)
       Max divergence:  0.48E+01 at (2,12,9)
       Min divergence: -0.70E+00 at (13,3,17)
       Max VN number :  0.24E+00 at (15,20,10)
 
       Time Step     7900   May 17, 2026  09:31:11
       Step Size:  0.100E-01 s, Total Time:   78.90847 s
       Pressure Iterations: 1
       Maximum Velocity Error:  0.47E-01 on Mesh 1 at (24,13,4)
       Maximum Pressure Error:  0.76E+02 on Mesh 2 at (25,1,6)
       ---------------------------------------------------------------
       Mesh    1
       Max CFL number:  0.33E+00 at (20,12,8)
       Max divergence:  0.73E+01 at (19,13,6)
       Min divergence: -0.18E+01 at (21,12,7)
       Max VN number :  0.21E+00 at (22,17,20)
       Mesh    2
       Max CFL number:  0.25E+00 at (1,12,9)
       Max divergence:  0.51E+01 at (1,13,7)
       Min divergence: -0.12E+01 at (2,11,12)
       Max VN number :  0.29E+00 at (1,16,9)
 
       Time Step     8000   May 17, 2026  09:31:25
       Step Size:  0.100E-01 s, Total Time:   79.90847 s
       Pressure Iterations: 2
       Maximum Velocity Error:  0.16E-01 on Mesh 1 at (23,13,3)
       Maximum Pressure Error:  0.15E+03 on Mesh 1 at (16,13,5)
       ---------------------------------------------------------------
       Mesh    1
       Max CFL number:  0.38E+00 at (19,11,8)
       Max divergence:  0.88E+01 at (22,12,1)
       Min divergence: -0.23E+01 at (19,11,8)
       Max VN number :  0.28E+00 at (23,13,7)
       Mesh    2
       Max CFL number:  0.28E+00 at (1,14,10)
       Max divergence:  0.65E+01 at (2,13,8)
       Min divergence: -0.17E+01 at (3,11,11)
       Max VN number :  0.20E+00 at (6,13,9)
 
       Time Step     8100   May 17, 2026  09:31:39
       Step Size:  0.100E-01 s, Total Time:   80.90847 s
       Pressure Iterations: 2
       Maximum Velocity Error:  0.32E-01 on Mesh 1 at (24,11,8)
       Maximum Pressure Error:  0.18E+03 on Mesh 1 at (22,11,1)
       ---------------------------------------------------------------
       Mesh    1
       Max CFL number:  0.49E+00 at (24,11,10)
       Max divergence:  0.11E+02 at (21,10,3)
       Min divergence: -0.23E+01 at (23,12,2)
       Max VN number :  0.31E+00 at (23,13,13)
       Mesh    2
       Max CFL number:  0.33E+00 at (1,11,11)
       Max divergence:  0.72E+01 at (1,12,3)
       Min divergence: -0.76E+00 at (1,15,7)
       Max VN number :  0.31E+00 at (1,15,10)
 
       Time Step     8200   May 17, 2026  09:31:52
       Step Size:  0.100E-01 s, Total Time:   81.90847 s
       Pressure Iterations: 1
       Maximum Velocity Error:  0.70E-01 on Mesh 1 at (24,11,2)
       Maximum Pressure Error:  0.12E+03 on Mesh 1 at (23,11,1)
       ---------------------------------------------------------------
       Mesh    1
       Max CFL number:  0.37E+00 at (14,13,10)
       Max divergence:  0.88E+01 at (22,9,1)
       Min divergence: -0.28E+01 at (24,13,8)
       Max VN number :  0.41E+00 at (19,16,7)
       Mesh    2
       Max CFL number:  0.31E+00 at (1,11,13)
       Max divergence:  0.32E+01 at (1,10,9)
       Min divergence: -0.69E+00 at (4,13,15)
       Max VN number :  0.36E+00 at (1,16,7)
 
       Time Step     8300   May 17, 2026  09:32:06
       Step Size:  0.100E-01 s, Total Time:   82.90847 s
       Pressure Iterations: 6
       Maximum Velocity Error:  0.49E-01 on Mesh 2 at (0,13,3)
       Maximum Pressure Error:  0.53E+03 on Mesh 1 at (23,13,2)
       ---------------------------------------------------------------
       Mesh    1
       Max CFL number:  0.43E+00 at (20,10,9)
       Max divergence:  0.10E+02 at (23,13,1)
       Min divergence: -0.36E+01 at (23,13,2)
       Max VN number :  0.40E+00 at (22,13,4)
       Mesh    2
       Max CFL number:  0.28E+00 at (1,20,20)
       Max divergence:  0.49E+01 at (1,12,5)
       Min divergence: -0.14E+01 at (1,13,7)
       Max VN number :  0.34E+00 at (3,20,20)
 
       Time Step     8400   May 17, 2026  09:32:20
       Step Size:  0.100E-01 s, Total Time:   83.90847 s
       Pressure Iterations: 2
       Maximum Velocity Error:  0.33E-01 on Mesh 1 at (18,13,2)
       Maximum Pressure Error:  0.13E+03 on Mesh 1 at (21,10,1)
       ---------------------------------------------------------------
       Mesh    1
       Max CFL number:  0.44E+00 at (12,12,6)
       Max divergence:  0.16E+02 at (19,13,3)
       Min divergence: -0.19E+01 at (21,13,15)
       Max VN number :  0.34E+00 at (10,13,5)
       Mesh    2
       Max CFL number:  0.26E+00 at (1,13,6)
       Max divergence:  0.56E+01 at (2,13,3)
       Min divergence: -0.87E+00 at (3,12,6)
       Max VN number :  0.24E+00 at (5,23,20)
 
       Time Step     8500   May 17, 2026  09:32:34
       Step Size:  0.100E-01 s, Total Time:   84.90847 s
       Pressure Iterations: 1
       Maximum Velocity Error:  0.63E-01 on Mesh 1 at (24,8,1)
       Maximum Pressure Error:  0.19E+03 on Mesh 2 at (25,1,3)
       ---------------------------------------------------------------
       Mesh    1
       Max CFL number:  0.32E+00 at (19,8,9)
       Max divergence:  0.79E+01 at (19,6,2)
       Min divergence: -0.18E+01 at (19,13,1)
       Max VN number :  0.29E+00 at (11,1,8)
       Mesh    2
       Max CFL number:  0.28E+00 at (1,8,12)
       Max divergence:  0.81E+01 at (3,11,1)
       Min divergence: -0.56E+00 at (2,13,15)
       Max VN number :  0.22E+00 at (20,21,20)
 
       Time Step     8600   May 17, 2026  09:32:49
       Step Size:  0.100E-01 s, Total Time:   85.90847 s
       Pressure Iterations: 1
       Maximum Velocity Error:  0.43E-01 on Mesh 1 at (24,5,1)
       Maximum Pressure Error:  0.11E+03 on Mesh 1 at (12,9,1)
       ---------------------------------------------------------------
       Mesh    1
       Max CFL number:  0.35E+00 at (21,5,16)
       Max divergence:  0.84E+01 at (23,4,2)
       Min divergence: -0.21E+01 at (23,13,5)
       Max VN number :  0.33E+00 at (22,13,2)
       Mesh    2
       Max CFL number:  0.30E+00 at (3,8,3)
       Max divergence:  0.75E+01 at (5,10,2)
       Min divergence: -0.12E+01 at (2,13,4)
       Max VN number :  0.27E+00 at (1,15,11)
 
       Time Step     8700   May 17, 2026  09:33:03
       Step Size:  0.100E-01 s, Total Time:   86.90847 s
       Pressure Iterations: 1
       Maximum Velocity Error:  0.62E-01 on Mesh 1 at (24,1,4)
       Maximum Pressure Error:  0.16E+03 on Mesh 2 at (4,8,1)
       ---------------------------------------------------------------
       Mesh    1
       Max CFL number:  0.37E+00 at (23,13,1)
       Max divergence:  0.86E+01 at (13,13,1)
       Min divergence: -0.29E+01 at (19,13,1)
       Max VN number :  0.43E+00 at (23,13,4)
       Mesh    2
       Max CFL number:  0.28E+00 at (5,7,4)
       Max divergence:  0.89E+01 at (1,13,2)
       Min divergence: -0.11E+01 at (6,9,8)
       Max VN number :  0.24E+00 at (3,13,7)
 
       Time Step     8800   May 17, 2026  09:33:16
       Step Size:  0.100E-01 s, Total Time:   87.90847 s
       Pressure Iterations: 1
       Maximum Velocity Error:  0.51E-01 on Mesh 1 at (24,7,1)
       Maximum Pressure Error:  0.15E+03 on Mesh 2 at (2,7,1)
       ---------------------------------------------------------------
       Mesh    1
       Max CFL number:  0.30E+00 at (24,7,7)
       Max divergence:  0.60E+01 at (19,1,2)
       Min divergence: -0.25E+01 at (19,13,1)
       Max VN number :  0.42E+00 at (24,13,2)
       Mesh    2
       Max CFL number:  0.35E+00 at (2,8,3)
       Max divergence:  0.11E+02 at (2,7,1)
       Min divergence: -0.16E+01 at (1,12,2)
       Max VN number :  0.32E+00 at (3,1,11)
 
       Time Step     8900   May 17, 2026  09:33:33
       Step Size:  0.100E-01 s, Total Time:   88.90847 s
       Pressure Iterations: 2
       Maximum Velocity Error:  0.24E-01 on Mesh 2 at (0,3,2)
       Maximum Pressure Error:  0.13E+03 on Mesh 1 at (24,3,1)
       ---------------------------------------------------------------
       Mesh    1
       Max CFL number:  0.33E+00 at (24,13,1)
       Max divergence:  0.68E+01 at (10,1,1)
       Min divergence: -0.20E+01 at (20,13,15)
       Max VN number :  0.32E+00 at (10,3,1)
       Mesh    2
       Max CFL number:  0.33E+00 at (4,11,1)
       Max divergence:  0.97E+01 at (5,4,1)
       Min divergence: -0.21E+01 at (1,12,2)
       Max VN number :  0.37E+00 at (3,13,2)
 
       Time Step     9000   May 17, 2026  09:33:52
       Step Size:  0.100E-01 s, Total Time:   89.90847 s
       Pressure Iterations: 1
       Maximum Velocity Error:  0.53E-01 on Mesh 2 at (0,13,5)
       Maximum Pressure Error:  0.11E+03 on Mesh 1 at (4,4,1)
       ---------------------------------------------------------------
       Mesh    1
       Max CFL number:  0.37E+00 at (24,13,1)
       Max divergence:  0.43E+01 at (21,1,7)
       Min divergence: -0.18E+01 at (23,13,15)
       Max VN number :  0.26E+00 at (19,17,5)
       Mesh    2
       Max CFL number:  0.28E+00 at (1,11,1)
       Max divergence:  0.66E+01 at (7,7,2)
       Min divergence: -0.88E+00 at (1,13,2)
       Max VN number :  0.41E+00 at (3,2,1)
 
       Time Step     9100   May 17, 2026  09:34:10
       Step Size:  0.100E-01 s, Total Time:   90.90847 s
       Pressure Iterations: 1
       Maximum Velocity Error:  0.43E-01 on Mesh 1 at (24,6,10)
       Maximum Pressure Error:  0.37E+03 on Mesh 2 at (7,6,1)
       ---------------------------------------------------------------
       Mesh    1
       Max CFL number:  0.29E+00 at (23,13,1)
       Max divergence:  0.28E+01 at (13,13,1)
       Min divergence: -0.23E+01 at (23,13,15)
       Max VN number :  0.22E+00 at (24,28,20)
       Mesh    2
       Max CFL number:  0.29E+00 at (3,2,3)
       Max divergence:  0.84E+01 at (6,5,1)
       Min divergence: -0.87E+00 at (3,10,2)
       Max VN number :  0.31E+00 at (1,1,15)
 
       Time Step     9200   May 17, 2026  09:34:25
       Step Size:  0.100E-01 s, Total Time:   91.90847 s
       Pressure Iterations: 1
       Maximum Velocity Error:  0.57E-01 on Mesh 1 at (24,13,1)
       Maximum Pressure Error:  0.20E+03 on Mesh 2 at (7,3,1)
       ---------------------------------------------------------------
       Mesh    1
       Max CFL number:  0.32E+00 at (24,13,3)
       Max divergence:  0.31E+01 at (19,14,3)
       Min divergence: -0.17E+01 at (20,13,15)
       Max VN number :  0.25E+00 at (1,8,16)
       Mesh    2
       Max CFL number:  0.26E+00 at (8,7,1)
       Max divergence:  0.78E+01 at (8,7,1)
       Min divergence: -0.68E+00 at (1,12,2)
       Max VN number :  0.25E+00 at (10,10,1)
 
       Time Step     9300   May 17, 2026  09:34:40
       Step Size:  0.100E-01 s, Total Time:   92.90847 s
       Pressure Iterations: 1
       Maximum Velocity Error:  0.72E-01 on Mesh 1 at (24,20,1)
       Maximum Pressure Error:  0.10E+03 on Mesh 1 at (24,20,1)
       ---------------------------------------------------------------
       Mesh    1
       Max CFL number:  0.35E+00 at (23,13,3)
       Max divergence:  0.29E+01 at (24,20,1)
       Min divergence: -0.27E+01 at (23,13,15)
       Max VN number :  0.36E+00 at (24,13,2)
       Mesh    2
       Max CFL number:  0.30E+00 at (10,9,1)
       Max divergence:  0.46E+01 at (9,1,4)
       Min divergence: -0.13E+01 at (1,13,2)
       Max VN number :  0.51E+00 at (11,10,1)
 
       Time Step     9400   May 17, 2026  09:34:55
       Step Size:  0.100E-01 s, Total Time:   93.90847 s
       Pressure Iterations: 1
       Maximum Velocity Error:  0.45E-01 on Mesh 2 at (8,13,1)
       Maximum Pressure Error:  0.96E+02 on Mesh 2 at (8,13,1)
       ---------------------------------------------------------------
       Mesh    1
       Max CFL number:  0.33E+00 at (23,13,5)
       Max divergence:  0.46E+01 at (18,24,1)
       Min divergence: -0.28E+01 at (23,13,15)
       Max VN number :  0.31E+00 at (19,15,2)
       Mesh    2
       Max CFL number:  0.23E+00 at (6,8,14)
       Max divergence:  0.47E+01 at (13,11,1)
       Min divergence: -0.97E+00 at (1,13,4)
       Max VN number :  0.27E+00 at (9,13,2)
 
       Time Step     9500   May 17, 2026  09:35:11
       Step Size:  0.100E-01 s, Total Time:   94.90847 s
       Pressure Iterations: 1
       Maximum Velocity Error:  0.29E-01 on Mesh 1 at (24,12,4)
       Maximum Pressure Error:  0.80E+02 on Mesh 2 at (18,7,1)
       ---------------------------------------------------------------
       Mesh    1
       Max CFL number:  0.33E+00 at (23,13,3)
       Max divergence:  0.36E+01 at (19,27,1)
       Min divergence: -0.30E+01 at (23,13,15)
       Max VN number :  0.28E+00 at (21,13,2)
       Mesh    2
       Max CFL number:  0.27E+00 at (1,13,1)
       Max divergence:  0.35E+01 at (23,2,2)
       Min divergence: -0.14E+01 at (1,13,2)
       Max VN number :  0.26E+00 at (14,12,1)
 
       Time Step     9600   May 17, 2026  09:35:25
       Step Size:  0.100E-01 s, Total Time:   95.90847 s
       Pressure Iterations: 1
       Maximum Velocity Error:  0.25E-01 on Mesh 1 at (7,33,20)
       Maximum Pressure Error:  0.15E+03 on Mesh 2 at (24,4,1)
       ---------------------------------------------------------------
       Mesh    1
       Max CFL number:  0.32E+00 at (20,13,3)
       Max divergence:  0.28E+01 at (23,26,1)
       Min divergence: -0.22E+01 at (23,13,15)
       Max VN number :  0.26E+00 at (18,13,2)
       Mesh    2
       Max CFL number:  0.24E+00 at (1,20,1)
       Max divergence:  0.44E+01 at (25,5,1)
       Min divergence: -0.74E+00 at (1,14,2)
       Max VN number :  0.25E+00 at (1,14,2)
 
       Time Step     9700   May 17, 2026  09:35:39
       Step Size:  0.100E-01 s, Total Time:   96.90847 s
       Pressure Iterations: 1
       Maximum Velocity Error:  0.13E-01 on Mesh 1 at (24,25,1)
       Maximum Pressure Error:  0.50E+02 on Mesh 1 at (19,32,1)
       ---------------------------------------------------------------
       Mesh    1
       Max CFL number:  0.28E+00 at (20,13,1)
       Max divergence:  0.22E+01 at (19,30,3)
       Min divergence: -0.30E+01 at (23,13,15)
       Max VN number :  0.27E+00 at (19,14,2)
       Mesh    2
       Max CFL number:  0.23E+00 at (1,20,2)
       Max divergence:  0.14E+01 at (14,24,1)
       Min divergence: -0.44E+00 at (25,14,10)
       Max VN number :  0.21E+00 at (12,16,20)
 
       Time Step     9800   May 17, 2026  09:35:53
       Step Size:  0.100E-01 s, Total Time:   97.90847 s
       Pressure Iterations: 1
       Maximum Velocity Error:  0.24E-01 on Mesh 1 at (24,30,3)
       Maximum Pressure Error:  0.54E+02 on Mesh 2 at (24,26,1)
       ---------------------------------------------------------------
       Mesh    1
       Max CFL number:  0.32E+00 at (20,13,1)
       Max divergence:  0.17E+01 at (23,32,2)
       Min divergence: -0.26E+01 at (20,13,15)
       Max VN number :  0.27E+00 at (17,27,1)
       Mesh    2
       Max CFL number:  0.20E+00 at (2,32,17)
       Max divergence:  0.20E+01 at (24,29,1)
       Min divergence: -0.61E+00 at (1,13,2)
       Max VN number :  0.25E+00 at (24,2,1)
 
       Time Step     9900   May 17, 2026  09:36:10
       Step Size:  0.100E-01 s, Total Time:   98.90847 s
       Pressure Iterations: 1
       Maximum Velocity Error:  0.40E-01 on Mesh 2 at (17,33,5)
       Maximum Pressure Error:  0.23E+02 on Mesh 2 at (25,3,1)
       ---------------------------------------------------------------
       Mesh    1
       Max CFL number:  0.34E+00 at (23,13,1)
       Max divergence:  0.47E+00 at (22,12,1)
       Min divergence: -0.28E+01 at (23,13,15)
       Max VN number :  0.23E+00 at (19,1,6)
       Mesh    2
       Max CFL number:  0.22E+00 at (19,33,1)
       Max divergence:  0.11E+01 at (16,32,4)
       Min divergence: -0.66E+00 at (1,13,2)
       Max VN number :  0.27E+00 at (16,11,20)
 
       Time Step    10000   May 17, 2026  09:36:24
       Step Size:  0.100E-01 s, Total Time:   99.90847 s
       Pressure Iterations: 1
       Maximum Velocity Error:  0.12E-01 on Mesh 2 at (8,33,10)
       Maximum Pressure Error:  0.46E+02 on Mesh 2 at (23,4,1)
       ---------------------------------------------------------------
       Mesh    1
       Max CFL number:  0.33E+00 at (20,13,1)
       Max divergence:  0.57E+00 at (23,13,1)
       Min divergence: -0.24E+01 at (20,13,15)
       Max VN number :  0.33E+00 at (23,13,2)
       Mesh    2
       Max CFL number:  0.24E+00 at (6,33,9)
       Max divergence:  0.70E+00 at (11,32,15)
       Min divergence: -0.48E+00 at (1,13,2)
       Max VN number :  0.27E+00 at (7,33,10)
 
       Time Step    10100   May 17, 2026  09:36:39
       Step Size:  0.100E-01 s, Total Time:  100.90847 s
       Pressure Iterations: 1
       Maximum Velocity Error:  0.19E-01 on Mesh 1 at (24,13,7)
       Maximum Pressure Error:  0.14E+02 on Mesh 1 at (23,13,3)
       ---------------------------------------------------------------
       Mesh    1
       Max CFL number:  0.33E+00 at (20,13,1)
       Max divergence:  0.48E+00 at (22,13,3)
       Min divergence: -0.25E+01 at (23,13,15)
       Max VN number :  0.34E+00 at (23,13,2)
       Mesh    2
       Max CFL number:  0.21E+00 at (1,13,1)
       Max divergence:  0.24E+00 at (14,1,4)
       Min divergence: -0.43E+00 at (1,13,9)
       Max VN number :  0.25E+00 at (9,10,20)
 
       Time Step    10200   May 17, 2026  09:36:54
       Step Size:  0.100E-01 s, Total Time:  101.90847 s
       Pressure Iterations: 1
       Maximum Velocity Error:  0.60E-02 on Mesh 1 at (20,33,1)
       Maximum Pressure Error:  0.17E+02 on Mesh 2 at (23,2,1)
       ---------------------------------------------------------------
       Mesh    1
       Max CFL number:  0.37E+00 at (20,13,1)
       Max divergence:  0.54E+00 at (20,12,5)
       Min divergence: -0.24E+01 at (22,13,15)
       Max VN number :  0.20E+00 at (23,13,2)
       Mesh    2
       Max CFL number:  0.19E+00 at (1,9,1)
       Max divergence:  0.22E+00 at (5,2,4)
       Min divergence: -0.36E+00 at (1,17,2)
       Max VN number :  0.18E+00 at (3,32,1)
 
       Time Step    10300   May 17, 2026  09:37:09
       Step Size:  0.100E-01 s, Total Time:  102.90847 s
       Pressure Iterations: 1
       Maximum Velocity Error:  0.82E-02 on Mesh 1 at (24,13,2)
       Maximum Pressure Error:  0.15E+02 on Mesh 2 at (25,1,1)
       ---------------------------------------------------------------
       Mesh    1
       Max CFL number:  0.32E+00 at (20,13,1)
       Max divergence:  0.54E+00 at (17,13,11)
       Min divergence: -0.21E+01 at (20,13,15)
       Max VN number :  0.20E+00 at (19,15,3)
       Mesh    2
       Max CFL number:  0.18E+00 at (1,9,1)
       Max divergence:  0.26E+00 at (10,1,5)
       Min divergence: -0.47E+00 at (1,14,2)
       Max VN number :  0.21E+00 at (15,30,1)
 
       Time Step    10400   May 17, 2026  09:37:23
       Step Size:  0.100E-01 s, Total Time:  103.90847 s
       Pressure Iterations: 1
       Maximum Velocity Error:  0.84E-02 on Mesh 1 at (24,28,1)
       Maximum Pressure Error:  0.70E+01 on Mesh 2 at (3,29,1)
       ---------------------------------------------------------------
       Mesh    1
       Max CFL number:  0.35E+00 at (20,13,1)
       Max divergence:  0.78E+00 at (19,14,1)
       Min divergence: -0.23E+01 at (20,13,15)
       Max VN number :  0.38E+00 at (19,14,2)
       Mesh    2
       Max CFL number:  0.19E+00 at (1,11,1)
       Max divergence:  0.34E+00 at (7,2,4)
       Min divergence: -0.55E+00 at (1,13,2)
       Max VN number :  0.19E+00 at (1,33,2)
 
       Time Step    10500   May 17, 2026  09:37:38
       Step Size:  0.100E-01 s, Total Time:  104.90847 s
       Pressure Iterations: 1
       Maximum Velocity Error:  0.56E-02 on Mesh 1 at (24,12,1)
       Maximum Pressure Error:  0.67E+01 on Mesh 1 at (20,14,1)
       ---------------------------------------------------------------
       Mesh    1
       Max CFL number:  0.36E+00 at (20,13,1)
       Max divergence:  0.57E+00 at (18,13,1)
       Min divergence: -0.24E+01 at (22,13,15)
       Max VN number :  0.32E+00 at (19,14,2)
       Mesh    2
       Max CFL number:  0.18E+00 at (1,11,1)
       Max divergence:  0.38E+00 at (2,2,5)
       Min divergence: -0.62E+00 at (1,13,2)
       Max VN number :  0.12E+00 at (1,14,6)
 
       Time Step    10600   May 17, 2026  09:37:54
       Step Size:  0.100E-01 s, Total Time:  105.90847 s
       Pressure Iterations: 1
       Maximum Velocity Error:  0.68E-02 on Mesh 1 at (24,12,1)
       Maximum Pressure Error:  0.72E+01 on Mesh 1 at (22,13,4)
       ---------------------------------------------------------------
       Mesh    1
       Max CFL number:  0.35E+00 at (23,13,1)
       Max divergence:  0.49E+00 at (18,13,1)
       Min divergence: -0.26E+01 at (20,13,15)
       Max VN number :  0.27E+00 at (19,14,2)
       Mesh    2
       Max CFL number:  0.20E+00 at (1,12,1)
       Max divergence:  0.28E+00 at (2,2,5)
       Min divergence: -0.43E+00 at (3,2,5)
       Max VN number :  0.17E+00 at (12,25,1)
 
       Time Step    10700   May 17, 2026  09:38:09
       Step Size:  0.100E-01 s, Total Time:  106.90847 s
       Pressure Iterations: 1
       Maximum Velocity Error:  0.45E-02 on Mesh 1 at (20,13,3)
       Maximum Pressure Error:  0.96E+01 on Mesh 1 at (20,13,3)
       ---------------------------------------------------------------
       Mesh    1
       Max CFL number:  0.34E+00 at (20,13,1)
       Max divergence:  0.39E+00 at (17,2,5)
       Min divergence: -0.25E+01 at (20,13,15)
       Max VN number :  0.27E+00 at (18,13,2)
       Mesh    2
       Max CFL number:  0.21E+00 at (1,12,1)
       Max divergence:  0.26E+00 at (2,2,5)
       Min divergence: -0.37E+00 at (1,2,6)
       Max VN number :  0.14E+00 at (11,3,1)
 
       Time Step    10800   May 17, 2026  09:38:23
       Step Size:  0.100E-01 s, Total Time:  107.90847 s
       Pressure Iterations: 1
       Maximum Velocity Error:  0.61E-02 on Mesh 1 at (24,13,1)
       Maximum Pressure Error:  0.77E+01 on Mesh 1 at (21,1,1)
       ---------------------------------------------------------------
       Mesh    1
       Max CFL number:  0.34E+00 at (20,13,1)
       Max divergence:  0.58E+00 at (18,13,1)
       Min divergence: -0.27E+01 at (21,13,15)
       Max VN number :  0.26E+00 at (19,14,3)
       Mesh    2
       Max CFL number:  0.22E+00 at (1,10,1)
       Max divergence:  0.29E+00 at (2,2,5)
       Min divergence: -0.44E+00 at (1,2,6)
       Max VN number :  0.15E+00 at (25,31,3)
 
       Time Step    10900   May 17, 2026  09:38:36
       Step Size:  0.100E-01 s, Total Time:  108.90847 s
       Pressure Iterations: 1
       Maximum Velocity Error:  0.91E-02 on Mesh 1 at (23,13,1)
       Maximum Pressure Error:  0.12E+02 on Mesh 1 at (23,13,4)
       ---------------------------------------------------------------
       Mesh    1
       Max CFL number:  0.34E+00 at (23,13,1)
       Max divergence:  0.55E+00 at (18,13,1)
       Min divergence: -0.27E+01 at (21,13,15)
       Max VN number :  0.34E+00 at (18,13,2)
       Mesh    2
       Max CFL number:  0.23E+00 at (1,11,1)
       Max divergence:  0.37E+00 at (3,2,5)
       Min divergence: -0.45E+00 at (1,13,2)
       Max VN number :  0.17E+00 at (25,32,3)
 
       Time Step    11000   May 17, 2026  09:38:51
       Step Size:  0.100E-01 s, Total Time:  109.90847 s
       Pressure Iterations: 1
       Maximum Velocity Error:  0.37E-01 on Mesh 1 at (24,13,2)
       Maximum Pressure Error:  0.19E+02 on Mesh 1 at (24,13,5)
       ---------------------------------------------------------------
       Mesh    1
       Max CFL number:  0.34E+00 at (24,13,3)
       Max divergence:  0.64E+00 at (21,13,14)
       Min divergence: -0.28E+01 at (20,13,15)
       Max VN number :  0.20E+00 at (24,13,2)
       Mesh    2
       Max CFL number:  0.24E+00 at (1,11,1)
       Max divergence:  0.34E+00 at (3,2,5)
       Min divergence: -0.59E+00 at (1,13,2)
       Max VN number :  0.18E+00 at (14,1,6)
 
       Time Step    11100   May 17, 2026  09:39:05
       Step Size:  0.100E-01 s, Total Time:  110.90847 s
       Pressure Iterations: 1
       Maximum Velocity Error:  0.21E-01 on Mesh 1 at (24,13,3)
       Maximum Pressure Error:  0.17E+02 on Mesh 1 at (23,14,1)
       ---------------------------------------------------------------
       Mesh    1
       Max CFL number:  0.34E+00 at (23,13,2)
       Max divergence:  0.10E+01 at (23,12,6)
       Min divergence: -0.25E+01 at (21,13,15)
       Max VN number :  0.21E+00 at (18,32,1)
       Mesh    2
       Max CFL number:  0.25E+00 at (1,13,1)
       Max divergence:  0.29E+00 at (2,2,6)
       Min divergence: -0.59E+00 at (1,13,7)
       Max VN number :  0.23E+00 at (24,4,1)
 
       Time Step    11200   May 17, 2026  09:39:19
       Step Size:  0.100E-01 s, Total Time:  111.90847 s
       Pressure Iterations: 1
       Maximum Velocity Error:  0.15E-01 on Mesh 2 at (0,13,2)
       Maximum Pressure Error:  0.18E+02 on Mesh 1 at (23,13,4)
       ---------------------------------------------------------------
       Mesh    1
       Max CFL number:  0.34E+00 at (23,13,2)
       Max divergence:  0.53E+00 at (23,12,6)
       Min divergence: -0.26E+01 at (23,13,15)
       Max VN number :  0.29E+00 at (24,13,3)
       Mesh    2
       Max CFL number:  0.33E+00 at (1,13,1)
       Max divergence:  0.32E+00 at (1,14,3)
       Min divergence: -0.80E+00 at (2,13,2)
       Max VN number :  0.37E+00 at (2,13,2)
 
       Time Step    11300   May 17, 2026  09:39:34
       Step Size:  0.100E-01 s, Total Time:  112.90847 s
       Pressure Iterations: 1
       Maximum Velocity Error:  0.26E-01 on Mesh 2 at (0,13,5)
       Maximum Pressure Error:  0.10E+02 on Mesh 1 at (21,13,5)
       ---------------------------------------------------------------
       Mesh    1
       Max CFL number:  0.33E+00 at (24,13,1)
       Max divergence:  0.72E+00 at (23,12,9)
       Min divergence: -0.24E+01 at (20,13,15)
       Max VN number :  0.18E+00 at (22,2,1)
       Mesh    2
       Max CFL number:  0.29E+00 at (1,13,1)
       Max divergence:  0.21E+00 at (1,2,5)
       Min divergence: -0.73E+00 at (1,13,10)
       Max VN number :  0.19E+00 at (2,13,2)
 
       Time Step    11400   May 17, 2026  09:39:47
       Step Size:  0.100E-01 s, Total Time:  113.90847 s
       Pressure Iterations: 1
       Maximum Velocity Error:  0.15E-01 on Mesh 1 at (24,13,12)
       Maximum Pressure Error:  0.17E+02 on Mesh 1 at (23,13,7)
       ---------------------------------------------------------------
       Mesh    1
       Max CFL number:  0.32E+00 at (22,13,3)
       Max divergence:  0.50E+00 at (19,13,3)
       Min divergence: -0.25E+01 at (23,13,15)
       Max VN number :  0.16E+00 at (23,13,2)
       Mesh    2
       Max CFL number:  0.23E+00 at (1,12,1)
       Max divergence:  0.51E+00 at (3,1,8)
       Min divergence: -0.39E+00 at (2,2,7)
       Max VN number :  0.14E+00 at (25,31,3)
 
       Time Step    11500   May 17, 2026  09:40:00
       Step Size:  0.100E-01 s, Total Time:  114.90847 s
       Pressure Iterations: 1
       Maximum Velocity Error:  0.39E-01 on Mesh 1 at (24,13,3)
       Maximum Pressure Error:  0.27E+02 on Mesh 1 at (23,13,3)
       ---------------------------------------------------------------
       Mesh    1
       Max CFL number:  0.32E+00 at (20,13,1)
       Max divergence:  0.67E+00 at (23,13,3)
       Min divergence: -0.29E+01 at (23,13,15)
       Max VN number :  0.31E+00 at (24,13,3)
       Mesh    2
       Max CFL number:  0.31E+00 at (1,13,1)
       Max divergence:  0.59E+00 at (3,1,8)
       Min divergence: -0.73E+00 at (1,13,2)
       Max VN number :  0.25E+00 at (1,14,2)
 
       Time Step    11600   May 17, 2026  09:40:13
       Step Size:  0.100E-01 s, Total Time:  115.90847 s
       Pressure Iterations: 1
       Maximum Velocity Error:  0.15E-01 on Mesh 1 at (24,13,3)
       Maximum Pressure Error:  0.16E+02 on Mesh 1 at (23,13,6)
       ---------------------------------------------------------------
       Mesh    1
       Max CFL number:  0.34E+00 at (23,12,1)
       Max divergence:  0.75E+00 at (22,13,14)
       Min divergence: -0.28E+01 at (22,13,15)
       Max VN number :  0.18E+00 at (19,14,2)
       Mesh    2
       Max CFL number:  0.24E+00 at (1,12,1)
       Max divergence:  0.35E+00 at (12,1,7)
       Min divergence: -0.67E+00 at (1,13,2)
       Max VN number :  0.17E+00 at (18,7,1)
 
       Time Step    11700   May 17, 2026  09:40:31
       Step Size:  0.100E-01 s, Total Time:  116.90847 s
       Pressure Iterations: 1
       Maximum Velocity Error:  0.11E-01 on Mesh 2 at (0,6,1)
       Maximum Pressure Error:  0.13E+02 on Mesh 1 at (23,13,7)
       ---------------------------------------------------------------
       Mesh    1
       Max CFL number:  0.36E+00 at (20,12,1)
       Max divergence:  0.98E+00 at (22,13,14)
       Min divergence: -0.35E+01 at (20,13,15)
       Max VN number :  0.27E+00 at (18,13,2)
       Mesh    2
       Max CFL number:  0.22E+00 at (2,5,1)
       Max divergence:  0.25E+00 at (6,2,6)
       Min divergence: -0.43E+00 at (1,13,2)
       Max VN number :  0.16E+00 at (16,1,7)
 
       Time Step    11800   May 17, 2026  09:40:54
       Step Size:  0.100E-01 s, Total Time:  117.90847 s
       Pressure Iterations: 1
       Maximum Velocity Error:  0.31E-01 on Mesh 1 at (24,13,3)
       Maximum Pressure Error:  0.15E+02 on Mesh 1 at (24,13,4)
       ---------------------------------------------------------------
       Mesh    1
       Max CFL number:  0.35E+00 at (23,12,1)
       Max divergence:  0.67E+00 at (22,13,14)
       Min divergence: -0.30E+01 at (20,13,15)
       Max VN number :  0.20E+00 at (21,2,1)
       Mesh    2
       Max CFL number:  0.25E+00 at (1,11,1)
       Max divergence:  0.34E+00 at (7,1,8)
       Min divergence: -0.49E+00 at (1,13,2)
       Max VN number :  0.22E+00 at (24,2,1)
 
       Time Step    11900   May 17, 2026  09:41:19
       Step Size:  0.100E-01 s, Total Time:  118.90847 s
       Pressure Iterations: 1
       Maximum Velocity Error:  0.48E-01 on Mesh 2 at (0,13,4)
       Maximum Pressure Error:  0.26E+02 on Mesh 1 at (24,13,5)
       ---------------------------------------------------------------
       Mesh    1
       Max CFL number:  0.34E+00 at (24,13,5)
       Max divergence:  0.80E+00 at (22,13,14)
       Min divergence: -0.33E+01 at (23,13,15)
       Max VN number :  0.28E+00 at (24,13,3)
       Mesh    2
       Max CFL number:  0.25E+00 at (1,9,1)
       Max divergence:  0.56E+00 at (16,1,8)
       Min divergence: -0.70E+00 at (1,13,2)
       Max VN number :  0.20E+00 at (5,1,7)
 
       Time Step    12000   May 17, 2026  09:41:41
       Step Size:  0.100E-01 s, Total Time:  119.90847 s
       Pressure Iterations: 1
       Maximum Velocity Error:  0.27E-01 on Mesh 1 at (24,13,9)
       Maximum Pressure Error:  0.15E+02 on Mesh 1 at (23,13,3)
       ---------------------------------------------------------------
       Mesh    1
       Max CFL number:  0.32E+00 at (23,13,6)
       Max divergence:  0.71E+00 at (23,13,14)
       Min divergence: -0.29E+01 at (23,13,15)
       Max VN number :  0.15E+00 at (19,15,2)
       Mesh    2
       Max CFL number:  0.26E+00 at (4,1,1)
       Max divergence:  0.40E+00 at (7,1,7)
       Min divergence: -0.95E+00 at (1,13,11)
       Max VN number :  0.21E+00 at (7,1,8)
 
       Time Step    12100   May 17, 2026  09:42:01
       Step Size:  0.100E-01 s, Total Time:  120.90847 s
       Pressure Iterations: 1
       Maximum Velocity Error:  0.27E-01 on Mesh 1 at (24,3,1)
       Maximum Pressure Error:  0.80E+01 on Mesh 1 at (23,13,7)
       ---------------------------------------------------------------
       Mesh    1
       Max CFL number:  0.32E+00 at (23,12,1)
       Max divergence:  0.68E+00 at (21,13,14)
       Min divergence: -0.32E+01 at (23,13,15)
       Max VN number :  0.16E+00 at (20,2,1)
       Mesh    2
       Max CFL number:  0.25E+00 at (1,11,1)
       Max divergence:  0.93E+00 at (12,1,8)
       Min divergence: -0.44E+00 at (1,12,2)
       Max VN number :  0.15E+00 at (16,1,7)
 
       Time Step    12200   May 17, 2026  09:42:16
       Step Size:  0.100E-01 s, Total Time:  121.90847 s
       Pressure Iterations: 1
       Maximum Velocity Error:  0.11E-01 on Mesh 1 at (24,13,9)
       Maximum Pressure Error:  0.78E+01 on Mesh 1 at (22,14,1)
       ---------------------------------------------------------------
       Mesh    1
       Max CFL number:  0.34E+00 at (23,13,1)
       Max divergence:  0.66E+00 at (22,13,14)
       Min divergence: -0.43E+01 at (23,13,15)
       Max VN number :  0.25E+00 at (18,13,2)
       Mesh    2
       Max CFL number:  0.25E+00 at (1,11,1)
       Max divergence:  0.70E+00 at (8,1,9)
       Min divergence: -0.80E+00 at (8,1,10)
       Max VN number :  0.17E+00 at (12,1,7)
 
       Time Step    12300   May 17, 2026  09:42:32
       Step Size:  0.100E-01 s, Total Time:  122.90847 s
       Pressure Iterations: 1
       Maximum Velocity Error:  0.21E-01 on Mesh 2 at (0,1,1)
       Maximum Pressure Error:  0.98E+01 on Mesh 1 at (23,13,4)
       ---------------------------------------------------------------
       Mesh    1
       Max CFL number:  0.33E+00 at (20,12,1)
       Max divergence:  0.70E+00 at (23,13,14)
       Min divergence: -0.36E+01 at (23,13,15)
       Max VN number :  0.23E+00 at (18,13,2)
       Mesh    2
       Max CFL number:  0.24E+00 at (1,11,1)
       Max divergence:  0.58E+00 at (4,1,8)
       Min divergence: -0.52E+00 at (4,1,9)
       Max VN number :  0.15E+00 at (17,7,1)
 
       Time Step    12400   May 17, 2026  09:42:49
       Step Size:  0.100E-01 s, Total Time:  123.90847 s
       Pressure Iterations: 1
       Maximum Velocity Error:  0.86E-02 on Mesh 1 at (24,13,8)
       Maximum Pressure Error:  0.83E+01 on Mesh 1 at (23,13,4)
       ---------------------------------------------------------------
       Mesh    1
       Max CFL number:  0.33E+00 at (20,12,1)
       Max divergence:  0.68E+00 at (21,13,14)
       Min divergence: -0.39E+01 at (23,13,15)
       Max VN number :  0.22E+00 at (14,1,8)
       Mesh    2
       Max CFL number:  0.24E+00 at (1,13,1)
       Max divergence:  0.28E+00 at (7,2,7)
       Min divergence: -0.60E+00 at (1,13,2)
       Max VN number :  0.15E+00 at (17,1,7)
 
       Time Step    12500   May 17, 2026  09:43:03
       Step Size:  0.100E-01 s, Total Time:  124.90847 s
       Pressure Iterations: 1
       Maximum Velocity Error:  0.27E-01 on Mesh 1 at (24,5,1)
       Maximum Pressure Error:  0.10E+02 on Mesh 1 at (21,13,5)
       ---------------------------------------------------------------
       Mesh    1
       Max CFL number:  0.30E+00 at (23,12,1)
       Max divergence:  0.70E+00 at (23,13,14)
       Min divergence: -0.22E+01 at (22,13,15)
       Max VN number :  0.34E+00 at (24,13,2)
       Mesh    2
       Max CFL number:  0.24E+00 at (1,10,1)
       Max divergence:  0.59E+00 at (4,1,8)
       Min divergence: -0.63E+00 at (1,13,2)
       Max VN number :  0.22E+00 at (4,1,8)
 
       Time Step    12600   May 17, 2026  09:43:18
       Step Size:  0.100E-01 s, Total Time:  125.90847 s
       Pressure Iterations: 1
       Maximum Velocity Error:  0.38E-01 on Mesh 2 at (0,13,4)
       Maximum Pressure Error:  0.18E+02 on Mesh 1 at (24,13,5)
       ---------------------------------------------------------------
       Mesh    1
       Max CFL number:  0.32E+00 at (24,13,5)
       Max divergence:  0.83E+00 at (20,13,14)
       Min divergence: -0.40E+01 at (23,13,15)
       Max VN number :  0.24E+00 at (18,13,2)
       Mesh    2
       Max CFL number:  0.25E+00 at (1,11,1)
       Max divergence:  0.30E+00 at (2,1,8)
       Min divergence: -0.51E+00 at (1,13,2)
       Max VN number :  0.14E+00 at (25,31,5)
 
       Time Step    12700   May 17, 2026  09:43:33
       Step Size:  0.100E-01 s, Total Time:  126.90847 s
       Pressure Iterations: 1
       Maximum Velocity Error:  0.23E-01 on Mesh 2 at (0,1,1)
       Maximum Pressure Error:  0.21E+02 on Mesh 1 at (23,13,4)
       ---------------------------------------------------------------
       Mesh    1
       Max CFL number:  0.32E+00 at (20,12,1)
       Max divergence:  0.58E+00 at (20,12,9)
       Min divergence: -0.32E+01 at (23,13,15)
       Max VN number :  0.40E+00 at (24,13,2)
       Mesh    2
       Max CFL number:  0.25E+00 at (1,13,1)
       Max divergence:  0.26E+00 at (1,12,1)
       Min divergence: -0.68E+00 at (1,13,2)
       Max VN number :  0.16E+00 at (6,1,9)
 
       Time Step    12800   May 17, 2026  09:43:48
       Step Size:  0.100E-01 s, Total Time:  127.90847 s
       Pressure Iterations: 1
       Maximum Velocity Error:  0.40E-01 on Mesh 1 at (24,13,1)
       Maximum Pressure Error:  0.18E+02 on Mesh 1 at (24,14,2)
       ---------------------------------------------------------------
       Mesh    1
       Max CFL number:  0.33E+00 at (20,13,1)
       Max divergence:  0.52E+00 at (20,13,14)
       Min divergence: -0.35E+01 at (23,13,15)
       Max VN number :  0.25E+00 at (24,13,2)
       Mesh    2
       Max CFL number:  0.25E+00 at (1,13,1)
       Max divergence:  0.45E+00 at (14,1,10)
       Min divergence: -0.64E+00 at (1,13,2)
       Max VN number :  0.15E+00 at (11,1,8)
 
       Time Step    12900   May 17, 2026  09:44:04
       Step Size:  0.100E-01 s, Total Time:  128.90847 s
       Pressure Iterations: 1
       Maximum Velocity Error:  0.27E-01 on Mesh 1 at (24,13,3)
       Maximum Pressure Error:  0.19E+02 on Mesh 1 at (23,14,1)
       ---------------------------------------------------------------
       Mesh    1
       Max CFL number:  0.33E+00 at (23,13,2)
       Max divergence:  0.49E+00 at (23,13,14)
       Min divergence: -0.29E+01 at (20,13,15)
       Max VN number :  0.23E+00 at (18,13,2)
       Mesh    2
       Max CFL number:  0.24E+00 at (1,13,1)
       Max divergence:  0.21E+00 at (1,1,8)
       Min divergence: -0.28E+00 at (1,13,2)
       Max VN number :  0.16E+00 at (9,1,8)
 
       Time Step    13000   May 17, 2026  09:44:19
       Step Size:  0.100E-01 s, Total Time:  129.90847 s
       Pressure Iterations: 1
       Maximum Velocity Error:  0.24E-01 on Mesh 1 at (24,12,1)
       Maximum Pressure Error:  0.17E+02 on Mesh 1 at (23,14,1)
       ---------------------------------------------------------------
       Mesh    1
       Max CFL number:  0.32E+00 at (23,12,1)
       Max divergence:  0.59E+00 at (23,12,8)
       Min divergence: -0.20E+01 at (22,13,15)
       Max VN number :  0.20E+00 at (17,13,4)
       Mesh    2
       Max CFL number:  0.26E+00 at (1,13,1)
       Max divergence:  0.45E+00 at (4,1,9)
       Min divergence: -0.43E+00 at (1,13,2)
       Max VN number :  0.23E+00 at (4,1,9)
 
       Time Step    13100   May 17, 2026  09:44:35
       Step Size:  0.100E-01 s, Total Time:  130.90847 s
       Pressure Iterations: 1
       Maximum Velocity Error:  0.21E-01 on Mesh 1 at (24,13,5)
       Maximum Pressure Error:  0.13E+02 on Mesh 1 at (24,13,6)
       ---------------------------------------------------------------
       Mesh    1
       Max CFL number:  0.32E+00 at (23,12,1)
       Max divergence:  0.63E+00 at (23,13,14)
       Min divergence: -0.30E+01 at (23,13,15)
       Max VN number :  0.21E+00 at (19,14,3)
       Mesh    2
       Max CFL number:  0.23E+00 at (1,13,1)
       Max divergence:  0.27E+00 at (13,1,9)
       Min divergence: -0.38E+00 at (1,12,2)
       Max VN number :  0.17E+00 at (16,3,1)
 
       Time Step    13200   May 17, 2026  09:44:50
       Step Size:  0.100E-01 s, Total Time:  131.90847 s
       Pressure Iterations: 1
       Maximum Velocity Error:  0.43E-01 on Mesh 1 at (24,13,1)
       Maximum Pressure Error:  0.21E+02 on Mesh 1 at (23,13,3)
       ---------------------------------------------------------------
       Mesh    1
       Max CFL number:  0.35E+00 at (23,13,1)
       Max divergence:  0.60E+00 at (23,13,14)
       Min divergence: -0.18E+01 at (23,13,15)
       Max VN number :  0.19E+00 at (19,14,2)
       Mesh    2
       Max CFL number:  0.24E+00 at (1,11,1)
       Max divergence:  0.17E+00 at (8,1,8)
       Min divergence: -0.55E+00 at (1,13,2)
       Max VN number :  0.16E+00 at (10,31,1)
 
       Time Step    13300   May 17, 2026  09:45:04
       Step Size:  0.100E-01 s, Total Time:  132.90847 s
       Pressure Iterations: 1
       Maximum Velocity Error:  0.22E-01 on Mesh 2 at (0,13,5)
       Maximum Pressure Error:  0.16E+02 on Mesh 1 at (23,13,3)
       ---------------------------------------------------------------
       Mesh    1
       Max CFL number:  0.33E+00 at (23,13,2)
       Max divergence:  0.64E+00 at (21,13,14)
       Min divergence: -0.21E+01 at (21,13,15)
       Max VN number :  0.30E+00 at (24,13,2)
       Mesh    2
       Max CFL number:  0.25E+00 at (1,12,1)
       Max divergence:  0.53E+00 at (1,13,11)
       Min divergence: -0.47E+00 at (1,13,10)
       Max VN number :  0.15E+00 at (15,1,7)
 
       Time Step    13400   May 17, 2026  09:45:18
       Step Size:  0.100E-01 s, Total Time:  133.90847 s
       Pressure Iterations: 1
       Maximum Velocity Error:  0.17E-01 on Mesh 1 at (24,13,8)
       Maximum Pressure Error:  0.16E+02 on Mesh 1 at (23,13,7)
       ---------------------------------------------------------------
       Mesh    1
       Max CFL number:  0.30E+00 at (21,12,2)
       Max divergence:  0.61E+00 at (22,13,14)
       Min divergence: -0.16E+01 at (21,13,15)
       Max VN number :  0.23E+00 at (18,13,4)
       Mesh    2
       Max CFL number:  0.26E+00 at (1,11,1)
       Max divergence:  0.27E+00 at (6,1,9)
       Min divergence: -0.39E+00 at (1,13,2)
       Max VN number :  0.14E+00 at (24,1,6)
 
       Time Step    13500   May 17, 2026  09:45:32
       Step Size:  0.100E-01 s, Total Time:  134.90847 s
       Pressure Iterations: 1
       Maximum Velocity Error:  0.27E-01 on Mesh 1 at (24,13,1)
       Maximum Pressure Error:  0.12E+02 on Mesh 1 at (22,13,2)
       ---------------------------------------------------------------
       Mesh    1
       Max CFL number:  0.35E+00 at (23,13,1)
       Max divergence:  0.58E+00 at (20,13,14)
       Min divergence: -0.21E+01 at (21,13,15)
       Max VN number :  0.30E+00 at (22,13,1)
       Mesh    2
       Max CFL number:  0.22E+00 at (1,9,1)
       Max divergence:  0.22E+00 at (18,1,8)
       Min divergence: -0.47E+00 at (1,13,2)
       Max VN number :  0.18E+00 at (7,2,1)
 
       Time Step    13600   May 17, 2026  09:45:47
       Step Size:  0.100E-01 s, Total Time:  135.90847 s
       Pressure Iterations: 1
       Maximum Velocity Error:  0.21E-01 on Mesh 1 at (24,13,9)
       Maximum Pressure Error:  0.12E+02 on Mesh 1 at (20,13,10)
       ---------------------------------------------------------------
       Mesh    1
       Max CFL number:  0.32E+00 at (21,12,3)
       Max divergence:  0.11E+01 at (23,13,14)
       Min divergence: -0.44E+01 at (23,13,15)
       Max VN number :  0.25E+00 at (19,14,2)
       Mesh    2
       Max CFL number:  0.23E+00 at (1,13,1)
       Max divergence:  0.34E+00 at (7,1,10)
       Min divergence: -0.30E+00 at (1,13,2)
       Max VN number :  0.17E+00 at (6,1,10)
 
       Time Step    13700   May 17, 2026  09:46:00
       Step Size:  0.100E-01 s, Total Time:  136.90847 s
       Pressure Iterations: 1
       Maximum Velocity Error:  0.16E-01 on Mesh 1 at (24,12,2)
       Maximum Pressure Error:  0.18E+02 on Mesh 1 at (23,13,4)
       ---------------------------------------------------------------
       Mesh    1
       Max CFL number:  0.32E+00 at (23,13,2)
       Max divergence:  0.52E+00 at (23,13,14)
       Min divergence: -0.18E+01 at (23,13,15)
       Max VN number :  0.24E+00 at (20,13,2)
       Mesh    2
       Max CFL number:  0.21E+00 at (1,12,1)
       Max divergence:  0.20E+00 at (1,13,1)
       Min divergence: -0.26E+00 at (1,13,2)
       Max VN number :  0.19E+00 at (1,14,2)
 
       Time Step    13800   May 17, 2026  09:46:13
       Step Size:  0.100E-01 s, Total Time:  137.90847 s
       Pressure Iterations: 1
       Maximum Velocity Error:  0.31E-01 on Mesh 1 at (24,13,1)
       Maximum Pressure Error:  0.15E+02 on Mesh 1 at (23,14,1)
       ---------------------------------------------------------------
       Mesh    1
       Max CFL number:  0.33E+00 at (24,13,1)
       Max divergence:  0.43E+00 at (21,9,2)
       Min divergence: -0.11E+01 at (21,12,13)
       Max VN number :  0.22E+00 at (19,14,2)
       Mesh    2
       Max CFL number:  0.23E+00 at (1,13,1)
       Max divergence:  0.23E+00 at (8,1,9)
       Min divergence: -0.31E+00 at (1,12,2)
       Max VN number :  0.16E+00 at (7,1,9)
 
       Time Step    13900   May 17, 2026  09:46:26
       Step Size:  0.100E-01 s, Total Time:  138.90847 s
       Pressure Iterations: 1
       Maximum Velocity Error:  0.46E-01 on Mesh 1 at (24,11,1)
       Maximum Pressure Error:  0.15E+02 on Mesh 1 at (23,13,1)
       ---------------------------------------------------------------
       Mesh    1
       Max CFL number:  0.35E+00 at (24,12,1)
       Max divergence:  0.70E+00 at (20,12,14)
       Min divergence: -0.17E+01 at (21,13,15)
       Max VN number :  0.18E+00 at (17,13,4)
       Mesh    2
       Max CFL number:  0.27E+00 at (1,13,1)
       Max divergence:  0.49E+00 at (2,13,2)
       Min divergence: -0.45E+00 at (1,13,2)
       Max VN number :  0.24E+00 at (2,13,2)
 
       Time Step    14000   May 17, 2026  09:46:39
       Step Size:  0.100E-01 s, Total Time:  139.90847 s
       Pressure Iterations: 1
       Maximum Velocity Error:  0.12E-01 on Mesh 1 at (24,12,1)
       Maximum Pressure Error:  0.14E+02 on Mesh 1 at (21,13,4)
       ---------------------------------------------------------------
       Mesh    1
       Max CFL number:  0.32E+00 at (23,13,3)
       Max divergence:  0.81E+00 at (19,13,13)
       Min divergence: -0.22E+01 at (22,13,15)
       Max VN number :  0.25E+00 at (19,14,2)
       Mesh    2
       Max CFL number:  0.23E+00 at (1,13,2)
       Max divergence:  0.24E+00 at (12,1,8)
       Min divergence: -0.25E+00 at (1,12,3)
       Max VN number :  0.21E+00 at (7,1,7)
 
       Time Step    14100   May 17, 2026  09:46:52
       Step Size:  0.100E-01 s, Total Time:  140.90847 s
       Pressure Iterations: 1
       Maximum Velocity Error:  0.14E-01 on Mesh 2 at (0,11,2)
       Maximum Pressure Error:  0.97E+01 on Mesh 1 at (20,13,5)
       ---------------------------------------------------------------
       Mesh    1
       Max CFL number:  0.31E+00 at (23,12,2)
       Max divergence:  0.11E+01 at (20,12,14)
       Min divergence: -0.30E+01 at (23,13,15)
       Max VN number :  0.20E+00 at (24,30,1)
       Mesh    2
       Max CFL number:  0.23E+00 at (5,10,1)
       Max divergence:  0.26E+00 at (6,1,9)
       Min divergence: -0.28E+00 at (1,13,2)
       Max VN number :  0.22E+00 at (6,1,8)
 
       Time Step    14200   May 17, 2026  09:47:04
       Step Size:  0.100E-01 s, Total Time:  141.90847 s
       Pressure Iterations: 1
       Maximum Velocity Error:  0.11E-01 on Mesh 1 at (24,13,12)
       Maximum Pressure Error:  0.10E+02 on Mesh 1 at (21,13,7)
       ---------------------------------------------------------------
       Mesh    1
       Max CFL number:  0.29E+00 at (21,12,7)
       Max divergence:  0.39E+00 at (21,9,2)
       Min divergence: -0.20E+01 at (20,13,15)
       Max VN number :  0.22E+00 at (19,14,5)
       Mesh    2
       Max CFL number:  0.21E+00 at (1,11,1)
       Max divergence:  0.20E+00 at (7,1,10)
       Min divergence: -0.24E+00 at (1,12,10)
       Max VN number :  0.18E+00 at (22,14,1)
 
       Time Step    14300   May 17, 2026  09:47:17
       Step Size:  0.100E-01 s, Total Time:  142.90847 s
       Pressure Iterations: 1
       Maximum Velocity Error:  0.20E-01 on Mesh 2 at (0,13,5)
       Maximum Pressure Error:  0.13E+02 on Mesh 1 at (20,13,4)
       ---------------------------------------------------------------
       Mesh    1
       Max CFL number:  0.31E+00 at (20,13,5)
       Max divergence:  0.65E+00 at (20,13,14)
       Min divergence: -0.21E+01 at (20,13,15)
       Max VN number :  0.26E+00 at (17,13,3)
       Mesh    2
       Max CFL number:  0.22E+00 at (1,13,1)
       Max divergence:  0.30E+00 at (14,1,9)
       Min divergence: -0.21E+00 at (1,13,13)
       Max VN number :  0.20E+00 at (2,13,2)
 
       Time Step    14400   May 17, 2026  09:47:30
       Step Size:  0.100E-01 s, Total Time:  143.90847 s
       Pressure Iterations: 1
       Maximum Velocity Error:  0.13E-01 on Mesh 1 at (24,13,1)
       Maximum Pressure Error:  0.18E+02 on Mesh 1 at (21,13,5)
       ---------------------------------------------------------------
       Mesh    1
       Max CFL number:  0.31E+00 at (21,13,6)
       Max divergence:  0.72E+00 at (20,13,14)
       Min divergence: -0.18E+01 at (20,13,15)
       Max VN number :  0.34E+00 at (18,13,2)
       Mesh    2
       Max CFL number:  0.24E+00 at (1,13,1)
       Max divergence:  0.26E+00 at (12,1,8)
       Min divergence: -0.20E+00 at (12,1,7)
       Max VN number :  0.16E+00 at (12,1,7)
 
       Time Step    14500   May 17, 2026  09:47:43
       Step Size:  0.100E-01 s, Total Time:  144.90847 s
       Pressure Iterations: 1
       Maximum Velocity Error:  0.32E-01 on Mesh 1 at (24,13,3)
       Maximum Pressure Error:  0.16E+02 on Mesh 1 at (24,13,3)
       ---------------------------------------------------------------
       Mesh    1
       Max CFL number:  0.31E+00 at (24,13,5)
       Max divergence:  0.50E+00 at (21,12,12)
       Min divergence: -0.10E+01 at (20,13,15)
       Max VN number :  0.22E+00 at (18,13,2)
       Mesh    2
       Max CFL number:  0.22E+00 at (1,13,1)
       Max divergence:  0.21E+00 at (1,14,1)
       Min divergence: -0.30E+00 at (1,13,2)
       Max VN number :  0.18E+00 at (2,13,3)
 
       Time Step    14600   May 17, 2026  09:47:56
       Step Size:  0.100E-01 s, Total Time:  145.90847 s
       Pressure Iterations: 1
       Maximum Velocity Error:  0.21E-01 on Mesh 1 at (24,13,1)
       Maximum Pressure Error:  0.14E+02 on Mesh 1 at (23,13,4)
       ---------------------------------------------------------------
       Mesh    1
       Max CFL number:  0.33E+00 at (20,13,5)
       Max divergence:  0.45E+00 at (22,12,13)
       Min divergence: -0.99E+00 at (23,13,15)
       Max VN number :  0.36E+00 at (18,13,3)
       Mesh    2
       Max CFL number:  0.24E+00 at (1,10,1)
       Max divergence:  0.24E+00 at (10,1,9)
       Min divergence: -0.33E+00 at (1,13,15)
       Max VN number :  0.19E+00 at (10,1,8)
 
       Time Step    14700   May 17, 2026  09:48:09
       Step Size:  0.100E-01 s, Total Time:  146.90847 s
       Pressure Iterations: 1
       Maximum Velocity Error:  0.24E-01 on Mesh 1 at (24,13,5)
       Maximum Pressure Error:  0.13E+02 on Mesh 1 at (24,14,5)
       ---------------------------------------------------------------
       Mesh    1
       Max CFL number:  0.29E+00 at (24,13,7)
       Max divergence:  0.71E+00 at (20,12,14)
       Min divergence: -0.16E+01 at (23,13,15)
       Max VN number :  0.29E+00 at (19,14,4)
       Mesh    2
       Max CFL number:  0.20E+00 at (3,4,1)
       Max divergence:  0.33E+00 at (5,1,8)
       Min divergence: -0.41E+00 at (1,13,14)
       Max VN number :  0.23E+00 at (4,1,8)
 
       Time Step    14800   May 17, 2026  09:48:22
       Step Size:  0.100E-01 s, Total Time:  147.90847 s
       Pressure Iterations: 1
       Maximum Velocity Error:  0.27E-01 on Mesh 1 at (24,13,4)
       Maximum Pressure Error:  0.22E+02 on Mesh 1 at (23,13,4)
       ---------------------------------------------------------------
       Mesh    1
       Max CFL number:  0.30E+00 at (23,13,4)
       Max divergence:  0.62E+00 at (21,13,14)
       Min divergence: -0.17E+01 at (21,13,15)
       Max VN number :  0.27E+00 at (19,14,2)
       Mesh    2
       Max CFL number:  0.22E+00 at (9,8,1)
       Max divergence:  0.22E+00 at (6,1,8)
       Min divergence: -0.18E+00 at (18,2,8)
       Max VN number :  0.19E+00 at (5,13,3)
 
       Time Step    14900   May 17, 2026  09:48:35
       Step Size:  0.100E-01 s, Total Time:  148.90847 s
       Pressure Iterations: 1
       Maximum Velocity Error:  0.25E-01 on Mesh 1 at (24,12,1)
       Maximum Pressure Error:  0.14E+02 on Mesh 1 at (21,13,6)
       ---------------------------------------------------------------
       Mesh    1
       Max CFL number:  0.30E+00 at (21,13,7)
       Max divergence:  0.78E+00 at (21,13,14)
       Min divergence: -0.17E+01 at (21,13,15)
       Max VN number :  0.28E+00 at (18,13,3)
       Mesh    2
       Max CFL number:  0.22E+00 at (8,13,2)
       Max divergence:  0.33E+00 at (2,13,2)
       Min divergence: -0.21E+00 at (10,1,8)
       Max VN number :  0.19E+00 at (1,14,3)
 
       Time Step    15000   May 17, 2026  09:48:52
       Step Size:  0.100E-01 s, Total Time:  149.90847 s
       Pressure Iterations: 1
       Maximum Velocity Error:  0.21E-01 on Mesh 2 at (0,12,1)
       Maximum Pressure Error:  0.84E+01 on Mesh 1 at (21,13,10)
       ---------------------------------------------------------------
       Mesh    1
       Max CFL number:  0.28E+00 at (21,12,5)
       Max divergence:  0.73E+00 at (20,13,14)
       Min divergence: -0.15E+01 at (22,13,15)
       Max VN number :  0.21E+00 at (19,14,2)
       Mesh    2
       Max CFL number:  0.26E+00 at (2,12,1)
       Max divergence:  0.26E+00 at (4,13,2)
       Min divergence: -0.29E+00 at (2,13,3)
       Max VN number :  0.35E+00 at (3,13,2)
 
       Time Step    15100   May 17, 2026  09:49:06
       Step Size:  0.100E-01 s, Total Time:  150.90847 s
       Pressure Iterations: 1
       Maximum Velocity Error:  0.15E-01 on Mesh 1 at (24,12,1)
       Maximum Pressure Error:  0.16E+02 on Mesh 1 at (23,13,3)
       ---------------------------------------------------------------
       Mesh    1
       Max CFL number:  0.38E+00 at (23,13,4)
       Max divergence:  0.64E+00 at (23,13,14)
       Min divergence: -0.15E+01 at (22,13,15)
       Max VN number :  0.23E+00 at (24,13,5)
       Mesh    2
       Max CFL number:  0.21E+00 at (1,12,2)
       Max divergence:  0.38E+00 at (2,13,2)
       Min divergence: -0.47E+00 at (2,13,3)
       Max VN number :  0.30E+00 at (2,13,3)
 
       Time Step    15200   May 17, 2026  09:49:20
       Step Size:  0.100E-01 s, Total Time:  151.90847 s
       Pressure Iterations: 1
       Maximum Velocity Error:  0.10E-01 on Mesh 1 at (24,1,1)
       Maximum Pressure Error:  0.80E+01 on Mesh 1 at (23,13,6)
       ---------------------------------------------------------------
       Mesh    1
       Max CFL number:  0.27E+00 at (23,13,4)
       Max divergence:  0.38E+00 at (20,13,14)
       Min divergence: -0.14E+01 at (20,13,15)
       Max VN number :  0.26E+00 at (21,13,5)
       Mesh    2
       Max CFL number:  0.20E+00 at (8,13,1)
       Max divergence:  0.27E+00 at (8,1,10)
       Min divergence: -0.15E+00 at (4,13,2)
       Max VN number :  0.25E+00 at (9,13,2)
 
       Time Step    15300   May 17, 2026  09:49:34
       Step Size:  0.100E-01 s, Total Time:  152.90847 s
       Pressure Iterations: 1
       Maximum Velocity Error:  0.22E-01 on Mesh 1 at (24,13,2)
       Maximum Pressure Error:  0.96E+01 on Mesh 1 at (22,13,4)
       ---------------------------------------------------------------
       Mesh    1
       Max CFL number:  0.29E+00 at (24,13,4)
       Max divergence:  0.78E+00 at (21,13,14)
       Min divergence: -0.13E+01 at (21,13,15)
       Max VN number :  0.27E+00 at (17,13,4)
       Mesh    2
       Max CFL number:  0.19E+00 at (1,13,1)
       Max divergence:  0.21E+00 at (9,1,9)
       Min divergence: -0.21E+00 at (7,1,9)
       Max VN number :  0.22E+00 at (8,1,9)
 
       Time Step    15400   May 17, 2026  09:49:48
       Step Size:  0.100E-01 s, Total Time:  153.90847 s
       Pressure Iterations: 1
       Maximum Velocity Error:  0.85E-02 on Mesh 1 at (24,5,2)
       Maximum Pressure Error:  0.93E+01 on Mesh 1 at (20,14,4)
       ---------------------------------------------------------------
       Mesh    1
       Max CFL number:  0.27E+00 at (23,11,1)
       Max divergence:  0.21E+00 at (21,9,2)
       Min divergence: -0.53E+00 at (20,12,14)
       Max VN number :  0.24E+00 at (24,13,2)
       Mesh    2
       Max CFL number:  0.21E+00 at (1,11,1)
       Max divergence:  0.19E+00 at (13,1,11)
       Min divergence: -0.20E+00 at (1,13,2)
       Max VN number :  0.14E+00 at (24,9,1)
 
       Time Step    15500   May 17, 2026  09:50:04
       Step Size:  0.100E-01 s, Total Time:  154.90847 s
       Pressure Iterations: 1
       Maximum Velocity Error:  0.21E-01 on Mesh 1 at (24,13,4)
       Maximum Pressure Error:  0.94E+01 on Mesh 1 at (20,14,1)
       ---------------------------------------------------------------
       Mesh    1
       Max CFL number:  0.27E+00 at (23,11,1)
       Max divergence:  0.57E+00 at (22,13,14)
       Min divergence: -0.11E+01 at (22,13,15)
       Max VN number :  0.23E+00 at (21,13,8)
       Mesh    2
       Max CFL number:  0.18E+00 at (1,11,1)
       Max divergence:  0.21E+00 at (9,1,8)
       Min divergence: -0.15E+00 at (1,13,2)
       Max VN number :  0.17E+00 at (8,1,8)
 
       Time Step    15600   May 17, 2026  09:50:15
       Step Size:  0.100E-01 s, Total Time:  155.90847 s
       Pressure Iterations: 1
       Maximum Velocity Error:  0.74E-02 on Mesh 1 at (24,9,1)
       Maximum Pressure Error:  0.85E+01 on Mesh 1 at (22,13,8)
       ---------------------------------------------------------------
       Mesh    1
       Max CFL number:  0.25E+00 at (22,13,6)
       Max divergence:  0.72E+00 at (20,13,14)
       Min divergence: -0.12E+01 at (20,13,15)
       Max VN number :  0.23E+00 at (21,11,1)
       Mesh    2
       Max CFL number:  0.19E+00 at (6,1,1)
       Max divergence:  0.14E+00 at (1,13,2)
       Min divergence: -0.10E+00 at (1,12,3)
       Max VN number :  0.18E+00 at (5,1,8)
 
       Time Step    15700   May 17, 2026  09:50:26
       Step Size:  0.100E-01 s, Total Time:  156.90847 s
       Pressure Iterations: 1
       Maximum Velocity Error:  0.18E-01 on Mesh 1 at (24,11,1)
       Maximum Pressure Error:  0.93E+01 on Mesh 1 at (21,13,7)
       ---------------------------------------------------------------
       Mesh    1
       Max CFL number:  0.24E+00 at (20,13,1)
       Max divergence:  0.60E+00 at (20,13,13)
       Min divergence: -0.14E+01 at (23,13,15)
       Max VN number :  0.33E+00 at (18,13,2)
       Mesh    2
       Max CFL number:  0.23E+00 at (2,11,1)
       Max divergence:  0.28E+00 at (4,13,3)
       Min divergence: -0.14E+00 at (2,13,3)
       Max VN number :  0.21E+00 at (1,14,2)
 
       Time Step    15800   May 17, 2026  09:50:39
       Step Size:  0.100E-01 s, Total Time:  157.90847 s
       Pressure Iterations: 1
       Maximum Velocity Error:  0.12E-01 on Mesh 1 at (24,13,4)
       Maximum Pressure Error:  0.10E+02 on Mesh 1 at (20,13,2)
       ---------------------------------------------------------------
       Mesh    1
       Max CFL number:  0.29E+00 at (20,13,3)
       Max divergence:  0.47E+00 at (21,13,14)
       Min divergence: -0.10E+01 at (21,13,15)
       Max VN number :  0.36E+00 at (22,13,2)
       Mesh    2
       Max CFL number:  0.21E+00 at (1,13,1)
       Max divergence:  0.16E+00 at (2,13,1)
       Min divergence: -0.15E+00 at (1,12,2)
       Max VN number :  0.18E+00 at (1,14,2)
 
       Time Step    15900   May 17, 2026  09:50:52
       Step Size:  0.100E-01 s, Total Time:  158.90847 s
       Pressure Iterations: 1
       Maximum Velocity Error:  0.85E-02 on Mesh 1 at (24,11,1)
       Maximum Pressure Error:  0.66E+01 on Mesh 1 at (20,14,5)
       ---------------------------------------------------------------
       Mesh    1
       Max CFL number:  0.27E+00 at (20,13,4)
       Max divergence:  0.52E+00 at (21,13,14)
       Min divergence: -0.12E+01 at (22,13,15)
       Max VN number :  0.17E+00 at (18,13,4)
       Mesh    2
       Max CFL number:  0.19E+00 at (1,11,1)
       Max divergence:  0.23E+00 at (5,1,10)
       Min divergence: -0.16E+00 at (18,1,8)
       Max VN number :  0.18E+00 at (5,1,9)
 
       Time Step    16000   May 17, 2026  09:51:04
       Step Size:  0.100E-01 s, Total Time:  159.90847 s
       Pressure Iterations: 1
       Maximum Velocity Error:  0.11E-01 on Mesh 1 at (24,13,4)
       Maximum Pressure Error:  0.10E+02 on Mesh 1 at (20,13,4)
       ---------------------------------------------------------------
       Mesh    1
       Max CFL number:  0.27E+00 at (21,12,5)
       Max divergence:  0.47E+00 at (21,13,14)
       Min divergence: -0.84E+00 at (21,13,15)
       Max VN number :  0.20E+00 at (20,2,1)
       Mesh    2
       Max CFL number:  0.17E+00 at (1,11,1)
       Max divergence:  0.15E+00 at (6,1,9)
       Min divergence: -0.15E+00 at (1,13,2)
       Max VN number :  0.15E+00 at (5,1,9)
 
       Time Step    16100   May 17, 2026  09:51:17
       Step Size:  0.100E-01 s, Total Time:  160.90847 s
       Pressure Iterations: 1
       Maximum Velocity Error:  0.12E-01 on Mesh 1 at (24,13,2)
       Maximum Pressure Error:  0.73E+01 on Mesh 1 at (21,13,7)
       ---------------------------------------------------------------
       Mesh    1
       Max CFL number:  0.25E+00 at (23,12,3)
       Max divergence:  0.35E+00 at (21,12,10)
       Min divergence: -0.51E+00 at (22,13,15)
       Max VN number :  0.27E+00 at (18,13,2)
       Mesh    2
       Max CFL number:  0.17E+00 at (1,9,1)
       Max divergence:  0.17E+00 at (14,1,10)
       Min divergence: -0.15E+00 at (1,13,4)
       Max VN number :  0.15E+00 at (14,1,9)
 
       Time Step    16200   May 17, 2026  09:51:30
       Step Size:  0.100E-01 s, Total Time:  161.90847 s
       Pressure Iterations: 1
       Maximum Velocity Error:  0.11E-01 on Mesh 1 at (24,12,3)
       Maximum Pressure Error:  0.69E+01 on Mesh 1 at (22,13,4)
       ---------------------------------------------------------------
       Mesh    1
       Max CFL number:  0.29E+00 at (20,13,3)
       Max divergence:  0.40E+00 at (22,13,14)
       Min divergence: -0.86E+00 at (22,13,15)
       Max VN number :  0.21E+00 at (22,13,3)
       Mesh    2
       Max CFL number:  0.18E+00 at (1,11,2)
       Max divergence:  0.16E+00 at (1,13,3)
       Min divergence: -0.13E+00 at (13,1,8)
       Max VN number :  0.20E+00 at (13,1,8)
 
       Time Step    16300   May 17, 2026  09:51:42
       Step Size:  0.100E-01 s, Total Time:  162.90847 s
       Pressure Iterations: 1
       Maximum Velocity Error:  0.88E-02 on Mesh 1 at (24,13,1)
       Maximum Pressure Error:  0.64E+01 on Mesh 1 at (23,13,2)
       ---------------------------------------------------------------
       Mesh    1
       Max CFL number:  0.24E+00 at (21,13,5)
       Max divergence:  0.43E+00 at (20,13,14)
       Min divergence: -0.58E+00 at (22,13,15)
       Max VN number :  0.18E+00 at (19,14,2)
       Mesh    2
       Max CFL number:  0.19E+00 at (10,12,1)
       Max divergence:  0.83E-01 at (1,15,2)
       Min divergence: -0.16E+00 at (1,13,2)
       Max VN number :  0.15E+00 at (1,14,2)
 
       Time Step    16400   May 17, 2026  09:51:55
       Step Size:  0.100E-01 s, Total Time:  163.90847 s
       Pressure Iterations: 1
       Maximum Velocity Error:  0.11E-01 on Mesh 1 at (24,13,1)
       Maximum Pressure Error:  0.86E+01 on Mesh 1 at (23,14,1)
       ---------------------------------------------------------------
       Mesh    1
       Max CFL number:  0.27E+00 at (21,13,6)
       Max divergence:  0.50E+00 at (21,13,14)
       Min divergence: -0.50E+00 at (21,13,15)
       Max VN number :  0.33E+00 at (24,13,2)
       Mesh    2
       Max CFL number:  0.19E+00 at (3,1,1)
       Max divergence:  0.68E-01 at (1,13,1)
       Min divergence: -0.16E+00 at (1,13,2)
       Max VN number :  0.14E+00 at (4,2,1)
 
       Time Step    16500   May 17, 2026  09:52:06
       Step Size:  0.100E-01 s, Total Time:  164.90847 s
       Pressure Iterations: 1
       Maximum Velocity Error:  0.83E-02 on Mesh 2 at (0,13,1)
       Maximum Pressure Error:  0.47E+01 on Mesh 1 at (20,14,6)
       ---------------------------------------------------------------
       Mesh    1
       Max CFL number:  0.22E+00 at (20,13,3)
       Max divergence:  0.43E+00 at (21,13,14)
       Min divergence: -0.62E+00 at (22,13,15)
       Max VN number :  0.16E+00 at (22,13,2)
       Mesh    2
       Max CFL number:  0.19E+00 at (1,12,1)
       Max divergence:  0.69E-01 at (1,13,1)
       Min divergence: -0.11E+00 at (1,13,2)
       Max VN number :  0.19E+00 at (21,9,1)
 
       Time Step    16600   May 17, 2026  09:52:18
       Step Size:  0.100E-01 s, Total Time:  165.90847 s
       Pressure Iterations: 1
       Maximum Velocity Error:  0.65E-02 on Mesh 2 at (0,13,1)
       Maximum Pressure Error:  0.74E+01 on Mesh 1 at (22,14,1)
       ---------------------------------------------------------------
       Mesh    1
       Max CFL number:  0.26E+00 at (20,13,3)
       Max divergence:  0.31E+00 at (22,12,13)
       Min divergence: -0.51E+00 at (21,13,15)
       Max VN number :  0.25E+00 at (18,13,2)
       Mesh    2
       Max CFL number:  0.22E+00 at (1,13,1)
       Max divergence:  0.63E-01 at (18,1,8)
       Min divergence: -0.81E-01 at (17,1,10)
       Max VN number :  0.13E+00 at (17,1,8)
 
       Time Step    16700   May 17, 2026  09:52:31
       Step Size:  0.100E-01 s, Total Time:  166.90847 s
       Pressure Iterations: 1
       Maximum Velocity Error:  0.91E-02 on Mesh 1 at (24,12,3)
       Maximum Pressure Error:  0.90E+01 on Mesh 1 at (23,13,2)
       ---------------------------------------------------------------
       Mesh    1
       Max CFL number:  0.23E+00 at (23,13,3)
       Max divergence:  0.26E+00 at (21,13,14)
       Min divergence: -0.64E+00 at (22,13,15)
       Max VN number :  0.25E+00 at (24,13,4)
       Mesh    2
       Max CFL number:  0.17E+00 at (1,10,1)
       Max divergence:  0.80E-01 at (1,13,3)
       Min divergence: -0.18E+00 at (1,13,2)
       Max VN number :  0.19E+00 at (10,1,8)
 
       Time Step    16800   May 17, 2026  09:52:44
       Step Size:  0.100E-01 s, Total Time:  167.90847 s
       Pressure Iterations: 1
       Maximum Velocity Error:  0.75E-02 on Mesh 1 at (24,13,1)
       Maximum Pressure Error:  0.80E+01 on Mesh 1 at (23,13,2)
       ---------------------------------------------------------------
       Mesh    1
       Max CFL number:  0.25E+00 at (23,13,3)
       Max divergence:  0.23E+00 at (22,12,13)
       Min divergence: -0.28E+00 at (24,13,15)
       Max VN number :  0.20E+00 at (19,14,2)
       Mesh    2
       Max CFL number:  0.18E+00 at (1,13,1)
       Max divergence:  0.66E-01 at (1,13,3)
       Min divergence: -0.10E+00 at (1,10,2)
       Max VN number :  0.14E+00 at (16,6,1)
 
       Time Step    16900   May 17, 2026  09:52:57
       Step Size:  0.100E-01 s, Total Time:  168.90847 s
       Pressure Iterations: 1
       Maximum Velocity Error:  0.73E-02 on Mesh 1 at (24,13,14)
       Maximum Pressure Error:  0.64E+01 on Mesh 1 at (23,13,1)
       ---------------------------------------------------------------
       Mesh    1
       Max CFL number:  0.23E+00 at (20,13,4)
       Max divergence:  0.28E+00 at (20,12,14)
       Min divergence: -0.55E+00 at (23,13,15)
       Max VN number :  0.27E+00 at (20,13,3)
       Mesh    2
       Max CFL number:  0.17E+00 at (1,13,1)
       Max divergence:  0.22E+00 at (1,13,14)
       Min divergence: -0.12E+00 at (1,12,2)
       Max VN number :  0.15E+00 at (4,1,7)
 
       Time Step    17000   May 17, 2026  09:53:09
       Step Size:  0.100E-01 s, Total Time:  169.90847 s
       Pressure Iterations: 1
       Maximum Velocity Error:  0.60E-02 on Mesh 1 at (24,13,1)
       Maximum Pressure Error:  0.53E+01 on Mesh 1 at (21,13,5)
       ---------------------------------------------------------------
       Mesh    1
       Max CFL number:  0.23E+00 at (20,13,3)
       Max divergence:  0.26E+00 at (23,13,14)
       Min divergence: -0.40E+00 at (22,13,15)
       Max VN number :  0.15E+00 at (22,13,2)
       Mesh    2
       Max CFL number:  0.16E+00 at (1,11,1)
       Max divergence:  0.47E-01 at (3,1,8)
       Min divergence: -0.11E+00 at (1,13,2)
       Max VN number :  0.12E+00 at (20,14,1)
 
       Time Step    17100   May 17, 2026  09:53:22
       Step Size:  0.100E-01 s, Total Time:  170.90847 s
       Pressure Iterations: 1
       Maximum Velocity Error:  0.13E-01 on Mesh 1 at (24,12,1)
       Maximum Pressure Error:  0.49E+01 on Mesh 1 at (21,13,10)
       ---------------------------------------------------------------
       Mesh    1
       Max CFL number:  0.23E+00 at (20,13,6)
       Max divergence:  0.23E+00 at (20,13,14)
       Min divergence: -0.32E+00 at (21,13,15)
       Max VN number :  0.12E+00 at (24,23,1)
       Mesh    2
       Max CFL number:  0.15E+00 at (1,13,1)
       Max divergence:  0.50E-01 at (14,1,8)
       Min divergence: -0.11E+00 at (1,13,2)
       Max VN number :  0.10E+00 at (13,1,8)
 
       Time Step    17200   May 17, 2026  09:53:34
       Step Size:  0.100E-01 s, Total Time:  171.90847 s
       Pressure Iterations: 1
       Maximum Velocity Error:  0.50E-02 on Mesh 1 at (24,1,1)
       Maximum Pressure Error:  0.71E+01 on Mesh 1 at (23,13,8)
       ---------------------------------------------------------------
       Mesh    1
       Max CFL number:  0.24E+00 at (21,13,5)
       Max divergence:  0.24E+00 at (24,13,14)
       Min divergence: -0.33E+00 at (22,13,15)
       Max VN number :  0.18E+00 at (21,3,1)
       Mesh    2
       Max CFL number:  0.16E+00 at (1,12,1)
       Max divergence:  0.10E+00 at (7,1,7)
       Min divergence: -0.10E+00 at (1,13,2)
       Max VN number :  0.16E+00 at (6,1,7)
 
       Time Step    17300   May 17, 2026  09:53:48
       Step Size:  0.100E-01 s, Total Time:  172.90847 s
       Pressure Iterations: 1
       Maximum Velocity Error:  0.72E-02 on Mesh 1 at (24,13,1)
       Maximum Pressure Error:  0.42E+01 on Mesh 1 at (22,13,3)
       ---------------------------------------------------------------
       Mesh    1
       Max CFL number:  0.22E+00 at (23,13,4)
       Max divergence:  0.14E+00 at (23,13,15)
       Min divergence: -0.26E+00 at (21,12,14)
       Max VN number :  0.19E+00 at (19,14,2)
       Mesh    2
       Max CFL number:  0.17E+00 at (1,11,1)
       Max divergence:  0.62E-01 at (10,1,9)
       Min divergence: -0.70E-01 at (10,1,7)
       Max VN number :  0.12E+00 at (19,14,2)
 
       Time Step    17400   May 17, 2026  09:54:00
       Step Size:  0.100E-01 s, Total Time:  173.90847 s
       Pressure Iterations: 1
       Maximum Velocity Error:  0.49E-02 on Mesh 1 at (24,12,1)
       Maximum Pressure Error:  0.88E+01 on Mesh 1 at (20,14,6)
       ---------------------------------------------------------------
       Mesh    1
       Max CFL number:  0.24E+00 at (23,12,4)
       Max divergence:  0.24E+00 at (21,13,14)
       Min divergence: -0.31E+00 at (21,13,15)
       Max VN number :  0.23E+00 at (20,13,3)
       Mesh    2
       Max CFL number:  0.16E+00 at (1,12,1)
       Max divergence:  0.79E-01 at (6,1,9)
       Min divergence: -0.78E-01 at (1,13,2)
       Max VN number :  0.13E+00 at (16,12,1)
 
       Time Step    17500   May 17, 2026  09:54:16
       Step Size:  0.100E-01 s, Total Time:  174.90847 s
       Pressure Iterations: 1
       Maximum Velocity Error:  0.55E-02 on Mesh 1 at (24,13,1)
       Maximum Pressure Error:  0.36E+01 on Mesh 1 at (22,13,6)
       ---------------------------------------------------------------
       Mesh    1
       Max CFL number:  0.22E+00 at (20,13,3)
       Max divergence:  0.22E+00 at (20,13,14)
       Min divergence: -0.25E+00 at (20,13,15)
       Max VN number :  0.18E+00 at (19,14,2)
       Mesh    2
       Max CFL number:  0.17E+00 at (1,13,1)
       Max divergence:  0.80E-01 at (3,1,8)
       Min divergence: -0.55E-01 at (1,13,2)
       Max VN number :  0.14E+00 at (19,11,1)
 
       Time Step    17600   May 17, 2026  09:54:29
       Step Size:  0.100E-01 s, Total Time:  175.90847 s
       Pressure Iterations: 1
       Maximum Velocity Error:  0.90E-02 on Mesh 1 at (23,13,3)
       Maximum Pressure Error:  0.14E+02 on Mesh 1 at (23,13,3)
       ---------------------------------------------------------------
       Mesh    1
       Max CFL number:  0.26E+00 at (23,13,1)
       Max divergence:  0.27E+00 at (21,13,14)
       Min divergence: -0.30E+00 at (23,13,15)
       Max VN number :  0.26E+00 at (24,13,2)
       Mesh    2
       Max CFL number:  0.16E+00 at (1,13,1)
       Max divergence:  0.69E-01 at (7,1,9)
       Min divergence: -0.15E+00 at (1,13,2)
       Max VN number :  0.18E+00 at (20,14,1)
 
       Time Step    17700   May 17, 2026  09:54:41
       Step Size:  0.100E-01 s, Total Time:  176.90847 s
       Pressure Iterations: 1
       Maximum Velocity Error:  0.63E-02 on Mesh 1 at (24,11,1)
       Maximum Pressure Error:  0.60E+01 on Mesh 1 at (21,13,4)
       ---------------------------------------------------------------
       Mesh    1
       Max CFL number:  0.21E+00 at (20,13,4)
       Max divergence:  0.15E+00 at (20,12,14)
       Min divergence: -0.23E+00 at (20,12,15)
       Max VN number :  0.16E+00 at (19,14,2)
       Mesh    2
       Max CFL number:  0.16E+00 at (1,13,1)
       Max divergence:  0.59E-01 at (9,1,6)
       Min divergence: -0.74E-01 at (9,1,7)
       Max VN number :  0.14E+00 at (2,13,2)
 
       Time Step    17800   May 17, 2026  09:54:57
       Step Size:  0.100E-01 s, Total Time:  177.90847 s
       Pressure Iterations: 1
       Maximum Velocity Error:  0.47E-02 on Mesh 1 at (24,8,1)
       Maximum Pressure Error:  0.60E+01 on Mesh 1 at (20,13,6)
       ---------------------------------------------------------------
       Mesh    1
       Max CFL number:  0.22E+00 at (23,13,1)
       Max divergence:  0.41E+00 at (23,13,15)
       Min divergence: -0.31E+00 at (23,13,16)
       Max VN number :  0.12E+00 at (21,3,1)
       Mesh    2
       Max CFL number:  0.17E+00 at (1,8,1)
       Max divergence:  0.54E-01 at (8,1,8)
       Min divergence: -0.10E+00 at (1,13,2)
       Max VN number :  0.11E+00 at (8,1,7)
 
       Time Step    17900   May 17, 2026  09:55:15
       Step Size:  0.100E-01 s, Total Time:  178.90847 s
       Pressure Iterations: 1
       Maximum Velocity Error:  0.58E-02 on Mesh 1 at (24,13,3)
       Maximum Pressure Error:  0.36E+01 on Mesh 1 at (22,13,2)
       ---------------------------------------------------------------
       Mesh    1
       Max CFL number:  0.22E+00 at (22,13,3)
       Max divergence:  0.16E+00 at (20,13,14)
       Min divergence: -0.23E+00 at (22,13,15)
       Max VN number :  0.15E+00 at (22,13,2)
       Mesh    2
       Max CFL number:  0.17E+00 at (1,13,1)
       Max divergence:  0.54E-01 at (1,11,1)
       Min divergence: -0.62E-01 at (1,11,2)
       Max VN number :  0.14E+00 at (2,13,2)
 
       Time Step    18000   May 17, 2026  09:55:32
       Step Size:  0.100E-01 s, Total Time:  179.90847 s
       Pressure Iterations: 1
       Maximum Velocity Error:  0.42E-02 on Mesh 2 at (0,6,1)
       Maximum Pressure Error:  0.47E+01 on Mesh 1 at (20,14,8)
       ---------------------------------------------------------------
       Mesh    1
       Max CFL number:  0.19E+00 at (20,13,5)
       Max divergence:  0.19E+00 at (21,13,14)
       Min divergence: -0.20E+00 at (21,13,15)
       Max VN number :  0.14E+00 at (19,14,2)
       Mesh    2
       Max CFL number:  0.14E+00 at (1,11,1)
       Max divergence:  0.46E-01 at (3,1,7)
       Min divergence: -0.65E-01 at (1,13,2)
       Max VN number :  0.11E+00 at (19,3,1)
 
       Time Step    18100   May 17, 2026  09:55:46
       Step Size:  0.100E-01 s, Total Time:  180.90847 s
       Pressure Iterations: 1
       Maximum Velocity Error:  0.56E-02 on Mesh 1 at (24,13,4)
       Maximum Pressure Error:  0.79E+01 on Mesh 1 at (23,13,2)
       ---------------------------------------------------------------
       Mesh    1
       Max CFL number:  0.24E+00 at (23,13,2)
       Max divergence:  0.15E+00 at (23,13,14)
       Min divergence: -0.15E+00 at (23,13,15)
       Max VN number :  0.15E+00 at (19,14,2)
       Mesh    2
       Max CFL number:  0.14E+00 at (1,11,1)
       Max divergence:  0.51E-01 at (1,13,1)
       Min divergence: -0.85E-01 at (1,13,2)
       Max VN number :  0.11E+00 at (6,1,8)
 
       Time Step    18200   May 17, 2026  09:56:01
       Step Size:  0.100E-01 s, Total Time:  181.90847 s
       Pressure Iterations: 1
       Maximum Velocity Error:  0.81E-02 on Mesh 1 at (24,13,5)
       Maximum Pressure Error:  0.52E+01 on Mesh 1 at (22,13,2)
       ---------------------------------------------------------------
       Mesh    1
       Max CFL number:  0.21E+00 at (23,13,4)
       Max divergence:  0.13E+00 at (23,13,10)
       Min divergence: -0.11E+00 at (20,13,16)
       Max VN number :  0.14E+00 at (19,14,2)
       Mesh    2
       Max CFL number:  0.16E+00 at (1,12,1)
       Max divergence:  0.61E-01 at (13,1,8)
       Min divergence: -0.83E-01 at (1,13,2)
       Max VN number :  0.14E+00 at (5,1,8)
 
       Time Step    18300   May 17, 2026  09:56:14
       Step Size:  0.100E-01 s, Total Time:  182.90847 s
       Pressure Iterations: 1
       Maximum Velocity Error:  0.31E-02 on Mesh 2 at (0,6,1)
       Maximum Pressure Error:  0.33E+01 on Mesh 1 at (20,14,1)
       ---------------------------------------------------------------
       Mesh    1
       Max CFL number:  0.21E+00 at (20,12,1)
       Max divergence:  0.10E+00 at (24,13,1)
       Min divergence: -0.19E+00 at (20,13,15)
       Max VN number :  0.13E+00 at (17,13,4)
       Mesh    2
       Max CFL number:  0.14E+00 at (1,13,1)
       Max divergence:  0.75E-01 at (1,13,13)
       Min divergence: -0.58E-01 at (1,13,14)
       Max VN number :  0.11E+00 at (3,13,4)
 
       Time Step    18400   May 17, 2026  09:56:29
       Step Size:  0.100E-01 s, Total Time:  183.90847 s
       Pressure Iterations: 1
       Maximum Velocity Error:  0.44E-02 on Mesh 2 at (0,1,1)
       Maximum Pressure Error:  0.26E+01 on Mesh 1 at (20,14,1)
       ---------------------------------------------------------------
       Mesh    1
       Max CFL number:  0.20E+00 at (21,9,1)
       Max divergence:  0.11E+00 at (23,13,14)
       Min divergence: -0.12E+00 at (22,13,15)
       Max VN number :  0.11E+00 at (17,13,4)
       Mesh    2
       Max CFL number:  0.14E+00 at (2,1,2)
       Max divergence:  0.54E-01 at (11,1,9)
       Min divergence: -0.72E-01 at (9,1,9)
       Max VN number :  0.13E+00 at (10,1,9)
 
       Time Step    18500   May 17, 2026  09:56:42
       Step Size:  0.100E-01 s, Total Time:  184.90847 s
       Pressure Iterations: 1
       Maximum Velocity Error:  0.52E-02 on Mesh 1 at (24,13,5)
       Maximum Pressure Error:  0.29E+01 on Mesh 1 at (20,13,5)
       ---------------------------------------------------------------
       Mesh    1
       Max CFL number:  0.22E+00 at (20,13,4)
       Max divergence:  0.14E+00 at (20,13,14)
       Min divergence: -0.12E+00 at (24,13,3)
       Max VN number :  0.13E+00 at (18,13,2)
       Mesh    2
       Max CFL number:  0.15E+00 at (1,12,1)
       Max divergence:  0.58E-01 at (14,1,10)
       Min divergence: -0.59E-01 at (1,11,2)
       Max VN number :  0.12E+00 at (12,13,2)
 
       Time Step    18600   May 17, 2026  09:56:55
       Step Size:  0.100E-01 s, Total Time:  185.90847 s
       Pressure Iterations: 1
       Maximum Velocity Error:  0.65E-02 on Mesh 1 at (24,8,1)
       Maximum Pressure Error:  0.67E+01 on Mesh 1 at (20,14,2)
       ---------------------------------------------------------------
       Mesh    1
       Max CFL number:  0.21E+00 at (20,13,3)
       Max divergence:  0.14E+00 at (23,13,10)
       Min divergence: -0.11E+00 at (21,13,15)
       Max VN number :  0.15E+00 at (24,13,2)
       Mesh    2
       Max CFL number:  0.14E+00 at (1,11,1)
       Max divergence:  0.45E-01 at (13,1,8)
       Min divergence: -0.85E-01 at (1,13,2)
       Max VN number :  0.13E+00 at (13,1,9)
 
       Time Step    18700   May 17, 2026  09:57:07
       Step Size:  0.100E-01 s, Total Time:  186.90847 s
       Pressure Iterations: 1
       Maximum Velocity Error:  0.54E-02 on Mesh 1 at (24,10,1)
       Maximum Pressure Error:  0.33E+01 on Mesh 1 at (22,14,1)
       ---------------------------------------------------------------
       Mesh    1
       Max CFL number:  0.20E+00 at (22,13,7)
       Max divergence:  0.93E-01 at (23,13,14)
       Min divergence: -0.15E+00 at (24,13,2)
       Max VN number :  0.14E+00 at (18,13,2)
       Mesh    2
       Max CFL number:  0.14E+00 at (1,11,1)
       Max divergence:  0.35E-01 at (12,1,7)
       Min divergence: -0.63E-01 at (1,13,2)
       Max VN number :  0.88E-01 at (6,2,1)
 
       Time Step    18800   May 17, 2026  09:57:19
       Step Size:  0.100E-01 s, Total Time:  187.90847 s
       Pressure Iterations: 1
       Maximum Velocity Error:  0.35E-02 on Mesh 1 at (24,12,7)
       Maximum Pressure Error:  0.30E+01 on Mesh 1 at (23,13,5)
       ---------------------------------------------------------------
       Mesh    1
       Max CFL number:  0.20E+00 at (23,12,1)
       Max divergence:  0.13E+00 at (23,13,2)
       Min divergence: -0.16E+00 at (24,13,2)
       Max VN number :  0.20E+00 at (24,13,2)
       Mesh    2
       Max CFL number:  0.14E+00 at (1,12,1)
       Max divergence:  0.44E-01 at (11,1,8)
       Min divergence: -0.65E-01 at (1,13,2)
       Max VN number :  0.11E+00 at (6,2,1)
 
       Time Step    18900   May 17, 2026  09:57:30
       Step Size:  0.100E-01 s, Total Time:  188.90847 s
       Pressure Iterations: 1
       Maximum Velocity Error:  0.28E-02 on Mesh 1 at (24,13,4)
       Maximum Pressure Error:  0.35E+01 on Mesh 1 at (21,13,3)
       ---------------------------------------------------------------
       Mesh    1
       Max CFL number:  0.19E+00 at (20,13,1)
       Max divergence:  0.16E+00 at (24,13,1)
       Min divergence: -0.10E+00 at (21,13,15)
       Max VN number :  0.20E+00 at (24,13,2)
       Mesh    2
       Max CFL number:  0.14E+00 at (1,11,1)
       Max divergence:  0.70E-01 at (10,1,9)
       Min divergence: -0.84E-01 at (1,13,2)
       Max VN number :  0.95E-01 at (10,1,4)
 
       Time Step    19000   May 17, 2026  09:57:42
       Step Size:  0.100E-01 s, Total Time:  189.90847 s
       Pressure Iterations: 1
       Maximum Velocity Error:  0.30E-02 on Mesh 1 at (23,13,5)
       Maximum Pressure Error:  0.49E+01 on Mesh 1 at (23,13,5)
       ---------------------------------------------------------------
       Mesh    1
       Max CFL number:  0.18E+00 at (23,13,6)
       Max divergence:  0.72E-01 at (21,13,14)
       Min divergence: -0.95E-01 at (23,13,15)
       Max VN number :  0.12E+00 at (18,13,4)
       Mesh    2
       Max CFL number:  0.13E+00 at (1,13,1)
       Max divergence:  0.49E-01 at (2,1,9)
       Min divergence: -0.51E-01 at (1,13,2)
       Max VN number :  0.10E+00 at (2,1,8)
 
       Time Step    19100   May 17, 2026  09:57:53
       Step Size:  0.100E-01 s, Total Time:  190.90847 s
       Pressure Iterations: 1
       Maximum Velocity Error:  0.29E-02 on Mesh 1 at (24,6,2)
       Maximum Pressure Error:  0.47E+01 on Mesh 1 at (22,14,1)
       ---------------------------------------------------------------
       Mesh    1
       Max CFL number:  0.20E+00 at (22,13,2)
       Max divergence:  0.65E-01 at (21,13,14)
       Min divergence: -0.73E-01 at (19,13,2)
       Max VN number :  0.11E+00 at (17,13,4)
       Mesh    2
       Max CFL number:  0.14E+00 at (1,13,1)
       Max divergence:  0.39E-01 at (1,12,1)
       Min divergence: -0.73E-01 at (1,12,2)
       Max VN number :  0.12E+00 at (9,1,8)
 
       Time Step    19200   May 17, 2026  09:58:05
       Step Size:  0.100E-01 s, Total Time:  191.90847 s
       Pressure Iterations: 1
       Maximum Velocity Error:  0.38E-02 on Mesh 1 at (24,13,7)
       Maximum Pressure Error:  0.60E+01 on Mesh 1 at (20,14,6)
       ---------------------------------------------------------------
       Mesh    1
       Max CFL number:  0.21E+00 at (23,13,1)
       Max divergence:  0.83E-01 at (23,13,14)
       Min divergence: -0.76E-01 at (23,13,16)
       Max VN number :  0.13E+00 at (17,13,4)
       Mesh    2
       Max CFL number:  0.14E+00 at (1,6,1)
       Max divergence:  0.56E-01 at (5,1,9)
       Min divergence: -0.59E-01 at (1,13,2)
       Max VN number :  0.95E-01 at (4,1,9)
 
       Time Step    19300   May 17, 2026  09:58:16
       Step Size:  0.100E-01 s, Total Time:  192.90847 s
       Pressure Iterations: 1
       Maximum Velocity Error:  0.49E-02 on Mesh 1 at (24,13,1)
       Maximum Pressure Error:  0.33E+01 on Mesh 1 at (23,13,5)
       ---------------------------------------------------------------
       Mesh    1
       Max CFL number:  0.19E+00 at (23,13,2)
       Max divergence:  0.87E-01 at (21,13,14)
       Min divergence: -0.75E-01 at (24,13,3)
       Max VN number :  0.13E+00 at (24,13,3)
       Mesh    2
       Max CFL number:  0.16E+00 at (1,13,1)
       Max divergence:  0.34E-01 at (1,12,1)
       Min divergence: -0.48E-01 at (1,11,2)
       Max VN number :  0.99E-01 at (2,13,4)
 
       Time Step    19400   May 17, 2026  09:58:27
       Step Size:  0.100E-01 s, Total Time:  193.90847 s
       Pressure Iterations: 1
       Maximum Velocity Error:  0.24E-02 on Mesh 1 at (24,8,1)
       Maximum Pressure Error:  0.27E+01 on Mesh 1 at (22,13,3)
       ---------------------------------------------------------------
       Mesh    1
       Max CFL number:  0.18E+00 at (20,13,4)
       Max divergence:  0.91E-01 at (23,13,14)
       Min divergence: -0.63E-01 at (20,13,15)
       Max VN number :  0.11E+00 at (20,2,1)
       Mesh    2
       Max CFL number:  0.11E+00 at (1,5,1)
       Max divergence:  0.32E-01 at (8,1,8)
       Min divergence: -0.42E-01 at (1,12,2)
       Max VN number :  0.85E-01 at (15,4,1)
 
       Time Step    19500   May 17, 2026  09:58:38
       Step Size:  0.100E-01 s, Total Time:  194.90847 s
       Pressure Iterations: 1
       Maximum Velocity Error:  0.32E-02 on Mesh 1 at (24,12,3)
       Maximum Pressure Error:  0.26E+01 on Mesh 1 at (23,13,4)
       ---------------------------------------------------------------
       Mesh    1
       Max CFL number:  0.17E+00 at (23,13,4)
       Max divergence:  0.72E-01 at (23,13,5)
       Min divergence: -0.90E-01 at (24,13,5)
       Max VN number :  0.10E+00 at (24,13,5)
       Mesh    2
       Max CFL number:  0.12E+00 at (1,11,1)
       Max divergence:  0.61E-01 at (13,1,8)
       Min divergence: -0.40E-01 at (1,13,2)
       Max VN number :  0.11E+00 at (13,5,1)
 
       Time Step    19600   May 17, 2026  09:58:50
       Step Size:  0.100E-01 s, Total Time:  195.90847 s
       Pressure Iterations: 1
       Maximum Velocity Error:  0.21E-02 on Mesh 1 at (21,13,4)
       Maximum Pressure Error:  0.31E+01 on Mesh 1 at (21,13,4)
       ---------------------------------------------------------------
       Mesh    1
       Max CFL number:  0.19E+00 at (23,13,1)
       Max divergence:  0.65E-01 at (22,13,14)
       Min divergence: -0.55E-01 at (23,13,15)
       Max VN number :  0.97E-01 at (19,14,3)
       Mesh    2
       Max CFL number:  0.13E+00 at (1,13,1)
       Max divergence:  0.82E-01 at (8,1,8)
       Min divergence: -0.56E-01 at (7,1,8)
       Max VN number :  0.90E-01 at (7,1,8)
 
       Time Step    19700   May 17, 2026  09:59:01
       Step Size:  0.100E-01 s, Total Time:  196.90847 s
       Pressure Iterations: 1
       Maximum Velocity Error:  0.19E-02 on Mesh 1 at (24,9,1)
       Maximum Pressure Error:  0.27E+01 on Mesh 1 at (23,13,2)
       ---------------------------------------------------------------
       Mesh    1
       Max CFL number:  0.19E+00 at (20,13,1)
       Max divergence:  0.50E-01 at (21,13,12)
       Min divergence: -0.60E-01 at (19,13,2)
       Max VN number :  0.12E+00 at (22,2,1)
       Mesh    2
       Max CFL number:  0.11E+00 at (1,8,1)
       Max divergence:  0.44E-01 at (6,1,9)
       Min divergence: -0.41E-01 at (1,13,2)
       Max VN number :  0.96E-01 at (3,13,4)
 
       Time Step    19800   May 17, 2026  09:59:13
       Step Size:  0.100E-01 s, Total Time:  197.90847 s
       Pressure Iterations: 1
       Maximum Velocity Error:  0.27E-02 on Mesh 2 at (0,13,1)
       Maximum Pressure Error:  0.30E+01 on Mesh 1 at (21,13,2)
       ---------------------------------------------------------------
       Mesh    1
       Max CFL number:  0.17E+00 at (20,13,1)
       Max divergence:  0.62E-01 at (23,13,13)
       Min divergence: -0.65E-01 at (22,13,15)
       Max VN number :  0.14E+00 at (19,14,2)
       Mesh    2
       Max CFL number:  0.11E+00 at (1,1,1)
       Max divergence:  0.18E-01 at (1,12,1)
       Min divergence: -0.33E-01 at (1,13,2)
       Max VN number :  0.84E-01 at (1,1,2)
 
       Time Step    19900   May 17, 2026  09:59:26
       Step Size:  0.100E-01 s, Total Time:  198.90847 s
       Pressure Iterations: 1
       Maximum Velocity Error:  0.31E-02 on Mesh 1 at (24,13,1)
       Maximum Pressure Error:  0.41E+01 on Mesh 1 at (20,14,4)
       ---------------------------------------------------------------
       Mesh    1
       Max CFL number:  0.19E+00 at (20,13,6)
       Max divergence:  0.57E-01 at (15,1,9)
       Min divergence: -0.55E-01 at (19,13,2)
       Max VN number :  0.13E+00 at (21,2,1)
       Mesh    2
       Max CFL number:  0.11E+00 at (1,12,1)
       Max divergence:  0.28E-01 at (1,13,3)
       Min divergence: -0.39E-01 at (1,13,2)
       Max VN number :  0.94E-01 at (2,1,7)
 
       Time Step    20000   May 17, 2026  09:59:38
       Step Size:  0.100E-01 s, Total Time:  199.90847 s
       Pressure Iterations: 1
       Maximum Velocity Error:  0.18E-02 on Mesh 1 at (21,13,2)
       Maximum Pressure Error:  0.28E+01 on Mesh 1 at (21,13,2)
       ---------------------------------------------------------------
       Mesh    1
       Max CFL number:  0.17E+00 at (20,13,1)
       Max divergence:  0.70E-01 at (24,13,1)
       Min divergence: -0.70E-01 at (24,13,2)
       Max VN number :  0.13E+00 at (18,13,2)
       Mesh    2
       Max CFL number:  0.10E+00 at (1,9,1)
       Max divergence:  0.43E-01 at (1,1,7)
       Min divergence: -0.26E-01 at (1,13,2)
       Max VN number :  0.72E-01 at (21,12,1)
 
       Time Step    20100   May 17, 2026  09:59:56
       Step Size:  0.100E-01 s, Total Time:  200.90847 s
       Pressure Iterations: 1
       Maximum Velocity Error:  0.20E-02 on Mesh 1 at (20,13,3)
       Maximum Pressure Error:  0.34E+01 on Mesh 1 at (20,14,3)
       ---------------------------------------------------------------
       Mesh    1
       Max CFL number:  0.18E+00 at (20,13,5)
       Max divergence:  0.58E-01 at (19,13,5)
       Min divergence: -0.50E-01 at (19,13,13)
       Max VN number :  0.14E+00 at (21,2,1)
       Mesh    2
       Max CFL number:  0.11E+00 at (1,9,1)
       Max divergence:  0.22E-01 at (1,13,3)
       Min divergence: -0.29E-01 at (1,12,2)
       Max VN number :  0.70E-01 at (14,1,7)
 
       Time Step    20200   May 17, 2026  10:00:12
       Step Size:  0.100E-01 s, Total Time:  201.90847 s
       Pressure Iterations: 1
       Maximum Velocity Error:  0.54E-02 on Mesh 1 at (24,13,3)
       Maximum Pressure Error:  0.25E+01 on Mesh 1 at (21,13,4)
       ---------------------------------------------------------------
       Mesh    1
       Max CFL number:  0.22E+00 at (23,13,1)
       Max divergence:  0.47E-01 at (23,13,13)
       Min divergence: -0.57E-01 at (23,13,15)
       Max VN number :  0.91E-01 at (19,14,3)
       Mesh    2
       Max CFL number:  0.11E+00 at (1,12,1)
       Max divergence:  0.21E-01 at (1,12,1)
       Min divergence: -0.29E-01 at (1,12,2)
       Max VN number :  0.53E-01 at (14,5,1)
 
       Time Step    20300   May 17, 2026  10:00:27
       Step Size:  0.100E-01 s, Total Time:  202.90847 s
       Pressure Iterations: 1
       Maximum Velocity Error:  0.20E-02 on Mesh 1 at (24,2,1)
       Maximum Pressure Error:  0.25E+01 on Mesh 1 at (22,14,1)
       ---------------------------------------------------------------
       Mesh    1
       Max CFL number:  0.19E+00 at (20,13,1)
       Max divergence:  0.64E-01 at (20,13,14)
       Min divergence: -0.60E-01 at (20,11,2)
       Max VN number :  0.97E-01 at (19,14,3)
       Mesh    2
       Max CFL number:  0.12E+00 at (1,13,1)
       Max divergence:  0.31E-01 at (1,13,1)
       Min divergence: -0.47E-01 at (1,13,2)
       Max VN number :  0.75E-01 at (2,1,2)
 
       Time Step    20400   May 17, 2026  10:00:42
       Step Size:  0.100E-01 s, Total Time:  203.90847 s
       Pressure Iterations: 1
       Maximum Velocity Error:  0.27E-02 on Mesh 2 at (0,13,1)
       Maximum Pressure Error:  0.20E+01 on Mesh 1 at (23,13,8)
       ---------------------------------------------------------------
       Mesh    1
       Max CFL number:  0.19E+00 at (20,13,1)
       Max divergence:  0.66E-01 at (23,13,14)
       Min divergence: -0.63E-01 at (19,13,2)
       Max VN number :  0.12E+00 at (22,2,1)
       Mesh    2
       Max CFL number:  0.12E+00 at (1,11,1)
       Max divergence:  0.29E-01 at (1,12,1)
       Min divergence: -0.33E-01 at (1,13,2)
       Max VN number :  0.82E-01 at (1,2,1)
 
       Time Step    20500   May 17, 2026  10:00:56
       Step Size:  0.100E-01 s, Total Time:  204.90847 s
       Pressure Iterations: 1
       Maximum Velocity Error:  0.59E-02 on Mesh 1 at (24,11,3)
       Maximum Pressure Error:  0.37E+01 on Mesh 2 at (2,14,3)
       ---------------------------------------------------------------
       Mesh    1
       Max CFL number:  0.21E+00 at (24,13,3)
       Max divergence:  0.71E-01 at (23,13,8)
       Min divergence: -0.73E-01 at (24,13,11)
       Max VN number :  0.12E+00 at (18,13,2)
       Mesh    2
       Max CFL number:  0.14E+00 at (1,12,1)
       Max divergence:  0.64E-01 at (2,1,8)
       Min divergence: -0.47E-01 at (1,1,8)
       Max VN number :  0.11E+00 at (2,13,2)
 
       Time Step    20600   May 17, 2026  10:01:08
       Step Size:  0.100E-01 s, Total Time:  205.90847 s
       Pressure Iterations: 1
       Maximum Velocity Error:  0.23E-02 on Mesh 1 at (24,5,1)
       Maximum Pressure Error:  0.19E+01 on Mesh 1 at (23,13,9)
       ---------------------------------------------------------------
       Mesh    1
       Max CFL number:  0.20E+00 at (20,13,1)
       Max divergence:  0.72E-01 at (23,13,14)
       Min divergence: -0.72E-01 at (19,13,2)
       Max VN number :  0.84E-01 at (21,1,2)
       Mesh    2
       Max CFL number:  0.13E+00 at (2,8,1)
       Max divergence:  0.60E-01 at (8,1,9)
       Min divergence: -0.60E-01 at (1,13,2)
       Max VN number :  0.94E-01 at (4,1,8)
 
       Time Step    20700   May 17, 2026  10:01:22
       Step Size:  0.100E-01 s, Total Time:  206.90847 s
       Pressure Iterations: 1
       Maximum Velocity Error:  0.45E-02 on Mesh 1 at (24,13,2)
       Maximum Pressure Error:  0.25E+01 on Mesh 1 at (23,13,4)
       ---------------------------------------------------------------
       Mesh    1
       Max CFL number:  0.20E+00 at (23,13,1)
       Max divergence:  0.69E-01 at (18,13,1)
       Min divergence: -0.78E-01 at (18,13,2)
       Max VN number :  0.15E+00 at (18,13,2)
       Mesh    2
       Max CFL number:  0.15E+00 at (1,13,1)
       Max divergence:  0.50E-01 at (11,1,9)
       Min divergence: -0.57E-01 at (1,13,2)
       Max VN number :  0.91E-01 at (17,1,7)
 
       Time Step    20800   May 17, 2026  10:01:35
       Step Size:  0.100E-01 s, Total Time:  207.90847 s
       Pressure Iterations: 1
       Maximum Velocity Error:  0.26E-02 on Mesh 1 at (24,13,4)
       Maximum Pressure Error:  0.35E+01 on Mesh 1 at (22,13,7)
       ---------------------------------------------------------------
       Mesh    1
       Max CFL number:  0.19E+00 at (22,13,6)
       Max divergence:  0.86E-01 at (19,13,7)
       Min divergence: -0.69E-01 at (19,13,2)
       Max VN number :  0.13E+00 at (22,2,1)
       Mesh    2
       Max CFL number:  0.14E+00 at (1,11,1)
       Max divergence:  0.36E-01 at (19,1,8)
       Min divergence: -0.59E-01 at (1,13,2)
       Max VN number :  0.81E-01 at (19,1,7)
 
       Time Step    20900   May 17, 2026  10:01:47
       Step Size:  0.100E-01 s, Total Time:  208.90847 s
       Pressure Iterations: 1
       Maximum Velocity Error:  0.79E-02 on Mesh 2 at (0,13,3)
       Maximum Pressure Error:  0.40E+01 on Mesh 1 at (24,14,3)
       ---------------------------------------------------------------
       Mesh    1
       Max CFL number:  0.19E+00 at (21,13,5)
       Max divergence:  0.74E-01 at (19,13,2)
       Min divergence: -0.15E+00 at (18,13,2)
       Max VN number :  0.15E+00 at (18,13,2)
       Mesh    2
       Max CFL number:  0.12E+00 at (1,11,1)
       Max divergence:  0.68E-01 at (2,1,9)
       Min divergence: -0.54E-01 at (1,13,2)
       Max VN number :  0.95E-01 at (1,2,1)
 
       Time Step    21000   May 17, 2026  10:02:00
       Step Size:  0.100E-01 s, Total Time:  209.90847 s
       Pressure Iterations: 1
       Maximum Velocity Error:  0.50E-02 on Mesh 1 at (24,12,1)
       Maximum Pressure Error:  0.17E+02 on Mesh 1 at (20,14,1)
       ---------------------------------------------------------------
       Mesh    1
       Max CFL number:  0.21E+00 at (20,12,1)
       Max divergence:  0.72E-01 at (22,9,3)
       Min divergence: -0.75E-01 at (18,12,2)
       Max VN number :  0.12E+00 at (18,13,2)
       Mesh    2
       Max CFL number:  0.15E+00 at (1,13,1)
       Max divergence:  0.50E-01 at (4,1,9)
       Min divergence: -0.72E-01 at (1,13,2)
       Max VN number :  0.10E+00 at (4,13,4)
 
       Time Step    21100   May 17, 2026  10:02:13
       Step Size:  0.100E-01 s, Total Time:  210.90847 s
       Pressure Iterations: 1
       Maximum Velocity Error:  0.76E-02 on Mesh 2 at (0,13,3)
       Maximum Pressure Error:  0.42E+01 on Mesh 1 at (24,14,4)
       ---------------------------------------------------------------
       Mesh    1
       Max CFL number:  0.21E+00 at (23,12,1)
       Max divergence:  0.98E-01 at (19,13,13)
       Min divergence: -0.95E-01 at (24,13,9)
       Max VN number :  0.14E+00 at (19,14,3)
       Mesh    2
       Max CFL number:  0.15E+00 at (1,11,1)
       Max divergence:  0.49E-01 at (7,1,9)
       Min divergence: -0.61E-01 at (1,13,2)
       Max VN number :  0.10E+00 at (7,1,9)
 
       Time Step    21200   May 17, 2026  10:02:26
       Step Size:  0.100E-01 s, Total Time:  211.90847 s
       Pressure Iterations: 1
       Maximum Velocity Error:  0.91E-02 on Mesh 1 at (24,13,1)
       Maximum Pressure Error:  0.40E+01 on Mesh 1 at (24,14,1)
       ---------------------------------------------------------------
       Mesh    1
       Max CFL number:  0.19E+00 at (23,13,6)
       Max divergence:  0.86E-01 at (20,13,14)
       Min divergence: -0.75E-01 at (18,13,2)
       Max VN number :  0.14E+00 at (19,14,3)
       Mesh    2
       Max CFL number:  0.15E+00 at (1,13,1)
       Max divergence:  0.88E-01 at (6,1,9)
       Min divergence: -0.49E-01 at (9,1,9)
       Max VN number :  0.11E+00 at (6,1,8)
 
       Time Step    21300   May 17, 2026  10:02:39
       Step Size:  0.100E-01 s, Total Time:  212.90847 s
       Pressure Iterations: 1
       Maximum Velocity Error:  0.42E-02 on Mesh 1 at (24,13,3)
       Maximum Pressure Error:  0.32E+01 on Mesh 1 at (20,14,4)
       ---------------------------------------------------------------
       Mesh    1
       Max CFL number:  0.19E+00 at (21,13,4)
       Max divergence:  0.92E-01 at (23,13,14)
       Min divergence: -0.11E+00 at (24,13,14)
       Max VN number :  0.19E+00 at (19,14,3)
       Mesh    2
       Max CFL number:  0.14E+00 at (1,13,1)
       Max divergence:  0.41E-01 at (1,13,8)
       Min divergence: -0.87E-01 at (1,13,2)
       Max VN number :  0.83E-01 at (11,1,6)
 
       Time Step    21400   May 17, 2026  10:02:52
       Step Size:  0.100E-01 s, Total Time:  213.90847 s
       Pressure Iterations: 1
       Maximum Velocity Error:  0.27E-02 on Mesh 2 at (0,9,1)
       Maximum Pressure Error:  0.25E+01 on Mesh 1 at (20,14,5)
       ---------------------------------------------------------------
       Mesh    1
       Max CFL number:  0.19E+00 at (23,12,2)
       Max divergence:  0.14E+00 at (20,12,14)
       Min divergence: -0.16E+00 at (22,12,15)
       Max VN number :  0.26E+00 at (22,13,3)
       Mesh    2
       Max CFL number:  0.15E+00 at (1,13,1)
       Max divergence:  0.96E-01 at (6,1,10)
       Min divergence: -0.52E-01 at (2,13,2)
       Max VN number :  0.89E-01 at (16,8,1)
 
       Time Step    21500   May 17, 2026  10:03:06
       Step Size:  0.100E-01 s, Total Time:  214.90847 s
       Pressure Iterations: 1
       Maximum Velocity Error:  0.36E-02 on Mesh 1 at (24,9,1)
       Maximum Pressure Error:  0.28E+01 on Mesh 1 at (23,13,7)
       ---------------------------------------------------------------
       Mesh    1
       Max CFL number:  0.18E+00 at (20,13,3)
       Max divergence:  0.92E-01 at (21,9,2)
       Min divergence: -0.15E+00 at (21,12,15)
       Max VN number :  0.21E+00 at (19,14,2)
       Mesh    2
       Max CFL number:  0.15E+00 at (1,11,1)
       Max divergence:  0.27E-01 at (18,1,6)
       Min divergence: -0.40E-01 at (2,12,2)
       Max VN number :  0.90E-01 at (20,5,1)
 
       Time Step    21600   May 17, 2026  10:03:18
       Step Size:  0.100E-01 s, Total Time:  215.90847 s
       Pressure Iterations: 1
       Maximum Velocity Error:  0.56E-02 on Mesh 2 at (0,13,4)
       Maximum Pressure Error:  0.37E+01 on Mesh 1 at (21,13,7)
       ---------------------------------------------------------------
       Mesh    1
       Max CFL number:  0.22E+00 at (20,13,7)
       Max divergence:  0.13E+00 at (19,13,7)
       Min divergence: -0.12E+00 at (20,12,15)
       Max VN number :  0.22E+00 at (20,13,6)
       Mesh    2
       Max CFL number:  0.15E+00 at (1,13,1)
       Max divergence:  0.95E-01 at (6,1,9)
       Min divergence: -0.62E-01 at (6,1,8)
       Max VN number :  0.16E+00 at (6,1,8)
 
       Time Step    21700   May 17, 2026  10:03:31
       Step Size:  0.100E-01 s, Total Time:  216.90847 s
       Pressure Iterations: 1
       Maximum Velocity Error:  0.48E-02 on Mesh 1 at (24,13,6)
       Maximum Pressure Error:  0.33E+01 on Mesh 1 at (23,13,9)
       ---------------------------------------------------------------
       Mesh    1
       Max CFL number:  0.19E+00 at (23,13,4)
       Max divergence:  0.10E+00 at (20,13,14)
       Min divergence: -0.13E+00 at (20,12,13)
       Max VN number :  0.11E+00 at (20,13,6)
       Mesh    2
       Max CFL number:  0.14E+00 at (1,10,1)
       Max divergence:  0.36E-01 at (6,1,8)
       Min divergence: -0.42E-01 at (2,12,2)
       Max VN number :  0.10E+00 at (9,1,9)
 
       Time Step    21800   May 17, 2026  10:03:43
       Step Size:  0.100E-01 s, Total Time:  217.90847 s
       Pressure Iterations: 1
       Maximum Velocity Error:  0.72E-02 on Mesh 1 at (24,13,3)
       Maximum Pressure Error:  0.42E+01 on Mesh 1 at (20,14,3)
       ---------------------------------------------------------------
       Mesh    1
       Max CFL number:  0.20E+00 at (20,13,6)
       Max divergence:  0.13E+00 at (22,12,14)
       Min divergence: -0.15E+00 at (21,12,15)
       Max VN number :  0.16E+00 at (24,13,2)
       Mesh    2
       Max CFL number:  0.14E+00 at (1,10,1)
       Max divergence:  0.60E-01 at (1,13,8)
       Min divergence: -0.76E-01 at (1,13,2)
       Max VN number :  0.10E+00 at (3,13,4)
 
       Time Step    21900   May 17, 2026  10:03:55
       Step Size:  0.100E-01 s, Total Time:  218.90847 s
       Pressure Iterations: 1
       Maximum Velocity Error:  0.38E-02 on Mesh 1 at (24,7,1)
       Maximum Pressure Error:  0.47E+01 on Mesh 1 at (23,13,5)
       ---------------------------------------------------------------
       Mesh    1
       Max CFL number:  0.21E+00 at (23,13,6)
       Max divergence:  0.10E+00 at (23,13,12)
       Min divergence: -0.14E+00 at (23,12,15)
       Max VN number :  0.18E+00 at (20,13,2)
       Mesh    2
       Max CFL number:  0.13E+00 at (1,8,2)
       Max divergence:  0.60E-01 at (4,1,8)
       Min divergence: -0.51E-01 at (4,1,9)
       Max VN number :  0.13E+00 at (4,1,7)
 
       Time Step    22000   May 17, 2026  10:04:07
       Step Size:  0.100E-01 s, Total Time:  219.90847 s
       Pressure Iterations: 1
       Maximum Velocity Error:  0.51E-02 on Mesh 1 at (24,12,2)
       Maximum Pressure Error:  0.49E+01 on Mesh 1 at (23,13,3)
       ---------------------------------------------------------------
       Mesh    1
       Max CFL number:  0.20E+00 at (20,13,4)
       Max divergence:  0.12E+00 at (19,14,3)
       Min divergence: -0.15E+00 at (24,13,12)
       Max VN number :  0.24E+00 at (18,13,4)
       Mesh    2
       Max CFL number:  0.16E+00 at (3,12,1)
       Max divergence:  0.63E-01 at (2,1,9)
       Min divergence: -0.72E-01 at (3,13,2)
       Max VN number :  0.19E+00 at (4,13,2)
 
       Time Step    22100   May 17, 2026  10:04:19
       Step Size:  0.100E-01 s, Total Time:  220.90847 s
       Pressure Iterations: 1
       Maximum Velocity Error:  0.43E-02 on Mesh 1 at (24,13,1)
       Maximum Pressure Error:  0.32E+01 on Mesh 2 at (2,14,1)
       ---------------------------------------------------------------
       Mesh    1
       Max CFL number:  0.17E+00 at (20,11,1)
       Max divergence:  0.14E+00 at (23,13,12)
       Min divergence: -0.19E+00 at (24,13,12)
       Max VN number :  0.15E+00 at (24,13,12)
       Mesh    2
       Max CFL number:  0.15E+00 at (3,12,1)
       Max divergence:  0.41E-01 at (4,12,2)
       Min divergence: -0.47E-01 at (11,1,8)
       Max VN number :  0.16E+00 at (3,13,3)
 
       Time Step    22200   May 17, 2026  10:04:32
       Step Size:  0.100E-01 s, Total Time:  221.90847 s
       Pressure Iterations: 1
       Maximum Velocity Error:  0.71E-02 on Mesh 1 at (24,13,10)
       Maximum Pressure Error:  0.67E+01 on Mesh 1 at (20,14,2)
       ---------------------------------------------------------------
       Mesh    1
       Max CFL number:  0.19E+00 at (20,12,1)
       Max divergence:  0.14E+00 at (23,13,12)
       Min divergence: -0.13E+00 at (24,13,12)
       Max VN number :  0.23E+00 at (18,13,2)
       Mesh    2
       Max CFL number:  0.16E+00 at (1,11,1)
       Max divergence:  0.78E-01 at (3,1,9)
       Min divergence: -0.78E-01 at (2,13,2)
       Max VN number :  0.13E+00 at (2,13,2)
 
       Time Step    22300   May 17, 2026  10:04:48
       Step Size:  0.100E-01 s, Total Time:  222.90847 s
       Pressure Iterations: 1
       Maximum Velocity Error:  0.80E-02 on Mesh 1 at (24,12,1)
       Maximum Pressure Error:  0.62E+01 on Mesh 1 at (21,13,7)
       ---------------------------------------------------------------
       Mesh    1
       Max CFL number:  0.21E+00 at (21,13,6)
       Max divergence:  0.89E-01 at (24,13,3)
       Min divergence: -0.88E-01 at (20,12,15)
       Max VN number :  0.23E+00 at (24,13,2)
       Mesh    2
       Max CFL number:  0.14E+00 at (2,10,1)
       Max divergence:  0.50E-01 at (2,13,3)
       Min divergence: -0.74E-01 at (1,12,3)
       Max VN number :  0.19E+00 at (2,13,4)
 
       Time Step    22400   May 17, 2026  10:05:02
       Step Size:  0.100E-01 s, Total Time:  223.90847 s
       Pressure Iterations: 1
       Maximum Velocity Error:  0.39E-02 on Mesh 1 at (22,13,9)
       Maximum Pressure Error:  0.53E+01 on Mesh 1 at (22,13,9)
       ---------------------------------------------------------------
       Mesh    1
       Max CFL number:  0.19E+00 at (22,12,8)
       Max divergence:  0.11E+00 at (23,13,15)
       Min divergence: -0.13E+00 at (23,12,14)
       Max VN number :  0.21E+00 at (21,13,7)
       Mesh    2
       Max CFL number:  0.14E+00 at (1,12,3)
       Max divergence:  0.47E-01 at (1,14,4)
       Min divergence: -0.47E-01 at (3,11,2)
       Max VN number :  0.14E+00 at (3,13,5)
 
       Time Step    22500   May 17, 2026  10:05:15
       Step Size:  0.100E-01 s, Total Time:  224.90847 s
       Pressure Iterations: 1
       Maximum Velocity Error:  0.85E-02 on Mesh 1 at (24,12,3)
       Maximum Pressure Error:  0.28E+01 on Mesh 1 at (20,14,6)
       ---------------------------------------------------------------
       Mesh    1
       Max CFL number:  0.19E+00 at (20,13,7)
       Max divergence:  0.16E+00 at (20,13,15)
       Min divergence: -0.91E-01 at (19,12,11)
       Max VN number :  0.14E+00 at (18,13,3)
       Mesh    2
       Max CFL number:  0.13E+00 at (1,12,2)
       Max divergence:  0.47E-01 at (7,13,3)
       Min divergence: -0.51E-01 at (2,13,4)
       Max VN number :  0.13E+00 at (2,13,3)
 
       Time Step    22600   May 17, 2026  10:05:28
       Step Size:  0.100E-01 s, Total Time:  225.90847 s
       Pressure Iterations: 1
       Maximum Velocity Error:  0.43E-02 on Mesh 1 at (24,11,2)
       Maximum Pressure Error:  0.24E+01 on Mesh 1 at (20,14,10)
       ---------------------------------------------------------------
       Mesh    1
       Max CFL number:  0.18E+00 at (23,12,6)
       Max divergence:  0.15E+00 at (20,13,14)
       Min divergence: -0.14E+00 at (20,12,15)
       Max VN number :  0.19E+00 at (17,13,2)
       Mesh    2
       Max CFL number:  0.15E+00 at (4,8,1)
       Max divergence:  0.58E-01 at (10,1,10)
       Min divergence: -0.41E-01 at (2,13,3)
       Max VN number :  0.12E+00 at (4,8,1)
 
       Time Step    22700   May 17, 2026  10:05:42
       Step Size:  0.100E-01 s, Total Time:  226.90847 s
       Pressure Iterations: 1
       Maximum Velocity Error:  0.76E-02 on Mesh 1 at (24,12,1)
       Maximum Pressure Error:  0.28E+01 on Mesh 1 at (21,13,1)
       ---------------------------------------------------------------
       Mesh    1
       Max CFL number:  0.17E+00 at (23,12,6)
       Max divergence:  0.18E+00 at (20,13,15)
       Min divergence: -0.17E+00 at (20,12,14)
       Max VN number :  0.13E+00 at (21,10,1)
       Mesh    2
       Max CFL number:  0.13E+00 at (1,12,2)
       Max divergence:  0.44E-01 at (1,13,3)
       Min divergence: -0.79E-01 at (2,13,3)
       Max VN number :  0.18E+00 at (3,13,3)
 
       Time Step    22800   May 17, 2026  10:05:55
       Step Size:  0.100E-01 s, Total Time:  227.90847 s
       Pressure Iterations: 1
       Maximum Velocity Error:  0.55E-02 on Mesh 1 at (24,8,1)
       Maximum Pressure Error:  0.15E+02 on Mesh 1 at (20,14,1)
       ---------------------------------------------------------------
       Mesh    1
       Max CFL number:  0.19E+00 at (23,13,7)
       Max divergence:  0.14E+00 at (20,12,13)
       Min divergence: -0.13E+00 at (21,12,12)
       Max VN number :  0.17E+00 at (17,13,2)
       Mesh    2
       Max CFL number:  0.13E+00 at (5,9,1)
       Max divergence:  0.40E-01 at (8,1,9)
       Min divergence: -0.54E-01 at (1,14,5)
       Max VN number :  0.11E+00 at (7,1,9)
 
       Time Step    22900   May 17, 2026  10:06:08
       Step Size:  0.100E-01 s, Total Time:  228.90847 s
       Pressure Iterations: 1
       Maximum Velocity Error:  0.80E-02 on Mesh 1 at (24,12,2)
       Maximum Pressure Error:  0.46E+01 on Mesh 2 at (2,14,4)
       ---------------------------------------------------------------
       Mesh    1
       Max CFL number:  0.17E+00 at (24,13,3)
       Max divergence:  0.16E+00 at (23,13,15)
       Min divergence: -0.15E+00 at (24,13,14)
       Max VN number :  0.17E+00 at (19,14,4)
       Mesh    2
       Max CFL number:  0.15E+00 at (1,13,1)
       Max divergence:  0.89E-01 at (3,13,3)
       Min divergence: -0.79E-01 at (1,13,3)
       Max VN number :  0.18E+00 at (2,13,3)
 
       Time Step    23000   May 17, 2026  10:06:21
       Step Size:  0.100E-01 s, Total Time:  229.90847 s
       Pressure Iterations: 1
       Maximum Velocity Error:  0.44E-02 on Mesh 1 at (24,13,7)
       Maximum Pressure Error:  0.52E+01 on Mesh 1 at (20,14,5)
       ---------------------------------------------------------------
       Mesh    1
       Max CFL number:  0.22E+00 at (20,13,7)
       Max divergence:  0.19E+00 at (23,13,15)
       Min divergence: -0.13E+00 at (23,12,15)
       Max VN number :  0.22E+00 at (19,14,6)
       Mesh    2
       Max CFL number:  0.15E+00 at (12,12,1)
       Max divergence:  0.78E-01 at (1,13,6)
       Min divergence: -0.47E-01 at (1,10,5)
       Max VN number :  0.12E+00 at (3,13,6)
 
       Time Step    23100   May 17, 2026  10:06:35
       Step Size:  0.100E-01 s, Total Time:  230.90847 s
       Pressure Iterations: 1
       Maximum Velocity Error:  0.71E-02 on Mesh 1 at (24,13,7)
       Maximum Pressure Error:  0.65E+01 on Mesh 1 at (23,13,7)
       ---------------------------------------------------------------
       Mesh    1
       Max CFL number:  0.21E+00 at (23,13,5)
       Max divergence:  0.13E+00 at (20,13,15)
       Min divergence: -0.10E+00 at (23,12,15)
       Max VN number :  0.22E+00 at (17,13,2)
       Mesh    2
       Max CFL number:  0.14E+00 at (2,9,1)
       Max divergence:  0.73E-01 at (10,1,9)
       Min divergence: -0.56E-01 at (9,1,9)
       Max VN number :  0.15E+00 at (10,1,9)
 
       Time Step    23200   May 17, 2026  10:06:47
       Step Size:  0.100E-01 s, Total Time:  231.90847 s
       Pressure Iterations: 1
       Maximum Velocity Error:  0.13E-01 on Mesh 1 at (24,9,1)
       Maximum Pressure Error:  0.30E+01 on Mesh 1 at (23,13,3)
       ---------------------------------------------------------------
       Mesh    1
       Max CFL number:  0.21E+00 at (22,11,2)
       Max divergence:  0.11E+00 at (20,13,15)
       Min divergence: -0.12E+00 at (20,12,15)
       Max VN number :  0.20E+00 at (23,13,3)
       Mesh    2
       Max CFL number:  0.17E+00 at (2,9,1)
       Max divergence:  0.50E-01 at (6,1,11)
       Min divergence: -0.43E-01 at (1,20,2)
       Max VN number :  0.16E+00 at (2,13,5)
 
       Time Step    23300   May 17, 2026  10:07:00
       Step Size:  0.100E-01 s, Total Time:  232.90847 s
       Pressure Iterations: 1
       Maximum Velocity Error:  0.65E-02 on Mesh 1 at (24,12,4)
       Maximum Pressure Error:  0.32E+01 on Mesh 1 at (23,13,6)
       ---------------------------------------------------------------
       Mesh    1
       Max CFL number:  0.19E+00 at (24,12,4)
       Max divergence:  0.11E+00 at (24,13,11)
       Min divergence: -0.11E+00 at (21,12,14)
       Max VN number :  0.18E+00 at (20,13,3)
       Mesh    2
       Max CFL number:  0.17E+00 at (3,10,1)
       Max divergence:  0.64E-01 at (2,13,5)
       Min divergence: -0.91E-01 at (1,13,5)
       Max VN number :  0.17E+00 at (2,13,5)
 
       Time Step    23400   May 17, 2026  10:07:13
       Step Size:  0.100E-01 s, Total Time:  233.90847 s
       Pressure Iterations: 1
       Maximum Velocity Error:  0.36E-02 on Mesh 1 at (24,7,1)
       Maximum Pressure Error:  0.34E+01 on Mesh 1 at (23,13,8)
       ---------------------------------------------------------------
       Mesh    1
       Max CFL number:  0.20E+00 at (23,13,8)
       Max divergence:  0.11E+00 at (19,13,11)
       Min divergence: -0.93E-01 at (24,12,9)
       Max VN number :  0.24E+00 at (21,13,6)
       Mesh    2
       Max CFL number:  0.12E+00 at (1,10,2)
       Max divergence:  0.32E-01 at (2,13,5)
       Min divergence: -0.58E-01 at (1,13,9)
       Max VN number :  0.10E+00 at (2,13,6)
 
       Time Step    23500   May 17, 2026  10:07:27
       Step Size:  0.100E-01 s, Total Time:  234.90847 s
       Pressure Iterations: 1
       Maximum Velocity Error:  0.57E-02 on Mesh 1 at (24,13,9)
       Maximum Pressure Error:  0.29E+01 on Mesh 1 at (23,13,8)
       ---------------------------------------------------------------
       Mesh    1
       Max CFL number:  0.19E+00 at (20,13,7)
       Max divergence:  0.15E+00 at (22,12,14)
       Min divergence: -0.15E+00 at (21,12,15)
       Max VN number :  0.15E+00 at (24,13,9)
       Mesh    2
       Max CFL number:  0.14E+00 at (1,10,2)
       Max divergence:  0.54E-01 at (5,1,11)
       Min divergence: -0.48E-01 at (1,14,4)
       Max VN number :  0.12E+00 at (24,10,1)
 
       Time Step    23600   May 17, 2026  10:07:40
       Step Size:  0.100E-01 s, Total Time:  235.90847 s
       Pressure Iterations: 1
       Maximum Velocity Error:  0.61E-02 on Mesh 1 at (24,12,10)
       Maximum Pressure Error:  0.39E+01 on Mesh 1 at (20,14,7)
       ---------------------------------------------------------------
       Mesh    1
       Max CFL number:  0.20E+00 at (21,13,8)
       Max divergence:  0.16E+00 at (20,12,15)
       Min divergence: -0.12E+00 at (23,12,14)
       Max VN number :  0.17E+00 at (17,13,2)
       Mesh    2
       Max CFL number:  0.13E+00 at (1,12,5)
       Max divergence:  0.64E-01 at (1,13,10)
       Min divergence: -0.51E-01 at (1,11,5)
       Max VN number :  0.12E+00 at (5,13,2)
 
       Time Step    23700   May 17, 2026  10:07:53
       Step Size:  0.100E-01 s, Total Time:  236.90847 s
       Pressure Iterations: 1
       Maximum Velocity Error:  0.99E-02 on Mesh 2 at (0,13,4)
       Maximum Pressure Error:  0.42E+01 on Mesh 1 at (24,14,4)
       ---------------------------------------------------------------
       Mesh    1
       Max CFL number:  0.19E+00 at (21,13,13)
       Max divergence:  0.13E+00 at (20,13,13)
       Min divergence: -0.12E+00 at (23,12,13)
       Max VN number :  0.15E+00 at (21,13,10)
       Mesh    2
       Max CFL number:  0.16E+00 at (1,13,3)
       Max divergence:  0.30E-01 at (1,15,3)
       Min divergence: -0.54E-01 at (3,13,3)
       Max VN number :  0.11E+00 at (18,7,1)
 
       Time Step    23800   May 17, 2026  10:08:06
       Step Size:  0.100E-01 s, Total Time:  237.90847 s
       Pressure Iterations: 1
       Maximum Velocity Error:  0.70E-02 on Mesh 1 at (24,9,1)
       Maximum Pressure Error:  0.22E+01 on Mesh 1 at (22,13,5)
       ---------------------------------------------------------------
       Mesh    1
       Max CFL number:  0.17E+00 at (22,13,7)
       Max divergence:  0.15E+00 at (21,12,15)
       Min divergence: -0.16E+00 at (22,12,14)
       Max VN number :  0.18E+00 at (22,13,2)
       Mesh    2
       Max CFL number:  0.14E+00 at (4,8,1)
       Max divergence:  0.42E-01 at (4,13,2)
       Min divergence: -0.44E-01 at (11,1,9)
       Max VN number :  0.12E+00 at (2,13,5)
 
       Time Step    23900   May 17, 2026  10:08:18
       Step Size:  0.100E-01 s, Total Time:  238.90847 s
       Pressure Iterations: 1
       Maximum Velocity Error:  0.54E-02 on Mesh 1 at (24,8,1)
       Maximum Pressure Error:  0.32E+01 on Mesh 1 at (23,13,6)
       ---------------------------------------------------------------
       Mesh    1
       Max CFL number:  0.19E+00 at (23,13,7)
       Max divergence:  0.11E+00 at (23,13,13)
       Min divergence: -0.17E+00 at (23,12,13)
       Max VN number :  0.12E+00 at (9,1,10)
       Mesh    2
       Max CFL number:  0.14E+00 at (1,3,2)
       Max divergence:  0.30E-01 at (15,1,8)
       Min divergence: -0.44E-01 at (1,20,2)
       Max VN number :  0.10E+00 at (21,1,8)
 
       Time Step    24000   May 17, 2026  10:08:31
       Step Size:  0.100E-01 s, Total Time:  239.90847 s
       Pressure Iterations: 1
       Maximum Velocity Error:  0.52E-02 on Mesh 1 at (24,13,1)
       Maximum Pressure Error:  0.25E+01 on Mesh 1 at (22,13,7)
       ---------------------------------------------------------------
       Mesh    1
       Max CFL number:  0.18E+00 at (20,10,4)
       Max divergence:  0.12E+00 at (22,13,15)
       Min divergence: -0.12E+00 at (23,12,14)
       Max VN number :  0.16E+00 at (17,13,3)
       Mesh    2
       Max CFL number:  0.15E+00 at (2,10,1)
       Max divergence:  0.29E-01 at (1,13,4)
       Min divergence: -0.49E-01 at (1,13,2)
       Max VN number :  0.11E+00 at (13,1,8)
 
       Time Step    24100   May 17, 2026  10:08:43
       Step Size:  0.100E-01 s, Total Time:  240.90847 s
       Pressure Iterations: 1
       Maximum Velocity Error:  0.94E-02 on Mesh 1 at (24,11,2)
       Maximum Pressure Error:  0.35E+01 on Mesh 1 at (20,14,7)
       ---------------------------------------------------------------
       Mesh    1
       Max CFL number:  0.18E+00 at (19,11,2)
       Max divergence:  0.74E-01 at (20,13,15)
       Min divergence: -0.10E+00 at (23,12,12)
       Max VN number :  0.24E+00 at (18,13,2)
       Mesh    2
       Max CFL number:  0.14E+00 at (1,12,5)
       Max divergence:  0.31E-01 at (1,13,6)
       Min divergence: -0.53E-01 at (2,13,2)
       Max VN number :  0.12E+00 at (1,14,2)
 
       Time Step    24200   May 17, 2026  10:08:56
       Step Size:  0.100E-01 s, Total Time:  241.90847 s
       Pressure Iterations: 1
       Maximum Velocity Error:  0.81E-02 on Mesh 1 at (24,10,2)
       Maximum Pressure Error:  0.27E+01 on Mesh 1 at (24,14,5)
       ---------------------------------------------------------------
       Mesh    1
       Max CFL number:  0.16E+00 at (23,12,7)
       Max divergence:  0.12E+00 at (20,13,15)
       Min divergence: -0.12E+00 at (23,12,14)
       Max VN number :  0.19E+00 at (21,13,6)
       Mesh    2
       Max CFL number:  0.16E+00 at (1,12,3)
       Max divergence:  0.80E-01 at (3,13,4)
       Min divergence: -0.12E+00 at (2,13,4)
       Max VN number :  0.24E+00 at (2,13,4)
 
       Time Step    24300   May 17, 2026  10:09:09
       Step Size:  0.100E-01 s, Total Time:  242.90847 s
       Pressure Iterations: 1
       Maximum Velocity Error:  0.61E-02 on Mesh 1 at (24,13,8)
       Maximum Pressure Error:  0.36E+01 on Mesh 1 at (24,14,8)
       ---------------------------------------------------------------
       Mesh    1
       Max CFL number:  0.18E+00 at (23,13,9)
       Max divergence:  0.13E+00 at (19,13,13)
       Min divergence: -0.87E-01 at (20,12,12)
       Max VN number :  0.14E+00 at (6,1,10)
       Mesh    2
       Max CFL number:  0.13E+00 at (3,9,1)
       Max divergence:  0.39E-01 at (13,1,12)
       Min divergence: -0.47E-01 at (1,13,9)
       Max VN number :  0.13E+00 at (23,1,10)
 
       Time Step    24400   May 17, 2026  10:09:21
       Step Size:  0.100E-01 s, Total Time:  243.90847 s
       Pressure Iterations: 1
       Maximum Velocity Error:  0.49E-02 on Mesh 2 at (0,1,1)
       Maximum Pressure Error:  0.23E+01 on Mesh 1 at (23,13,8)
       ---------------------------------------------------------------
       Mesh    1
       Max CFL number:  0.20E+00 at (23,13,11)
       Max divergence:  0.92E-01 at (20,11,15)
       Min divergence: -0.12E+00 at (22,12,14)
       Max VN number :  0.16E+00 at (24,13,9)
       Mesh    2
       Max CFL number:  0.13E+00 at (1,6,1)
       Max divergence:  0.43E-01 at (11,1,9)
       Min divergence: -0.67E-01 at (10,1,9)
       Max VN number :  0.12E+00 at (10,1,9)
 
       Time Step    24500   May 17, 2026  10:09:34
       Step Size:  0.100E-01 s, Total Time:  244.90847 s
       Pressure Iterations: 1
       Maximum Velocity Error:  0.57E-02 on Mesh 1 at (24,12,3)
       Maximum Pressure Error:  0.35E+01 on Mesh 1 at (20,14,3)
       ---------------------------------------------------------------
       Mesh    1
       Max CFL number:  0.17E+00 at (22,12,6)
       Max divergence:  0.90E-01 at (24,13,12)
       Min divergence: -0.10E+00 at (24,12,12)
       Max VN number :  0.16E+00 at (18,13,2)
       Mesh    2
       Max CFL number:  0.12E+00 at (1,13,3)
       Max divergence:  0.16E+00 at (1,13,12)
       Min divergence: -0.51E-01 at (1,13,13)
       Max VN number :  0.11E+00 at (1,14,5)
 
       Time Step    24600   May 17, 2026  10:09:46
       Step Size:  0.100E-01 s, Total Time:  245.90847 s
       Pressure Iterations: 1
       Maximum Velocity Error:  0.35E-02 on Mesh 2 at (0,11,10)
       Maximum Pressure Error:  0.59E+01 on Mesh 1 at (20,14,3)
       ---------------------------------------------------------------
       Mesh    1
       Max CFL number:  0.17E+00 at (20,13,1)
       Max divergence:  0.11E+00 at (21,13,15)
       Min divergence: -0.12E+00 at (21,12,15)
       Max VN number :  0.13E+00 at (19,11,1)
       Mesh    2
       Max CFL number:  0.13E+00 at (3,6,1)
       Max divergence:  0.26E-01 at (1,20,1)
       Min divergence: -0.41E-01 at (2,13,3)
       Max VN number :  0.89E-01 at (1,15,3)
 
       Time Step    24700   May 17, 2026  10:10:00
       Step Size:  0.100E-01 s, Total Time:  246.90847 s
       Pressure Iterations: 1
       Maximum Velocity Error:  0.37E-02 on Mesh 1 at (24,9,2)
       Maximum Pressure Error:  0.17E+01 on Mesh 1 at (22,13,8)
       ---------------------------------------------------------------
       Mesh    1
       Max CFL number:  0.17E+00 at (20,12,5)
       Max divergence:  0.86E-01 at (20,13,15)
       Min divergence: -0.92E-01 at (21,12,15)
       Max VN number :  0.12E+00 at (24,13,2)
       Mesh    2
       Max CFL number:  0.11E+00 at (12,7,1)
       Max divergence:  0.41E-01 at (1,13,11)
       Min divergence: -0.96E-01 at (1,13,9)
       Max VN number :  0.11E+00 at (2,13,5)
 
       Time Step    24800   May 17, 2026  10:10:15
       Step Size:  0.100E-01 s, Total Time:  247.90847 s
       Pressure Iterations: 1
       Maximum Velocity Error:  0.27E-02 on Mesh 1 at (24,9,1)
       Maximum Pressure Error:  0.43E+01 on Mesh 1 at (20,14,1)
       ---------------------------------------------------------------
       Mesh    1
       Max CFL number:  0.17E+00 at (20,13,2)
       Max divergence:  0.11E+00 at (23,13,15)
       Min divergence: -0.11E+00 at (22,12,14)
       Max VN number :  0.15E+00 at (19,13,1)
       Mesh    2
       Max CFL number:  0.12E+00 at (4,9,1)
       Max divergence:  0.22E-01 at (1,20,1)
       Min divergence: -0.32E-01 at (8,11,2)
       Max VN number :  0.84E-01 at (2,13,5)
 
       Time Step    24900   May 17, 2026  10:10:28
       Step Size:  0.100E-01 s, Total Time:  248.90847 s
       Pressure Iterations: 1
       Maximum Velocity Error:  0.68E-02 on Mesh 1 at (24,11,1)
       Maximum Pressure Error:  0.30E+01 on Mesh 2 at (2,14,3)
       ---------------------------------------------------------------
       Mesh    1
       Max CFL number:  0.17E+00 at (24,13,5)
       Max divergence:  0.88E-01 at (19,13,6)
       Min divergence: -0.68E-01 at (22,12,13)
       Max VN number :  0.17E+00 at (19,14,6)
       Mesh    2
       Max CFL number:  0.16E+00 at (2,11,1)
       Max divergence:  0.35E-01 at (2,13,1)
       Min divergence: -0.57E-01 at (10,1,10)
       Max VN number :  0.21E+00 at (2,13,2)
 
       Time Step    25000   May 17, 2026  10:10:41
       Step Size:  0.100E-01 s, Total Time:  249.90847 s
       Pressure Iterations: 1
       Maximum Velocity Error:  0.44E-02 on Mesh 1 at (24,13,8)
       Maximum Pressure Error:  0.26E+01 on Mesh 1 at (23,13,3)
       ---------------------------------------------------------------
       Mesh    1
       Max CFL number:  0.18E+00 at (23,13,9)
       Max divergence:  0.94E-01 at (19,13,8)
       Min divergence: -0.74E-01 at (23,12,15)
       Max VN number :  0.19E+00 at (19,14,8)
       Mesh    2
       Max CFL number:  0.12E+00 at (2,4,1)
       Max divergence:  0.40E-01 at (2,13,3)
       Min divergence: -0.55E-01 at (8,1,8)
       Max VN number :  0.88E-01 at (16,11,1)
 
       Time Step    25100   May 17, 2026  10:10:55
       Step Size:  0.100E-01 s, Total Time:  250.90847 s
       Pressure Iterations: 1
       Maximum Velocity Error:  0.43E-02 on Mesh 1 at (24,5,1)
       Maximum Pressure Error:  0.22E+01 on Mesh 1 at (24,14,12)
       ---------------------------------------------------------------
       Mesh    1
       Max CFL number:  0.16E+00 at (23,13,13)
       Max divergence:  0.15E+00 at (24,13,12)
       Min divergence: -0.97E-01 at (20,12,13)
       Max VN number :  0.14E+00 at (19,14,5)
       Mesh    2
       Max CFL number:  0.13E+00 at (18,12,1)
       Max divergence:  0.28E-01 at (3,13,3)
       Min divergence: -0.43E-01 at (2,13,3)
       Max VN number :  0.10E+00 at (24,4,1)
 
       Time Step    25200   May 17, 2026  10:11:09
       Step Size:  0.100E-01 s, Total Time:  251.90847 s
       Pressure Iterations: 1
       Maximum Velocity Error:  0.37E-02 on Mesh 2 at (0,11,5)
       Maximum Pressure Error:  0.17E+01 on Mesh 1 at (19,16,1)
       ---------------------------------------------------------------
       Mesh    1
       Max CFL number:  0.14E+00 at (22,12,8)
       Max divergence:  0.22E+00 at (23,13,16)
       Min divergence: -0.10E+00 at (21,12,15)
       Max VN number :  0.96E-01 at (20,30,1)
       Mesh    2
       Max CFL number:  0.12E+00 at (1,8,2)
       Max divergence:  0.41E-01 at (9,1,11)
       Min divergence: -0.60E-01 at (1,13,9)
       Max VN number :  0.12E+00 at (9,1,10)
 
       Time Step    25300   May 17, 2026  10:11:22
       Step Size:  0.100E-01 s, Total Time:  252.90847 s
       Pressure Iterations: 1
       Maximum Velocity Error:  0.44E-02 on Mesh 1 at (24,8,1)
       Maximum Pressure Error:  0.18E+01 on Mesh 2 at (11,14,2)
       ---------------------------------------------------------------
       Mesh    1
       Max CFL number:  0.17E+00 at (20,12,6)
       Max divergence:  0.79E-01 at (23,13,15)
       Min divergence: -0.84E-01 at (21,12,14)
       Max VN number :  0.11E+00 at (17,13,4)
       Mesh    2
       Max CFL number:  0.13E+00 at (2,10,3)
       Max divergence:  0.52E-01 at (1,13,12)
       Min divergence: -0.53E-01 at (1,13,6)
       Max VN number :  0.99E-01 at (2,13,2)
 
       Time Step    25400   May 17, 2026  10:11:36
       Step Size:  0.100E-01 s, Total Time:  253.90847 s
       Pressure Iterations: 1
       Maximum Velocity Error:  0.17E-02 on Mesh 1 at (24,13,14)
       Maximum Pressure Error:  0.15E+01 on Mesh 2 at (16,14,1)
       ---------------------------------------------------------------
       Mesh    1
       Max CFL number:  0.16E+00 at (23,12,8)
       Max divergence:  0.98E-01 at (23,13,15)
       Min divergence: -0.12E+00 at (21,12,13)
       Max VN number :  0.14E+00 at (21,13,4)
       Mesh    2
       Max CFL number:  0.13E+00 at (15,13,1)
       Max divergence:  0.35E-01 at (1,13,14)
       Min divergence: -0.38E-01 at (1,13,12)
       Max VN number :  0.11E+00 at (1,14,7)
 
       Time Step    25500   May 17, 2026  10:11:50
       Step Size:  0.100E-01 s, Total Time:  254.90847 s
       Pressure Iterations: 1
       Maximum Velocity Error:  0.17E-02 on Mesh 1 at (24,13,12)
       Maximum Pressure Error:  0.15E+01 on Mesh 1 at (22,13,10)
       ---------------------------------------------------------------
       Mesh    1
       Max CFL number:  0.14E+00 at (20,11,3)
       Max divergence:  0.79E-01 at (20,13,15)
       Min divergence: -0.79E-01 at (22,12,15)
       Max VN number :  0.11E+00 at (9,1,11)
       Mesh    2
       Max CFL number:  0.11E+00 at (1,9,2)
       Max divergence:  0.43E-01 at (1,13,12)
       Min divergence: -0.40E-01 at (1,13,7)
       Max VN number :  0.12E+00 at (14,1,9)
 
       Time Step    25600   May 17, 2026  10:12:03
       Step Size:  0.100E-01 s, Total Time:  255.90847 s
       Pressure Iterations: 1
       Maximum Velocity Error:  0.23E-02 on Mesh 1 at (24,10,3)
       Maximum Pressure Error:  0.29E+01 on Mesh 1 at (20,14,2)
       ---------------------------------------------------------------
       Mesh    1
       Max CFL number:  0.16E+00 at (22,13,7)
       Max divergence:  0.66E-01 at (20,12,14)
       Min divergence: -0.12E+00 at (20,12,15)
       Max VN number :  0.13E+00 at (20,11,1)
       Mesh    2
       Max CFL number:  0.11E+00 at (9,1,1)
       Max divergence:  0.27E-01 at (8,13,3)
       Min divergence: -0.29E-01 at (1,8,3)
       Max VN number :  0.11E+00 at (8,13,3)
 
       Time Step    25700   May 17, 2026  10:12:17
       Step Size:  0.100E-01 s, Total Time:  256.90847 s
       Pressure Iterations: 1
       Maximum Velocity Error:  0.69E-02 on Mesh 1 at (24,12,4)
       Maximum Pressure Error:  0.30E+01 on Mesh 2 at (2,14,1)
       ---------------------------------------------------------------
       Mesh    1
       Max CFL number:  0.15E+00 at (22,12,10)
       Max divergence:  0.85E-01 at (20,13,15)
       Min divergence: -0.79E-01 at (20,12,14)
       Max VN number :  0.11E+00 at (18,32,1)
       Mesh    2
       Max CFL number:  0.14E+00 at (1,13,3)
       Max divergence:  0.29E-01 at (3,13,3)
       Min divergence: -0.58E-01 at (2,13,3)
       Max VN number :  0.15E+00 at (3,13,3)
 
       Time Step    25800   May 17, 2026  10:12:31
       Step Size:  0.100E-01 s, Total Time:  257.90847 s
       Pressure Iterations: 1
       Maximum Velocity Error:  0.38E-02 on Mesh 2 at (0,11,5)
       Maximum Pressure Error:  0.24E+01 on Mesh 1 at (18,14,4)
       ---------------------------------------------------------------
       Mesh    1
       Max CFL number:  0.17E+00 at (20,13,6)
       Max divergence:  0.12E+00 at (20,12,15)
       Min divergence: -0.65E-01 at (23,12,13)
       Max VN number :  0.21E+00 at (18,13,4)
       Mesh    2
       Max CFL number:  0.14E+00 at (5,6,1)
       Max divergence:  0.27E-01 at (2,13,1)
       Min divergence: -0.39E-01 at (1,13,14)
       Max VN number :  0.11E+00 at (2,13,2)
 
       Time Step    25900   May 17, 2026  10:12:44
       Step Size:  0.100E-01 s, Total Time:  258.90847 s
       Pressure Iterations: 1
       Maximum Velocity Error:  0.35E-02 on Mesh 1 at (24,6,1)
       Maximum Pressure Error:  0.18E+01 on Mesh 1 at (18,14,3)
       ---------------------------------------------------------------
       Mesh    1
       Max CFL number:  0.15E+00 at (20,12,3)
       Max divergence:  0.96E-01 at (23,13,15)
       Min divergence: -0.82E-01 at (21,12,12)
       Max VN number :  0.15E+00 at (23,13,3)
       Mesh    2
       Max CFL number:  0.14E+00 at (2,9,1)
       Max divergence:  0.45E-01 at (1,13,4)
       Min divergence: -0.63E-01 at (2,13,4)
       Max VN number :  0.17E+00 at (2,13,4)
 
       Time Step    26000   May 17, 2026  10:12:58
       Step Size:  0.100E-01 s, Total Time:  259.90847 s
       Pressure Iterations: 1
       Maximum Velocity Error:  0.42E-02 on Mesh 1 at (24,3,1)
       Maximum Pressure Error:  0.29E+01 on Mesh 1 at (20,14,4)
       ---------------------------------------------------------------
       Mesh    1
       Max CFL number:  0.18E+00 at (23,13,9)
       Max divergence:  0.79E-01 at (20,13,15)
       Min divergence: -0.73E-01 at (23,12,14)
       Max VN number :  0.13E+00 at (22,12,1)
       Mesh    2
       Max CFL number:  0.14E+00 at (1,4,1)
       Max divergence:  0.22E-01 at (1,20,1)
       Min divergence: -0.46E-01 at (1,13,7)
       Max VN number :  0.87E-01 at (9,12,1)
 
       Time Step    26100   May 17, 2026  10:13:11
       Step Size:  0.100E-01 s, Total Time:  260.90847 s
       Pressure Iterations: 1
       Maximum Velocity Error:  0.60E-02 on Mesh 1 at (24,13,6)
       Maximum Pressure Error:  0.46E+01 on Mesh 1 at (21,13,12)
       ---------------------------------------------------------------
       Mesh    1
       Max CFL number:  0.19E+00 at (21,13,12)
       Max divergence:  0.54E-01 at (22,12,11)
       Min divergence: -0.56E-01 at (22,11,11)
       Max VN number :  0.19E+00 at (22,13,6)
       Mesh    2
       Max CFL number:  0.13E+00 at (1,10,2)
       Max divergence:  0.18E-01 at (1,20,1)
       Min divergence: -0.39E-01 at (1,20,2)
       Max VN number :  0.88E-01 at (1,18,4)
 
       Time Step    26200   May 17, 2026  10:13:24
       Step Size:  0.100E-01 s, Total Time:  261.90847 s
       Pressure Iterations: 1
       Maximum Velocity Error:  0.28E-02 on Mesh 1 at (24,12,4)
       Maximum Pressure Error:  0.12E+01 on Mesh 1 at (23,14,1)
       ---------------------------------------------------------------
       Mesh    1
       Max CFL number:  0.16E+00 at (21,10,4)
       Max divergence:  0.14E+00 at (21,13,17)
       Min divergence: -0.62E-01 at (19,13,10)
       Max VN number :  0.11E+00 at (20,13,3)
       Mesh    2
       Max CFL number:  0.10E+00 at (18,1,7)
       Max divergence:  0.47E-01 at (1,13,8)
       Min divergence: -0.49E-01 at (1,13,6)
       Max VN number :  0.11E+00 at (17,1,9)
 
       Time Step    26300   May 17, 2026  10:13:37
       Step Size:  0.100E-01 s, Total Time:  262.90847 s
       Pressure Iterations: 1
       Maximum Velocity Error:  0.86E-02 on Mesh 1 at (24,12,4)
       Maximum Pressure Error:  0.42E+01 on Mesh 1 at (22,13,5)
       ---------------------------------------------------------------
       Mesh    1
       Max CFL number:  0.16E+00 at (20,11,5)
       Max divergence:  0.67E-01 at (23,13,7)
       Min divergence: -0.79E-01 at (24,13,7)
       Max VN number :  0.11E+00 at (24,13,7)
       Mesh    2
       Max CFL number:  0.12E+00 at (1,13,5)
       Max divergence:  0.34E-01 at (1,14,4)
       Min divergence: -0.46E-01 at (1,14,5)
       Max VN number :  0.12E+00 at (20,1,10)
 
       Time Step    26400   May 17, 2026  10:13:49
       Step Size:  0.100E-01 s, Total Time:  263.90847 s
       Pressure Iterations: 1
       Maximum Velocity Error:  0.54E-02 on Mesh 1 at (24,9,1)
       Maximum Pressure Error:  0.30E+01 on Mesh 1 at (22,13,9)
       ---------------------------------------------------------------
       Mesh    1
       Max CFL number:  0.18E+00 at (20,11,1)
       Max divergence:  0.12E+00 at (20,12,15)
       Min divergence: -0.78E-01 at (19,14,3)
       Max VN number :  0.11E+00 at (19,15,3)
       Mesh    2
       Max CFL number:  0.13E+00 at (2,10,2)
       Max divergence:  0.33E-01 at (3,13,4)
       Min divergence: -0.28E-01 at (1,9,3)
       Max VN number :  0.14E+00 at (3,13,4)
 
       Time Step    26500   May 17, 2026  10:14:01
       Step Size:  0.100E-01 s, Total Time:  264.90847 s
       Pressure Iterations: 1
       Maximum Velocity Error:  0.26E-02 on Mesh 2 at (0,12,3)
       Maximum Pressure Error:  0.26E+01 on Mesh 2 at (9,14,1)
       ---------------------------------------------------------------
       Mesh    1
       Max CFL number:  0.16E+00 at (23,12,4)
       Max divergence:  0.69E-01 at (23,13,15)
       Min divergence: -0.62E-01 at (19,14,6)
       Max VN number :  0.15E+00 at (19,14,5)
       Mesh    2
       Max CFL number:  0.13E+00 at (1,11,2)
       Max divergence:  0.18E-01 at (1,12,15)
       Min divergence: -0.35E-01 at (1,11,3)
       Max VN number :  0.88E-01 at (3,4,1)
 
       Time Step    26600   May 17, 2026  10:14:14
       Step Size:  0.100E-01 s, Total Time:  265.90847 s
       Pressure Iterations: 1
       Maximum Velocity Error:  0.16E-02 on Mesh 1 at (24,6,1)
       Maximum Pressure Error:  0.17E+01 on Mesh 2 at (16,14,1)
       ---------------------------------------------------------------
       Mesh    1
       Max CFL number:  0.15E+00 at (23,11,6)
       Max divergence:  0.66E-01 at (20,13,15)
       Min divergence: -0.56E-01 at (22,12,16)
       Max VN number :  0.12E+00 at (16,5,1)
       Mesh    2
       Max CFL number:  0.12E+00 at (15,13,1)
       Max divergence:  0.14E-01 at (1,19,15)
       Min divergence: -0.32E-01 at (1,13,4)
       Max VN number :  0.88E-01 at (18,3,1)
 
       Time Step    26700   May 17, 2026  10:14:26
       Step Size:  0.100E-01 s, Total Time:  266.90847 s
       Pressure Iterations: 1
       Maximum Velocity Error:  0.28E-02 on Mesh 1 at (24,8,1)
       Maximum Pressure Error:  0.21E+01 on Mesh 1 at (19,14,5)
       ---------------------------------------------------------------
       Mesh    1
       Max CFL number:  0.15E+00 at (19,11,4)
       Max divergence:  0.79E-01 at (19,13,14)
       Min divergence: -0.60E-01 at (21,12,13)
       Max VN number :  0.16E+00 at (19,14,4)
       Mesh    2
       Max CFL number:  0.11E+00 at (13,1,4)
       Max divergence:  0.28E-01 at (2,13,5)
       Min divergence: -0.30E-01 at (5,1,11)
       Max VN number :  0.11E+00 at (2,13,6)
 
       Time Step    26800   May 17, 2026  10:14:39
       Step Size:  0.100E-01 s, Total Time:  267.90847 s
       Pressure Iterations: 1
       Maximum Velocity Error:  0.43E-02 on Mesh 1 at (24,8,2)
       Maximum Pressure Error:  0.21E+01 on Mesh 1 at (20,13,4)
       ---------------------------------------------------------------
       Mesh    1
       Max CFL number:  0.14E+00 at (20,12,4)
       Max divergence:  0.91E-01 at (23,13,15)
       Min divergence: -0.78E-01 at (23,12,14)
       Max VN number :  0.18E+00 at (21,13,3)
       Mesh    2
       Max CFL number:  0.12E+00 at (2,9,1)
       Max divergence:  0.20E-01 at (1,13,3)
       Min divergence: -0.30E-01 at (16,16,20)
       Max VN number :  0.10E+00 at (19,14,2)
 
       Time Step    26900   May 17, 2026  10:14:52
       Step Size:  0.100E-01 s, Total Time:  268.90847 s
       Pressure Iterations: 1
       Maximum Velocity Error:  0.23E-02 on Mesh 1 at (24,13,6)
       Maximum Pressure Error:  0.19E+01 on Mesh 1 at (20,14,6)
       ---------------------------------------------------------------
       Mesh    1
       Max CFL number:  0.15E+00 at (20,13,9)
       Max divergence:  0.78E-01 at (23,12,15)
       Min divergence: -0.68E-01 at (24,13,13)
       Max VN number :  0.11E+00 at (19,15,7)
       Mesh    2
       Max CFL number:  0.11E+00 at (7,5,1)
       Max divergence:  0.14E-01 at (1,13,9)
       Min divergence: -0.31E-01 at (1,13,4)
       Max VN number :  0.11E+00 at (3,13,4)
 
       Time Step    27000   May 17, 2026  10:15:04
       Step Size:  0.100E-01 s, Total Time:  269.90847 s
       Pressure Iterations: 1
       Maximum Velocity Error:  0.42E-02 on Mesh 1 at (24,11,1)
       Maximum Pressure Error:  0.16E+01 on Mesh 1 at (19,14,6)
       ---------------------------------------------------------------
       Mesh    1
       Max CFL number:  0.16E+00 at (23,13,6)
       Max divergence:  0.51E-01 at (22,13,15)
       Min divergence: -0.47E-01 at (24,13,12)
       Max VN number :  0.16E+00 at (18,13,4)
       Mesh    2
       Max CFL number:  0.13E+00 at (2,9,1)
       Max divergence:  0.23E-01 at (1,13,4)
       Min divergence: -0.40E-01 at (2,13,2)
       Max VN number :  0.11E+00 at (2,13,2)
 
       Time Step    27100   May 17, 2026  10:15:20
       Step Size:  0.100E-01 s, Total Time:  270.90847 s
       Pressure Iterations: 1
       Maximum Velocity Error:  0.35E-02 on Mesh 1 at (24,11,1)
       Maximum Pressure Error:  0.11E+01 on Mesh 1 at (20,14,10)
       ---------------------------------------------------------------
       Mesh    1
       Max CFL number:  0.13E+00 at (23,10,1)
       Max divergence:  0.67E-01 at (23,13,15)
       Min divergence: -0.68E-01 at (23,12,14)
       Max VN number :  0.11E+00 at (7,7,1)
       Mesh    2
       Max CFL number:  0.12E+00 at (10,12,1)
       Max divergence:  0.12E-01 at (4,12,3)
       Min divergence: -0.46E-01 at (1,13,6)
       Max VN number :  0.88E-01 at (20,14,1)
 
       Time Step    27200   May 17, 2026  10:15:36
       Step Size:  0.100E-01 s, Total Time:  271.90847 s
       Pressure Iterations: 1
       Maximum Velocity Error:  0.23E-02 on Mesh 2 at (0,9,1)
       Maximum Pressure Error:  0.18E+01 on Mesh 1 at (20,14,4)
       ---------------------------------------------------------------
       Mesh    1
       Max CFL number:  0.15E+00 at (20,11,5)
       Max divergence:  0.67E-01 at (21,13,15)
       Min divergence: -0.80E-01 at (24,13,14)
       Max VN number :  0.11E+00 at (23,13,4)
       Mesh    2
       Max CFL number:  0.13E+00 at (3,7,1)
       Max divergence:  0.23E-01 at (4,13,3)
       Min divergence: -0.30E-01 at (3,13,3)
       Max VN number :  0.15E+00 at (3,13,3)
 
       Time Step    27300   May 17, 2026  10:15:52
       Step Size:  0.100E-01 s, Total Time:  272.90847 s
       Pressure Iterations: 1
       Maximum Velocity Error:  0.22E-02 on Mesh 1 at (24,7,2)
       Maximum Pressure Error:  0.15E+01 on Mesh 2 at (8,14,1)
       ---------------------------------------------------------------
       Mesh    1
       Max CFL number:  0.14E+00 at (23,12,8)
       Max divergence:  0.11E+00 at (21,12,15)
       Min divergence: -0.74E-01 at (21,12,14)
       Max VN number :  0.13E+00 at (22,13,9)
       Mesh    2
       Max CFL number:  0.12E+00 at (3,1,1)
       Max divergence:  0.20E-01 at (1,12,7)
       Min divergence: -0.33E-01 at (1,13,6)
       Max VN number :  0.99E-01 at (10,1,9)
 
       Time Step    27400   May 17, 2026  10:16:13
       Step Size:  0.100E-01 s, Total Time:  273.90847 s
       Pressure Iterations: 1
       Maximum Velocity Error:  0.24E-02 on Mesh 1 at (24,9,3)
       Maximum Pressure Error:  0.16E+01 on Mesh 1 at (23,13,6)
       ---------------------------------------------------------------
       Mesh    1
       Max CFL number:  0.14E+00 at (23,12,8)
       Max divergence:  0.48E-01 at (23,12,15)
       Min divergence: -0.41E-01 at (24,13,8)
       Max VN number :  0.13E+00 at (19,14,3)
       Mesh    2
       Max CFL number:  0.11E+00 at (1,7,1)
       Max divergence:  0.22E-01 at (1,13,7)
       Min divergence: -0.21E-01 at (15,18,20)
       Max VN number :  0.91E-01 at (6,13,2)
 
       Time Step    27500   May 17, 2026  10:16:27
       Step Size:  0.100E-01 s, Total Time:  274.90847 s
       Pressure Iterations: 1
       Maximum Velocity Error:  0.29E-02 on Mesh 1 at (24,9,1)
       Maximum Pressure Error:  0.13E+01 on Mesh 1 at (19,18,1)
       ---------------------------------------------------------------
       Mesh    1
       Max CFL number:  0.12E+00 at (24,11,6)
       Max divergence:  0.60E-01 at (23,13,15)
       Min divergence: -0.62E-01 at (20,12,12)
       Max VN number :  0.16E+00 at (22,13,12)
       Mesh    2
       Max CFL number:  0.10E+00 at (5,2,1)
       Max divergence:  0.33E-01 at (1,13,9)
       Min divergence: -0.40E-01 at (1,13,8)
       Max VN number :  0.97E-01 at (13,1,8)
 
       Time Step    27600   May 17, 2026  10:16:42
       Step Size:  0.100E-01 s, Total Time:  275.90847 s
       Pressure Iterations: 1
       Maximum Velocity Error:  0.35E-02 on Mesh 1 at (24,8,1)
       Maximum Pressure Error:  0.13E+01 on Mesh 1 at (19,16,3)
       ---------------------------------------------------------------
       Mesh    1
       Max CFL number:  0.14E+00 at (20,12,4)
       Max divergence:  0.57E-01 at (21,13,16)
       Min divergence: -0.74E-01 at (24,13,12)
       Max VN number :  0.14E+00 at (19,14,4)
       Mesh    2
       Max CFL number:  0.11E+00 at (1,7,1)
       Max divergence:  0.13E-01 at (7,13,2)
       Min divergence: -0.27E-01 at (1,13,2)
       Max VN number :  0.10E+00 at (19,14,3)
 
       Time Step    27700   May 17, 2026  10:17:04
       Step Size:  0.100E-01 s, Total Time:  276.90847 s
       Pressure Iterations: 1
       Maximum Velocity Error:  0.24E-02 on Mesh 1 at (24,10,1)
       Maximum Pressure Error:  0.17E+01 on Mesh 2 at (2,14,2)
       ---------------------------------------------------------------
       Mesh    1
       Max CFL number:  0.14E+00 at (23,12,5)
       Max divergence:  0.45E-01 at (20,13,15)
       Min divergence: -0.46E-01 at (22,12,15)
       Max VN number :  0.10E+00 at (19,16,3)
       Mesh    2
       Max CFL number:  0.11E+00 at (2,9,1)
       Max divergence:  0.31E-01 at (1,14,5)
       Min divergence: -0.23E-01 at (20,1,8)
       Max VN number :  0.90E-01 at (20,1,8)
 
       Time Step    27800   May 17, 2026  10:17:20
       Step Size:  0.100E-01 s, Total Time:  277.90847 s
       Pressure Iterations: 1
       Maximum Velocity Error:  0.42E-02 on Mesh 1 at (24,9,1)
       Maximum Pressure Error:  0.15E+01 on Mesh 1 at (20,13,1)
       ---------------------------------------------------------------
       Mesh    1
       Max CFL number:  0.14E+00 at (23,13,10)
       Max divergence:  0.52E-01 at (19,14,8)
       Min divergence: -0.47E-01 at (23,12,15)
       Max VN number :  0.14E+00 at (19,14,9)
       Mesh    2
       Max CFL number:  0.96E-01 at (11,10,1)
       Max divergence:  0.25E-01 at (1,15,4)
       Min divergence: -0.41E-01 at (1,13,4)
       Max VN number :  0.16E+00 at (2,13,4)
 
       Time Step    27900   May 17, 2026  10:17:36
       Step Size:  0.100E-01 s, Total Time:  278.90847 s
       Pressure Iterations: 1
       Maximum Velocity Error:  0.35E-02 on Mesh 2 at (0,13,7)
       Maximum Pressure Error:  0.20E+01 on Mesh 1 at (23,13,9)
       ---------------------------------------------------------------
       Mesh    1
       Max CFL number:  0.15E+00 at (23,12,6)
       Max divergence:  0.59E-01 at (23,13,7)
       Min divergence: -0.52E-01 at (23,12,15)
       Max VN number :  0.16E+00 at (24,13,7)
       Mesh    2
       Max CFL number:  0.11E+00 at (1,10,4)
       Max divergence:  0.20E-01 at (1,13,6)
       Min divergence: -0.25E-01 at (18,19,20)
       Max VN number :  0.82E-01 at (3,30,1)
 
       Time Step    28000   May 17, 2026  10:17:56
       Step Size:  0.100E-01 s, Total Time:  279.90847 s
       Pressure Iterations: 1
       Maximum Velocity Error:  0.40E-02 on Mesh 1 at (24,8,1)
       Maximum Pressure Error:  0.19E+01 on Mesh 1 at (23,13,5)
       ---------------------------------------------------------------
       Mesh    1
       Max CFL number:  0.15E+00 at (23,12,3)
       Max divergence:  0.49E-01 at (20,13,15)
       Min divergence: -0.52E-01 at (19,14,7)
       Max VN number :  0.14E+00 at (19,14,6)
       Mesh    2
       Max CFL number:  0.11E+00 at (1,13,2)
       Max divergence:  0.17E-01 at (13,1,7)
       Min divergence: -0.28E-01 at (16,18,20)
       Max VN number :  0.11E+00 at (2,13,4)
 
       Time Step    28100   May 17, 2026  10:18:10
       Step Size:  0.100E-01 s, Total Time:  280.90847 s
       Pressure Iterations: 1
       Maximum Velocity Error:  0.38E-02 on Mesh 1 at (24,10,1)
       Maximum Pressure Error:  0.18E+01 on Mesh 1 at (23,13,7)
       ---------------------------------------------------------------
       Mesh    1
       Max CFL number:  0.15E+00 at (23,12,5)
       Max divergence:  0.64E-01 at (20,12,15)
       Min divergence: -0.64E-01 at (21,12,14)
       Max VN number :  0.11E+00 at (19,15,5)
       Mesh    2
       Max CFL number:  0.13E+00 at (1,11,3)
       Max divergence:  0.12E-01 at (1,13,4)
       Min divergence: -0.33E-01 at (2,13,2)
       Max VN number :  0.89E-01 at (7,30,1)
 
       Time Step    28200   May 17, 2026  10:18:24
       Step Size:  0.100E-01 s, Total Time:  281.90847 s
       Pressure Iterations: 1
       Maximum Velocity Error:  0.20E-02 on Mesh 1 at (24,11,7)
       Maximum Pressure Error:  0.39E+01 on Mesh 1 at (20,14,4)
       ---------------------------------------------------------------
       Mesh    1
       Max CFL number:  0.14E+00 at (23,11,5)
       Max divergence:  0.42E-01 at (23,12,14)
       Min divergence: -0.48E-01 at (21,12,13)
       Max VN number :  0.14E+00 at (19,14,6)
       Mesh    2
       Max CFL number:  0.11E+00 at (20,13,1)
       Max divergence:  0.27E-01 at (2,13,2)
       Min divergence: -0.35E-01 at (2,13,4)
       Max VN number :  0.11E+00 at (2,13,3)
 
       Time Step    28300   May 17, 2026  10:18:45
       Step Size:  0.100E-01 s, Total Time:  282.90847 s
       Pressure Iterations: 1
       Maximum Velocity Error:  0.26E-02 on Mesh 1 at (22,13,10)
       Maximum Pressure Error:  0.46E+01 on Mesh 1 at (20,14,10)
       ---------------------------------------------------------------
       Mesh    1
       Max CFL number:  0.22E+00 at (21,13,10)
       Max divergence:  0.52E-01 at (23,13,15)
       Min divergence: -0.45E-01 at (21,12,14)
       Max VN number :  0.11E+00 at (1,12,6)
       Mesh    2
       Max CFL number:  0.11E+00 at (7,13,1)
       Max divergence:  0.13E-01 at (1,13,6)
       Min divergence: -0.27E-01 at (17,14,20)
       Max VN number :  0.91E-01 at (2,13,8)
 
       Time Step    28400   May 17, 2026  10:19:11
       Step Size:  0.100E-01 s, Total Time:  283.90847 s
       Pressure Iterations: 1
       Maximum Velocity Error:  0.34E-02 on Mesh 1 at (24,13,11)
       Maximum Pressure Error:  0.40E+01 on Mesh 1 at (23,13,11)
       ---------------------------------------------------------------
       Mesh    1
       Max CFL number:  0.20E+00 at (23,13,11)
       Max divergence:  0.29E+00 at (21,13,17)
       Min divergence: -0.96E-01 at (22,13,16)
       Max VN number :  0.21E+00 at (22,13,10)
       Mesh    2
       Max CFL number:  0.89E-01 at (13,1,8)
       Max divergence:  0.17E-01 at (1,13,5)
       Min divergence: -0.26E-01 at (1,13,11)
       Max VN number :  0.82E-01 at (9,13,3)
 
       Time Step    28500   May 17, 2026  10:19:25
       Step Size:  0.100E-01 s, Total Time:  284.90847 s
       Pressure Iterations: 1
       Maximum Velocity Error:  0.15E-02 on Mesh 1 at (24,7,1)
       Maximum Pressure Error:  0.16E+01 on Mesh 1 at (23,13,15)
       ---------------------------------------------------------------
       Mesh    1
       Max CFL number:  0.13E+00 at (20,12,7)
       Max divergence:  0.25E+00 at (23,13,16)
       Min divergence: -0.73E-01 at (23,14,16)
       Max VN number :  0.92E-01 at (23,13,11)
       Mesh    2
       Max CFL number:  0.94E-01 at (1,8,1)
       Max divergence:  0.12E-01 at (3,13,13)
       Min divergence: -0.33E-01 at (2,13,4)
       Max VN number :  0.83E-01 at (3,13,4)
 
       Time Step    28600   May 17, 2026  10:19:42
       Step Size:  0.100E-01 s, Total Time:  285.90847 s
       Pressure Iterations: 1
       Maximum Velocity Error:  0.23E-02 on Mesh 2 at (0,10,3)
       Maximum Pressure Error:  0.10E+01 on Mesh 1 at (18,14,2)
       ---------------------------------------------------------------
       Mesh    1
       Max CFL number:  0.12E+00 at (19,9,1)
       Max divergence:  0.41E-01 at (20,13,15)
       Min divergence: -0.41E-01 at (24,12,12)
       Max VN number :  0.11E+00 at (18,13,2)
       Mesh    2
       Max CFL number:  0.10E+00 at (1,10,3)
       Max divergence:  0.46E-01 at (1,13,14)
       Min divergence: -0.41E-01 at (2,13,12)
       Max VN number :  0.91E-01 at (17,1,7)
 
       Time Step    28700   May 17, 2026  10:19:55
       Step Size:  0.100E-01 s, Total Time:  286.90847 s
       Pressure Iterations: 1
       Maximum Velocity Error:  0.18E-02 on Mesh 1 at (24,4,2)
       Maximum Pressure Error:  0.28E+01 on Mesh 1 at (20,14,1)
       ---------------------------------------------------------------
       Mesh    1
       Max CFL number:  0.13E+00 at (20,12,9)
       Max divergence:  0.47E-01 at (19,13,13)
       Min divergence: -0.47E-01 at (21,12,15)
       Max VN number :  0.14E+00 at (19,14,9)
       Mesh    2
       Max CFL number:  0.12E+00 at (2,3,1)
       Max divergence:  0.23E-01 at (1,13,9)
       Min divergence: -0.32E-01 at (2,13,3)
       Max VN number :  0.11E+00 at (10,1,9)
 
       Time Step    28800   May 17, 2026  10:20:08
       Step Size:  0.100E-01 s, Total Time:  287.90847 s
       Pressure Iterations: 1
       Maximum Velocity Error:  0.31E-02 on Mesh 1 at (24,9,1)
       Maximum Pressure Error:  0.96E+00 on Mesh 1 at (21,13,8)
       ---------------------------------------------------------------
       Mesh    1
       Max CFL number:  0.14E+00 at (22,9,1)
       Max divergence:  0.47E-01 at (20,13,14)
       Min divergence: -0.60E-01 at (24,13,8)
       Max VN number :  0.13E+00 at (6,9,1)
       Mesh    2
       Max CFL number:  0.10E+00 at (9,1,1)
       Max divergence:  0.15E-01 at (1,13,8)
       Min divergence: -0.23E-01 at (17,17,20)
       Max VN number :  0.81E-01 at (10,2,1)
 
       Time Step    28900   May 17, 2026  10:20:20
       Step Size:  0.100E-01 s, Total Time:  288.90847 s
       Pressure Iterations: 1
       Maximum Velocity Error:  0.20E-02 on Mesh 1 at (24,6,1)
       Maximum Pressure Error:  0.15E+01 on Mesh 1 at (23,13,9)
       ---------------------------------------------------------------
       Mesh    1
       Max CFL number:  0.13E+00 at (23,12,4)
       Max divergence:  0.52E-01 at (23,13,15)
       Min divergence: -0.60E-01 at (24,13,15)
       Max VN number :  0.14E+00 at (19,14,9)
       Mesh    2
       Max CFL number:  0.12E+00 at (3,6,1)
       Max divergence:  0.23E-01 at (2,13,2)
       Min divergence: -0.21E-01 at (2,13,3)
       Max VN number :  0.12E+00 at (2,13,3)
 
       Time Step    29000   May 17, 2026  10:20:35
       Step Size:  0.100E-01 s, Total Time:  289.90847 s
       Pressure Iterations: 1
       Maximum Velocity Error:  0.34E-02 on Mesh 1 at (24,13,2)
       Maximum Pressure Error:  0.20E+01 on Mesh 1 at (24,13,2)
       ---------------------------------------------------------------
       Mesh    1
       Max CFL number:  0.13E+00 at (19,11,3)
       Max divergence:  0.45E-01 at (20,12,13)
       Min divergence: -0.46E-01 at (24,13,13)
       Max VN number :  0.15E+00 at (19,15,6)
       Mesh    2
       Max CFL number:  0.12E+00 at (1,11,1)
       Max divergence:  0.12E-01 at (2,13,1)
       Min divergence: -0.23E-01 at (2,13,2)
       Max VN number :  0.16E+00 at (2,13,2)
 
       Time Step    29100   May 17, 2026  10:20:51
       Step Size:  0.100E-01 s, Total Time:  290.90847 s
       Pressure Iterations: 1
       Maximum Velocity Error:  0.28E-02 on Mesh 1 at (24,13,8)
       Maximum Pressure Error:  0.42E+01 on Mesh 1 at (23,13,8)
       ---------------------------------------------------------------
       Mesh    1
       Max CFL number:  0.17E+00 at (23,13,8)
       Max divergence:  0.51E-01 at (24,13,7)
       Min divergence: -0.51E-01 at (19,14,5)
       Max VN number :  0.24E+00 at (24,13,7)
       Mesh    2
       Max CFL number:  0.10E+00 at (1,13,8)
       Max divergence:  0.21E-01 at (1,15,3)
       Min divergence: -0.23E-01 at (18,17,20)
       Max VN number :  0.65E-01 at (19,1,8)
 
       Time Step    29200   May 17, 2026  10:21:10
       Step Size:  0.100E-01 s, Total Time:  291.90847 s
       Pressure Iterations: 1
       Maximum Velocity Error:  0.37E-02 on Mesh 1 at (24,10,1)
       Maximum Pressure Error:  0.18E+01 on Mesh 1 at (20,14,1)
       ---------------------------------------------------------------
       Mesh    1
       Max CFL number:  0.15E+00 at (24,11,1)
       Max divergence:  0.37E-01 at (20,13,15)
       Min divergence: -0.41E-01 at (21,12,14)
       Max VN number :  0.14E+00 at (24,13,9)
       Mesh    2
       Max CFL number:  0.98E-01 at (1,11,1)
       Max divergence:  0.20E-01 at (1,13,10)
       Min divergence: -0.45E-01 at (1,13,9)
       Max VN number :  0.84E-01 at (24,2,1)
 
       Time Step    29300   May 17, 2026  10:21:27
       Step Size:  0.100E-01 s, Total Time:  292.90847 s
       Pressure Iterations: 1
       Maximum Velocity Error:  0.15E-02 on Mesh 2 at (0,13,4)
       Maximum Pressure Error:  0.20E+01 on Mesh 1 at (23,13,3)
       ---------------------------------------------------------------
       Mesh    1
       Max CFL number:  0.13E+00 at (22,10,5)
       Max divergence:  0.51E-01 at (23,12,15)
       Min divergence: -0.45E-01 at (24,13,5)
       Max VN number :  0.13E+00 at (24,13,5)
       Mesh    2
       Max CFL number:  0.11E+00 at (3,7,1)
       Max divergence:  0.16E-01 at (1,13,10)
       Min divergence: -0.30E-01 at (17,18,20)
       Max VN number :  0.85E-01 at (11,2,1)
 
       Time Step    29400   May 17, 2026  10:21:42
       Step Size:  0.100E-01 s, Total Time:  293.90847 s
       Pressure Iterations: 1
       Maximum Velocity Error:  0.34E-02 on Mesh 1 at (24,12,1)
       Maximum Pressure Error:  0.11E+01 on Mesh 1 at (20,14,7)
       ---------------------------------------------------------------
       Mesh    1
       Max CFL number:  0.13E+00 at (20,11,6)
       Max divergence:  0.57E-01 at (23,13,13)
       Min divergence: -0.54E-01 at (24,13,13)
       Max VN number :  0.15E+00 at (17,13,6)
       Mesh    2
       Max CFL number:  0.13E+00 at (1,12,1)
       Max divergence:  0.38E-01 at (1,13,12)
       Min divergence: -0.34E-01 at (1,13,11)
       Max VN number :  0.82E-01 at (4,13,5)
 
       Time Step    29500   May 17, 2026  10:21:56
       Step Size:  0.100E-01 s, Total Time:  294.90847 s
       Pressure Iterations: 1
       Maximum Velocity Error:  0.21E-02 on Mesh 2 at (0,9,1)
       Maximum Pressure Error:  0.94E+00 on Mesh 1 at (22,13,9)
       ---------------------------------------------------------------
       Mesh    1
       Max CFL number:  0.13E+00 at (20,12,6)
       Max divergence:  0.46E-01 at (23,13,15)
       Min divergence: -0.47E-01 at (22,12,11)
       Max VN number :  0.13E+00 at (18,13,4)
       Mesh    2
       Max CFL number:  0.11E+00 at (3,9,1)
       Max divergence:  0.91E-02 at (10,1,10)
       Min divergence: -0.21E-01 at (1,15,4)
       Max VN number :  0.79E-01 at (7,11,1)
 
       Time Step    29600   May 17, 2026  10:22:10
       Step Size:  0.100E-01 s, Total Time:  295.90847 s
       Pressure Iterations: 1
       Maximum Velocity Error:  0.15E-02 on Mesh 1 at (24,12,3)
       Maximum Pressure Error:  0.14E+01 on Mesh 1 at (19,17,2)
       ---------------------------------------------------------------
       Mesh    1
       Max CFL number:  0.13E+00 at (19,11,3)
       Max divergence:  0.53E-01 at (20,13,15)
       Min divergence: -0.51E-01 at (20,12,15)
       Max VN number :  0.12E+00 at (16,13,3)
       Mesh    2
       Max CFL number:  0.99E-01 at (11,8,1)
       Max divergence:  0.11E-01 at (1,13,10)
       Min divergence: -0.22E-01 at (1,13,9)
       Max VN number :  0.85E-01 at (2,13,4)
 
       Time Step    29700   May 17, 2026  10:22:23
       Step Size:  0.100E-01 s, Total Time:  296.90847 s
       Pressure Iterations: 1
       Maximum Velocity Error:  0.17E-02 on Mesh 1 at (24,12,3)
       Maximum Pressure Error:  0.26E+01 on Mesh 1 at (20,14,5)
       ---------------------------------------------------------------
       Mesh    1
       Max CFL number:  0.14E+00 at (20,13,6)
       Max divergence:  0.41E-01 at (23,13,15)
       Min divergence: -0.56E-01 at (19,14,6)
       Max VN number :  0.14E+00 at (18,13,7)
       Mesh    2
       Max CFL number:  0.10E+00 at (2,10,1)
       Max divergence:  0.12E-01 at (7,1,11)
       Min divergence: -0.30E-01 at (2,13,3)
       Max VN number :  0.86E-01 at (2,13,3)
 
       Time Step    29800   May 17, 2026  10:22:37
       Step Size:  0.100E-01 s, Total Time:  297.90847 s
       Pressure Iterations: 1
       Maximum Velocity Error:  0.35E-02 on Mesh 1 at (24,7,1)
       Maximum Pressure Error:  0.16E+01 on Mesh 1 at (20,13,1)
       ---------------------------------------------------------------
       Mesh    1
       Max CFL number:  0.12E+00 at (23,11,6)
       Max divergence:  0.46E-01 at (23,12,13)
       Min divergence: -0.43E-01 at (22,12,12)
       Max VN number :  0.11E+00 at (18,13,2)
       Mesh    2
       Max CFL number:  0.11E+00 at (2,6,1)
       Max divergence:  0.10E-01 at (1,13,6)
       Min divergence: -0.24E-01 at (17,18,20)
       Max VN number :  0.81E-01 at (10,13,3)
 
       Time Step    29900   May 17, 2026  10:22:52
       Step Size:  0.100E-01 s, Total Time:  298.90847 s
       Pressure Iterations: 1
       Maximum Velocity Error:  0.42E-02 on Mesh 1 at (24,9,2)
       Maximum Pressure Error:  0.12E+01 on Mesh 2 at (2,14,5)
       ---------------------------------------------------------------
       Mesh    1
       Max CFL number:  0.13E+00 at (22,10,4)
       Max divergence:  0.42E-01 at (23,13,15)
       Min divergence: -0.37E-01 at (20,12,14)
       Max VN number :  0.11E+00 at (2,4,1)
       Mesh    2
       Max CFL number:  0.11E+00 at (1,9,1)
       Max divergence:  0.19E-01 at (5,1,11)
       Min divergence: -0.27E-01 at (17,18,20)
       Max VN number :  0.17E+00 at (2,13,4)
 
       Time Step    30000   May 17, 2026  10:23:07
       Step Size:  0.100E-01 s, Total Time:  299.90847 s
       Pressure Iterations: 1
       Maximum Velocity Error:  0.31E-02 on Mesh 1 at (24,8,1)
       Maximum Pressure Error:  0.31E+01 on Mesh 1 at (20,14,5)
       ---------------------------------------------------------------
       Mesh    1
       Max CFL number:  0.13E+00 at (20,13,7)
       Max divergence:  0.29E-01 at (21,12,11)
       Min divergence: -0.33E-01 at (22,12,12)
       Max VN number :  0.89E-01 at (20,7,1)
       Mesh    2
       Max CFL number:  0.11E+00 at (2,8,1)
       Max divergence:  0.36E-01 at (7,1,12)
       Min divergence: -0.35E-01 at (17,18,20)
       Max VN number :  0.78E-01 at (7,1,11)
 
       Time Step    30100   May 17, 2026  10:23:22
       Step Size:  0.100E-01 s, Total Time:  300.90847 s
       Pressure Iterations: 1
       Maximum Velocity Error:  0.20E-02 on Mesh 1 at (24,7,1)
       Maximum Pressure Error:  0.14E+01 on Mesh 1 at (19,14,3)
       ---------------------------------------------------------------
       Mesh    1
       Max CFL number:  0.13E+00 at (22,8,1)
       Max divergence:  0.28E-01 at (23,13,15)
       Min divergence: -0.33E-01 at (22,8,2)
       Max VN number :  0.12E+00 at (18,13,2)
       Mesh    2
       Max CFL number:  0.11E+00 at (1,12,4)
       Max divergence:  0.19E-01 at (2,13,13)
       Min divergence: -0.26E-01 at (19,16,20)
       Max VN number :  0.76E-01 at (3,27,1)
 
       Time Step    30200   May 17, 2026  10:23:36
       Step Size:  0.100E-01 s, Total Time:  301.90847 s
       Pressure Iterations: 1
       Maximum Velocity Error:  0.21E-02 on Mesh 1 at (24,7,1)
       Maximum Pressure Error:  0.15E+01 on Mesh 1 at (20,14,9)
       ---------------------------------------------------------------
       Mesh    1
       Max CFL number:  0.15E+00 at (21,13,9)
       Max divergence:  0.51E-01 at (23,12,13)
       Min divergence: -0.28E-01 at (23,11,14)
       Max VN number :  0.11E+00 at (22,13,4)
       Mesh    2
       Max CFL number:  0.97E-01 at (1,10,3)
       Max divergence:  0.21E-01 at (1,13,4)
       Min divergence: -0.31E-01 at (2,13,4)
       Max VN number :  0.11E+00 at (2,13,4)
 
       Time Step    30300   May 17, 2026  10:23:49
       Step Size:  0.100E-01 s, Total Time:  302.90847 s
       Pressure Iterations: 1
       Maximum Velocity Error:  0.18E-02 on Mesh 1 at (24,9,1)
       Maximum Pressure Error:  0.15E+01 on Mesh 1 at (21,13,12)
       ---------------------------------------------------------------
       Mesh    1
       Max CFL number:  0.12E+00 at (22,12,7)
       Max divergence:  0.69E-01 at (23,12,15)
       Min divergence: -0.54E-01 at (24,13,14)
       Max VN number :  0.85E-01 at (6,13,2)
       Mesh    2
       Max CFL number:  0.11E+00 at (5,8,1)
       Max divergence:  0.15E-01 at (2,12,4)
       Min divergence: -0.21E-01 at (1,20,2)
       Max VN number :  0.88E-01 at (17,1,7)
 
       Time Step    30400   May 17, 2026  10:24:02
       Step Size:  0.100E-01 s, Total Time:  303.90847 s
       Pressure Iterations: 1
       Maximum Velocity Error:  0.27E-02 on Mesh 1 at (24,8,1)
       Maximum Pressure Error:  0.94E+00 on Mesh 1 at (22,13,10)
       ---------------------------------------------------------------
       Mesh    1
       Max CFL number:  0.13E+00 at (22,13,11)
       Max divergence:  0.63E-01 at (22,12,15)
       Min divergence: -0.39E-01 at (22,12,16)
       Max VN number :  0.11E+00 at (20,13,11)
       Mesh    2
       Max CFL number:  0.10E+00 at (8,1,1)
       Max divergence:  0.14E-01 at (18,1,9)
       Min divergence: -0.26E-01 at (17,18,20)
       Max VN number :  0.14E+00 at (2,13,4)
 
       Time Step    30500   May 17, 2026  10:24:15
       Step Size:  0.100E-01 s, Total Time:  304.90847 s
       Pressure Iterations: 1
       Maximum Velocity Error:  0.17E-02 on Mesh 1 at (24,8,1)
       Maximum Pressure Error:  0.12E+01 on Mesh 1 at (22,13,8)
       ---------------------------------------------------------------
       Mesh    1
       Max CFL number:  0.13E+00 at (22,12,6)
       Max divergence:  0.35E-01 at (21,13,15)
       Min divergence: -0.44E-01 at (24,13,8)
       Max VN number :  0.11E+00 at (24,13,8)
       Mesh    2
       Max CFL number:  0.10E+00 at (3,6,1)
       Max divergence:  0.21E-01 at (2,1,11)
       Min divergence: -0.18E-01 at (17,18,20)
       Max VN number :  0.10E+00 at (2,13,4)
 
       Time Step    30600   May 17, 2026  10:24:28
       Step Size:  0.100E-01 s, Total Time:  305.90847 s
       Pressure Iterations: 1
       Maximum Velocity Error:  0.28E-02 on Mesh 1 at (24,10,1)
       Maximum Pressure Error:  0.14E+01 on Mesh 1 at (20,14,4)
       ---------------------------------------------------------------
       Mesh    1
       Max CFL number:  0.13E+00 at (20,12,5)
       Max divergence:  0.42E-01 at (24,13,13)
       Min divergence: -0.41E-01 at (24,13,12)
       Max VN number :  0.12E+00 at (24,13,11)
       Mesh    2
       Max CFL number:  0.10E+00 at (4,1,1)
       Max divergence:  0.29E-01 at (1,13,14)
       Min divergence: -0.30E-01 at (1,13,9)
       Max VN number :  0.76E-01 at (4,2,1)
 
       Time Step    30700   May 17, 2026  10:24:40
       Step Size:  0.100E-01 s, Total Time:  306.90847 s
       Pressure Iterations: 1
       Maximum Velocity Error:  0.24E-02 on Mesh 1 at (24,3,1)
       Maximum Pressure Error:  0.10E+01 on Mesh 1 at (21,13,7)
       ---------------------------------------------------------------
       Mesh    1
       Max CFL number:  0.14E+00 at (20,12,6)
       Max divergence:  0.37E-01 at (23,13,14)
       Min divergence: -0.40E-01 at (23,12,14)
       Max VN number :  0.92E-01 at (19,14,3)
       Mesh    2
       Max CFL number:  0.99E-01 at (1,5,1)
       Max divergence:  0.17E-01 at (1,13,12)
       Min divergence: -0.28E-01 at (1,13,11)
       Max VN number :  0.82E-01 at (3,13,2)
 
       Time Step    30800   May 17, 2026  10:24:53
       Step Size:  0.100E-01 s, Total Time:  307.90847 s
       Pressure Iterations: 1
       Maximum Velocity Error:  0.24E-02 on Mesh 1 at (24,3,1)
       Maximum Pressure Error:  0.82E+00 on Mesh 1 at (19,14,3)
       ---------------------------------------------------------------
       Mesh    1
       Max CFL number:  0.13E+00 at (19,12,3)
       Max divergence:  0.31E-01 at (23,13,12)
       Min divergence: -0.45E-01 at (23,12,12)
       Max VN number :  0.83E-01 at (18,13,3)
       Mesh    2
       Max CFL number:  0.99E-01 at (1,9,2)
       Max divergence:  0.99E-02 at (11,1,11)
       Min divergence: -0.16E-01 at (1,8,2)
       Max VN number :  0.77E-01 at (16,1,8)
 
       Time Step    30900   May 17, 2026  10:25:07
       Step Size:  0.100E-01 s, Total Time:  308.90847 s
       Pressure Iterations: 1
       Maximum Velocity Error:  0.14E-02 on Mesh 1 at (24,9,3)
       Maximum Pressure Error:  0.75E+00 on Mesh 1 at (19,17,1)
       ---------------------------------------------------------------
       Mesh    1
       Max CFL number:  0.13E+00 at (23,13,7)
       Max divergence:  0.21E-01 at (21,13,15)
       Min divergence: -0.27E-01 at (22,6,2)
       Max VN number :  0.81E-01 at (19,14,3)
       Mesh    2
       Max CFL number:  0.93E-01 at (1,10,3)
       Max divergence:  0.18E-01 at (1,14,5)
       Min divergence: -0.25E-01 at (1,14,6)
       Max VN number :  0.95E-01 at (1,14,6)
 
       Time Step    31000   May 17, 2026  10:25:20
       Step Size:  0.100E-01 s, Total Time:  309.90847 s
       Pressure Iterations: 1
       Maximum Velocity Error:  0.18E-02 on Mesh 1 at (24,12,5)
       Maximum Pressure Error:  0.18E+01 on Mesh 1 at (20,14,1)
       ---------------------------------------------------------------
       Mesh    1
       Max CFL number:  0.13E+00 at (20,13,8)
       Max divergence:  0.42E-01 at (24,13,14)
       Min divergence: -0.25E-01 at (20,11,10)
       Max VN number :  0.11E+00 at (22,13,6)
       Mesh    2
       Max CFL number:  0.96E-01 at (7,13,1)
       Max divergence:  0.14E-01 at (1,13,4)
       Min divergence: -0.27E-01 at (1,14,4)
       Max VN number :  0.89E-01 at (1,15,4)
 
       Time Step    31100   May 17, 2026  10:25:33
       Step Size:  0.100E-01 s, Total Time:  310.90847 s
       Pressure Iterations: 1
       Maximum Velocity Error:  0.18E-02 on Mesh 1 at (22,13,5)
       Maximum Pressure Error:  0.30E+01 on Mesh 1 at (22,13,5)
       ---------------------------------------------------------------
       Mesh    1
       Max CFL number:  0.13E+00 at (21,13,6)
       Max divergence:  0.33E-01 at (22,13,15)
       Min divergence: -0.34E-01 at (22,12,15)
       Max VN number :  0.14E+00 at (22,13,8)
       Mesh    2
       Max CFL number:  0.12E+00 at (2,9,1)
       Max divergence:  0.14E-01 at (1,14,5)
       Min divergence: -0.29E-01 at (1,14,7)
       Max VN number :  0.88E-01 at (1,14,7)
 
       Time Step    31200   May 17, 2026  10:25:47
       Step Size:  0.100E-01 s, Total Time:  311.90847 s
       Pressure Iterations: 1
       Maximum Velocity Error:  0.23E-02 on Mesh 1 at (22,13,8)
       Maximum Pressure Error:  0.39E+01 on Mesh 1 at (22,13,8)
       ---------------------------------------------------------------
       Mesh    1
       Max CFL number:  0.19E+00 at (22,13,8)
       Max divergence:  0.32E-01 at (24,13,8)
       Min divergence: -0.34E-01 at (22,12,15)
       Max VN number :  0.18E+00 at (23,13,8)
       Mesh    2
       Max CFL number:  0.98E-01 at (7,8,1)
       Max divergence:  0.81E-02 at (3,13,3)
       Min divergence: -0.19E-01 at (1,13,8)
       Max VN number :  0.93E-01 at (8,26,1)
 
       Time Step    31300   May 17, 2026  10:26:00
       Step Size:  0.100E-01 s, Total Time:  312.90847 s
       Pressure Iterations: 1
       Maximum Velocity Error:  0.15E-02 on Mesh 1 at (24,13,3)
       Maximum Pressure Error:  0.17E+01 on Mesh 1 at (22,13,10)
       ---------------------------------------------------------------
       Mesh    1
       Max CFL number:  0.14E+00 at (22,13,12)
       Max divergence:  0.39E-01 at (23,13,15)
       Min divergence: -0.35E-01 at (22,11,13)
       Max VN number :  0.14E+00 at (21,13,8)
       Mesh    2
       Max CFL number:  0.84E-01 at (1,11,6)
       Max divergence:  0.79E-02 at (6,12,2)
       Min divergence: -0.21E-01 at (17,15,20)
       Max VN number :  0.72E-01 at (9,1,10)
 
       Time Step    31400   May 17, 2026  10:26:15
       Step Size:  0.100E-01 s, Total Time:  313.90847 s
       Pressure Iterations: 1
       Maximum Velocity Error:  0.23E-02 on Mesh 2 at (0,13,3)
       Maximum Pressure Error:  0.11E+01 on Mesh 1 at (22,13,7)
       ---------------------------------------------------------------
       Mesh    1
       Max CFL number:  0.11E+00 at (22,13,10)
       Max divergence:  0.12E+00 at (22,13,16)
       Min divergence: -0.47E-01 at (23,12,16)
       Max VN number :  0.95E-01 at (23,13,14)
       Mesh    2
       Max CFL number:  0.11E+00 at (3,11,1)
       Max divergence:  0.39E-01 at (1,13,15)
       Min divergence: -0.24E-01 at (1,13,14)
       Max VN number :  0.13E+00 at (24,9,1)
 
       Time Step    31500   May 17, 2026  10:26:37
       Step Size:  0.100E-01 s, Total Time:  314.90847 s
       Pressure Iterations: 1
       Maximum Velocity Error:  0.12E-02 on Mesh 2 at (0,11,6)
       Maximum Pressure Error:  0.18E+01 on Mesh 1 at (20,13,5)
       ---------------------------------------------------------------
       Mesh    1
       Max CFL number:  0.16E+00 at (20,13,3)
       Max divergence:  0.38E-01 at (23,13,15)
       Min divergence: -0.35E-01 at (19,13,6)
       Max VN number :  0.12E+00 at (20,13,6)
       Mesh    2
       Max CFL number:  0.97E-01 at (7,13,1)
       Max divergence:  0.13E-01 at (2,13,4)
       Min divergence: -0.28E-01 at (18,15,20)
       Max VN number :  0.12E+00 at (24,10,1)
 
       Time Step    31600   May 17, 2026  10:26:56
       Step Size:  0.100E-01 s, Total Time:  315.90847 s
       Pressure Iterations: 1
       Maximum Velocity Error:  0.22E-02 on Mesh 1 at (24,11,2)
       Maximum Pressure Error:  0.12E+01 on Mesh 1 at (23,13,5)
       ---------------------------------------------------------------
       Mesh    1
       Max CFL number:  0.13E+00 at (20,13,7)
       Max divergence:  0.40E-01 at (19,13,7)
       Min divergence: -0.33E-01 at (19,14,8)
       Max VN number :  0.16E+00 at (19,14,7)
       Mesh    2
       Max CFL number:  0.93E-01 at (1,8,2)
       Max divergence:  0.17E-01 at (11,1,11)
       Min divergence: -0.26E-01 at (18,15,20)
       Max VN number :  0.97E-01 at (1,14,4)
 
       Time Step    31700   May 17, 2026  10:27:14
       Step Size:  0.100E-01 s, Total Time:  316.90847 s
       Pressure Iterations: 1
       Maximum Velocity Error:  0.22E-02 on Mesh 2 at (0,4,1)
       Maximum Pressure Error:  0.10E+01 on Mesh 1 at (20,14,2)
       ---------------------------------------------------------------
       Mesh    1
       Max CFL number:  0.13E+00 at (24,11,5)
       Max divergence:  0.36E-01 at (20,13,15)
       Min divergence: -0.36E-01 at (21,12,14)
       Max VN number :  0.13E+00 at (19,15,5)
       Mesh    2
       Max CFL number:  0.10E+00 at (1,11,5)
       Max divergence:  0.15E-01 at (1,20,2)
       Min divergence: -0.24E-01 at (18,15,20)
       Max VN number :  0.90E-01 at (4,13,3)
 
       Time Step    31800   May 17, 2026  10:27:31
       Step Size:  0.100E-01 s, Total Time:  317.90847 s
       Pressure Iterations: 1
       Maximum Velocity Error:  0.16E-02 on Mesh 1 at (24,4,1)
       Maximum Pressure Error:  0.19E+01 on Mesh 1 at (20,14,8)
       ---------------------------------------------------------------
       Mesh    1
       Max CFL number:  0.14E+00 at (20,13,5)
       Max divergence:  0.32E-01 at (19,13,14)
       Min divergence: -0.39E-01 at (19,14,5)
       Max VN number :  0.86E-01 at (19,16,4)
       Mesh    2
       Max CFL number:  0.11E+00 at (3,9,1)
       Max divergence:  0.11E-01 at (2,20,2)
       Min divergence: -0.21E-01 at (18,15,20)
       Max VN number :  0.82E-01 at (1,14,6)
 
       Time Step    31900   May 17, 2026  10:27:47
       Step Size:  0.100E-01 s, Total Time:  318.90847 s
       Pressure Iterations: 1
       Maximum Velocity Error:  0.23E-02 on Mesh 1 at (24,12,3)
       Maximum Pressure Error:  0.11E+01 on Mesh 1 at (23,13,6)
       ---------------------------------------------------------------
       Mesh    1
       Max CFL number:  0.12E+00 at (24,13,4)
       Max divergence:  0.21E-01 at (20,13,15)
       Min divergence: -0.30E-01 at (22,10,4)
       Max VN number :  0.10E+00 at (19,14,8)
       Mesh    2
       Max CFL number:  0.99E-01 at (1,13,3)
       Max divergence:  0.30E-01 at (1,13,10)
       Min divergence: -0.20E-01 at (1,13,4)
       Max VN number :  0.94E-01 at (2,13,5)
 
       Time Step    32000   May 17, 2026  10:28:02
       Step Size:  0.100E-01 s, Total Time:  319.90847 s
       Pressure Iterations: 1
       Maximum Velocity Error:  0.31E-02 on Mesh 1 at (24,8,2)
       Maximum Pressure Error:  0.21E+01 on Mesh 1 at (21,13,5)
       ---------------------------------------------------------------
       Mesh    1
       Max CFL number:  0.14E+00 at (21,13,6)
       Max divergence:  0.36E-01 at (23,12,14)
       Min divergence: -0.26E-01 at (24,12,13)
       Max VN number :  0.98E-01 at (18,13,3)
       Mesh    2
       Max CFL number:  0.12E+00 at (1,9,1)
       Max divergence:  0.13E-01 at (2,1,9)
       Min divergence: -0.23E-01 at (1,14,3)
       Max VN number :  0.11E+00 at (2,9,1)
 
       Time Step    32100   May 17, 2026  10:28:16
       Step Size:  0.100E-01 s, Total Time:  320.90847 s
       Pressure Iterations: 1
       Maximum Velocity Error:  0.14E-02 on Mesh 1 at (24,7,1)
       Maximum Pressure Error:  0.12E+01 on Mesh 1 at (21,13,6)
       ---------------------------------------------------------------
       Mesh    1
       Max CFL number:  0.13E+00 at (20,12,5)
       Max divergence:  0.32E-01 at (20,12,14)
       Min divergence: -0.48E-01 at (23,12,15)
       Max VN number :  0.99E-01 at (2,1,6)
       Mesh    2
       Max CFL number:  0.10E+00 at (5,6,1)
       Max divergence:  0.12E-01 at (1,14,4)
       Min divergence: -0.23E-01 at (1,13,13)
       Max VN number :  0.97E-01 at (5,1,10)
 
       Time Step    32200   May 17, 2026  10:28:30
       Step Size:  0.100E-01 s, Total Time:  321.90847 s
       Pressure Iterations: 1
       Maximum Velocity Error:  0.12E-02 on Mesh 2 at (0,9,1)
       Maximum Pressure Error:  0.12E+01 on Mesh 1 at (20,14,4)
       ---------------------------------------------------------------
       Mesh    1
       Max CFL number:  0.12E+00 at (20,13,5)
       Max divergence:  0.35E-01 at (23,13,15)
       Min divergence: -0.37E-01 at (22,12,15)
       Max VN number :  0.17E+00 at (21,13,4)
       Mesh    2
       Max CFL number:  0.10E+00 at (3,10,1)
       Max divergence:  0.17E-01 at (1,13,13)
       Min divergence: -0.21E-01 at (1,14,4)
       Max VN number :  0.73E-01 at (3,13,4)
 
       Time Step    32300   May 17, 2026  10:28:43
       Step Size:  0.100E-01 s, Total Time:  322.90847 s
       Pressure Iterations: 1
       Maximum Velocity Error:  0.17E-02 on Mesh 2 at (0,13,2)
       Maximum Pressure Error:  0.11E+01 on Mesh 1 at (21,13,3)
       ---------------------------------------------------------------
       Mesh    1
       Max CFL number:  0.14E+00 at (20,13,6)
       Max divergence:  0.54E-01 at (23,12,14)
       Min divergence: -0.31E-01 at (21,12,12)
       Max VN number :  0.10E+00 at (18,13,7)
       Mesh    2
       Max CFL number:  0.10E+00 at (1,11,3)
       Max divergence:  0.92E-02 at (1,13,4)
       Min divergence: -0.20E-01 at (1,13,8)
       Max VN number :  0.73E-01 at (11,1,2)
 
       Time Step    32400   May 17, 2026  10:28:55
       Step Size:  0.100E-01 s, Total Time:  323.90847 s
       Pressure Iterations: 1
       Maximum Velocity Error:  0.13E-02 on Mesh 1 at (24,8,1)
       Maximum Pressure Error:  0.17E+01 on Mesh 1 at (20,14,3)
       ---------------------------------------------------------------
       Mesh    1
       Max CFL number:  0.14E+00 at (23,13,7)
       Max divergence:  0.27E-01 at (24,12,14)
       Min divergence: -0.31E-01 at (20,12,14)
       Max VN number :  0.10E+00 at (19,14,4)
       Mesh    2
       Max CFL number:  0.94E-01 at (13,6,1)
       Max divergence:  0.14E-01 at (1,13,4)
       Min divergence: -0.23E-01 at (1,15,4)
       Max VN number :  0.75E-01 at (2,13,4)
 
       Time Step    32500   May 17, 2026  10:29:08
       Step Size:  0.100E-01 s, Total Time:  324.90847 s
       Pressure Iterations: 1
       Maximum Velocity Error:  0.16E-02 on Mesh 1 at (24,12,5)
       Maximum Pressure Error:  0.11E+01 on Mesh 1 at (20,13,5)
       ---------------------------------------------------------------
       Mesh    1
       Max CFL number:  0.13E+00 at (21,12,7)
       Max divergence:  0.35E-01 at (23,13,15)
       Min divergence: -0.30E-01 at (22,12,15)
       Max VN number :  0.12E+00 at (18,13,2)
       Mesh    2
       Max CFL number:  0.93E-01 at (1,11,3)
       Max divergence:  0.27E-01 at (1,13,14)
       Min divergence: -0.30E-01 at (1,14,4)
       Max VN number :  0.92E-01 at (11,1,9)
 
       Time Step    32600   May 17, 2026  10:29:20
       Step Size:  0.100E-01 s, Total Time:  325.90847 s
       Pressure Iterations: 1
       Maximum Velocity Error:  0.16E-02 on Mesh 2 at (0,9,1)
       Maximum Pressure Error:  0.21E+01 on Mesh 1 at (20,14,4)
       ---------------------------------------------------------------
       Mesh    1
       Max CFL number:  0.14E+00 at (20,12,4)
       Max divergence:  0.31E-01 at (23,13,15)
       Min divergence: -0.36E-01 at (23,12,12)
       Max VN number :  0.90E-01 at (9,1,9)
       Mesh    2
       Max CFL number:  0.95E-01 at (1,10,3)
       Max divergence:  0.27E-01 at (1,13,13)
       Min divergence: -0.24E-01 at (1,13,14)
       Max VN number :  0.75E-01 at (22,4,1)
 
       Time Step    32700   May 17, 2026  10:29:33
       Step Size:  0.100E-01 s, Total Time:  326.90847 s
       Pressure Iterations: 1
       Maximum Velocity Error:  0.17E-02 on Mesh 1 at (24,6,1)
       Maximum Pressure Error:  0.12E+01 on Mesh 1 at (20,14,5)
       ---------------------------------------------------------------
       Mesh    1
       Max CFL number:  0.11E+00 at (20,10,5)
       Max divergence:  0.34E-01 at (23,12,15)
       Min divergence: -0.46E-01 at (21,12,14)
       Max VN number :  0.11E+00 at (6,13,2)
       Mesh    2
       Max CFL number:  0.81E-01 at (1,13,10)
       Max divergence:  0.19E-01 at (1,13,12)
       Min divergence: -0.27E-01 at (16,16,20)
       Max VN number :  0.75E-01 at (12,13,3)
 
       Time Step    32800   May 17, 2026  10:29:45
       Step Size:  0.100E-01 s, Total Time:  327.90847 s
       Pressure Iterations: 1
       Maximum Velocity Error:  0.98E-03 on Mesh 1 at (24,11,6)
       Maximum Pressure Error:  0.96E+00 on Mesh 2 at (2,14,5)
       ---------------------------------------------------------------
       Mesh    1
       Max CFL number:  0.12E+00 at (20,13,8)
       Max divergence:  0.45E-01 at (20,13,15)
       Min divergence: -0.31E-01 at (23,12,16)
       Max VN number :  0.94E-01 at (7,9,1)
       Mesh    2
       Max CFL number:  0.94E-01 at (1,12,7)
       Max divergence:  0.18E-01 at (2,1,13)
       Min divergence: -0.30E-01 at (16,16,20)
       Max VN number :  0.11E+00 at (2,13,8)
 
       Time Step    32900   May 17, 2026  10:29:58
       Step Size:  0.100E-01 s, Total Time:  328.90847 s
       Pressure Iterations: 1
       Maximum Velocity Error:  0.11E-02 on Mesh 1 at (24,13,5)
       Maximum Pressure Error:  0.92E+00 on Mesh 1 at (22,13,5)
       ---------------------------------------------------------------
       Mesh    1
       Max CFL number:  0.11E+00 at (19,11,3)
       Max divergence:  0.39E-01 at (23,12,15)
       Min divergence: -0.59E-01 at (22,12,15)
       Max VN number :  0.13E+00 at (18,13,3)
       Mesh    2
       Max CFL number:  0.84E-01 at (7,13,1)
       Max divergence:  0.11E-01 at (1,14,5)
       Min divergence: -0.27E-01 at (16,16,20)
       Max VN number :  0.68E-01 at (15,1,9)
 
       Time Step    33000   May 17, 2026  10:30:12
       Step Size:  0.100E-01 s, Total Time:  329.90847 s
       Pressure Iterations: 1
       Maximum Velocity Error:  0.14E-02 on Mesh 2 at (0,12,1)
       Maximum Pressure Error:  0.13E+01 on Mesh 1 at (22,14,1)
       ---------------------------------------------------------------
       Mesh    1
       Max CFL number:  0.11E+00 at (22,13,3)
       Max divergence:  0.23E-01 at (21,13,15)
       Min divergence: -0.45E-01 at (22,12,14)
       Max VN number :  0.93E-01 at (17,13,2)
       Mesh    2
       Max CFL number:  0.90E-01 at (1,11,2)
       Max divergence:  0.24E-01 at (1,13,12)
       Min divergence: -0.23E-01 at (1,13,3)
       Max VN number :  0.10E+00 at (3,13,5)
 
       Time Step    33100   May 17, 2026  10:30:25
       Step Size:  0.100E-01 s, Total Time:  330.90847 s
       Pressure Iterations: 1
       Maximum Velocity Error:  0.28E-02 on Mesh 1 at (24,10,2)
       Maximum Pressure Error:  0.77E+00 on Mesh 1 at (24,14,11)
       ---------------------------------------------------------------
       Mesh    1
       Max CFL number:  0.12E+00 at (23,13,10)
       Max divergence:  0.31E-01 at (23,13,15)
       Min divergence: -0.43E-01 at (21,12,13)
       Max VN number :  0.11E+00 at (19,8,1)
       Mesh    2
       Max CFL number:  0.10E+00 at (1,9,1)
       Max divergence:  0.16E-01 at (1,13,14)
       Min divergence: -0.18E-01 at (17,15,20)
       Max VN number :  0.67E-01 at (2,13,5)
 
       Time Step    33200   May 17, 2026  10:30:40
       Step Size:  0.100E-01 s, Total Time:  331.90847 s
       Pressure Iterations: 1
       Maximum Velocity Error:  0.28E-02 on Mesh 2 at (0,10,1)
       Maximum Pressure Error:  0.93E+00 on Mesh 1 at (20,14,8)
       ---------------------------------------------------------------
       Mesh    1
       Max CFL number:  0.12E+00 at (20,12,5)
       Max divergence:  0.32E-01 at (23,13,14)
       Min divergence: -0.37E-01 at (21,12,15)
       Max VN number :  0.94E-01 at (24,13,9)
       Mesh    2
       Max CFL number:  0.11E+00 at (1,9,1)
       Max divergence:  0.16E-01 at (6,1,9)
       Min divergence: -0.24E-01 at (6,1,10)
       Max VN number :  0.72E-01 at (18,8,1)
 
       Time Step    33300   May 17, 2026  10:31:01
       Step Size:  0.100E-01 s, Total Time:  332.90847 s
       Pressure Iterations: 1
       Maximum Velocity Error:  0.13E-02 on Mesh 1 at (24,5,1)
       Maximum Pressure Error:  0.10E+01 on Mesh 1 at (20,13,1)
       ---------------------------------------------------------------
       Mesh    1
       Max CFL number:  0.12E+00 at (20,12,1)
       Max divergence:  0.28E-01 at (23,13,11)
       Min divergence: -0.41E-01 at (24,13,11)
       Max VN number :  0.14E+00 at (18,13,2)
       Mesh    2
       Max CFL number:  0.10E+00 at (6,5,1)
       Max divergence:  0.14E-01 at (1,13,3)
       Min divergence: -0.18E-01 at (4,1,10)
       Max VN number :  0.11E+00 at (3,13,3)
 
       Time Step    33400   May 17, 2026  10:31:16
       Step Size:  0.100E-01 s, Total Time:  333.90847 s
       Pressure Iterations: 1
       Maximum Velocity Error:  0.18E-02 on Mesh 1 at (24,12,5)
       Maximum Pressure Error:  0.14E+01 on Mesh 1 at (20,14,4)
       ---------------------------------------------------------------
       Mesh    1
       Max CFL number:  0.12E+00 at (23,12,5)
       Max divergence:  0.22E-01 at (22,12,14)
       Min divergence: -0.25E-01 at (20,12,15)
       Max VN number :  0.12E+00 at (24,13,2)
       Mesh    2
       Max CFL number:  0.88E-01 at (3,6,1)
       Max divergence:  0.64E-02 at (1,14,3)
       Min divergence: -0.19E-01 at (16,18,20)
       Max VN number :  0.74E-01 at (13,2,1)
 
       Time Step    33500   May 17, 2026  10:31:30
       Step Size:  0.100E-01 s, Total Time:  334.90847 s
       Pressure Iterations: 1
       Maximum Velocity Error:  0.24E-02 on Mesh 1 at (24,9,2)
       Maximum Pressure Error:  0.25E+01 on Mesh 1 at (22,13,10)
       ---------------------------------------------------------------
       Mesh    1
       Max CFL number:  0.16E+00 at (21,13,10)
       Max divergence:  0.23E-01 at (23,13,15)
       Min divergence: -0.30E-01 at (20,12,14)
       Max VN number :  0.17E+00 at (22,13,9)
       Mesh    2
       Max CFL number:  0.93E-01 at (1,12,9)
       Max divergence:  0.13E-01 at (2,13,10)
       Min divergence: -0.18E-01 at (1,12,10)
       Max VN number :  0.66E-01 at (8,13,3)
 
       Time Step    33600   May 17, 2026  10:31:44
       Step Size:  0.100E-01 s, Total Time:  335.90847 s
       Pressure Iterations: 1
       Maximum Velocity Error:  0.23E-02 on Mesh 1 at (24,12,5)
       Maximum Pressure Error:  0.16E+01 on Mesh 1 at (21,13,4)
       ---------------------------------------------------------------
       Mesh    1
       Max CFL number:  0.13E+00 at (24,11,4)
       Max divergence:  0.34E-01 at (20,13,13)
       Min divergence: -0.30E-01 at (22,12,14)
       Max VN number :  0.15E+00 at (21,13,9)
       Mesh    2
       Max CFL number:  0.11E+00 at (1,11,4)
       Max divergence:  0.10E-01 at (1,13,4)
       Min divergence: -0.19E-01 at (2,13,2)
       Max VN number :  0.64E-01 at (5,1,10)
 
       Time Step    33700   May 17, 2026  10:31:57
       Step Size:  0.100E-01 s, Total Time:  336.90847 s
       Pressure Iterations: 1
       Maximum Velocity Error:  0.15E-02 on Mesh 1 at (24,12,3)
       Maximum Pressure Error:  0.15E+01 on Mesh 1 at (20,14,5)
       ---------------------------------------------------------------
       Mesh    1
       Max CFL number:  0.11E+00 at (20,13,8)
       Max divergence:  0.75E-01 at (21,13,16)
       Min divergence: -0.34E-01 at (21,12,14)
       Max VN number :  0.78E-01 at (21,13,7)
       Mesh    2
       Max CFL number:  0.90E-01 at (8,3,1)
       Max divergence:  0.17E-01 at (1,13,13)
       Min divergence: -0.20E-01 at (1,13,8)
       Max VN number :  0.73E-01 at (9,1,10)
 
       Time Step    33800   May 17, 2026  10:32:10
       Step Size:  0.100E-01 s, Total Time:  337.90847 s
       Pressure Iterations: 1
       Maximum Velocity Error:  0.19E-02 on Mesh 1 at (24,11,1)
       Maximum Pressure Error:  0.11E+01 on Mesh 1 at (22,13,8)
       ---------------------------------------------------------------
       Mesh    1
       Max CFL number:  0.12E+00 at (22,12,8)
       Max divergence:  0.30E-01 at (23,13,15)
       Min divergence: -0.32E-01 at (20,12,15)
       Max VN number :  0.14E+00 at (18,13,2)
       Mesh    2
       Max CFL number:  0.90E-01 at (1,12,10)
       Max divergence:  0.14E-01 at (19,1,11)
       Min divergence: -0.18E-01 at (1,13,6)
       Max VN number :  0.69E-01 at (3,13,5)
 
       Time Step    33900   May 17, 2026  10:32:25
       Step Size:  0.100E-01 s, Total Time:  338.90847 s
       Pressure Iterations: 1
       Maximum Velocity Error:  0.22E-02 on Mesh 2 at (0,9,2)
       Maximum Pressure Error:  0.10E+01 on Mesh 1 at (20,14,2)
       ---------------------------------------------------------------
       Mesh    1
       Max CFL number:  0.12E+00 at (23,13,11)
       Max divergence:  0.40E-01 at (24,13,10)
       Min divergence: -0.35E-01 at (22,12,14)
       Max VN number :  0.13E+00 at (18,13,2)
       Mesh    2
       Max CFL number:  0.93E-01 at (2,9,2)
       Max divergence:  0.26E-01 at (1,13,11)
       Min divergence: -0.20E-01 at (1,13,12)
       Max VN number :  0.62E-01 at (2,13,5)
 
       Time Step    34000   May 17, 2026  10:32:38
       Step Size:  0.100E-01 s, Total Time:  339.90847 s
       Pressure Iterations: 1
       Maximum Velocity Error:  0.20E-02 on Mesh 1 at (24,11,1)
       Maximum Pressure Error:  0.13E+01 on Mesh 1 at (20,14,6)
       ---------------------------------------------------------------
       Mesh    1
       Max CFL number:  0.12E+00 at (20,10,1)
       Max divergence:  0.55E-01 at (23,12,15)
       Min divergence: -0.41E-01 at (24,13,9)
       Max VN number :  0.90E-01 at (24,13,9)
       Mesh    2
       Max CFL number:  0.11E+00 at (2,4,1)
       Max divergence:  0.11E-01 at (1,13,3)
       Min divergence: -0.21E-01 at (17,18,20)
       Max VN number :  0.79E-01 at (1,15,3)
 
       Time Step    34100   May 17, 2026  10:32:52
       Step Size:  0.100E-01 s, Total Time:  340.90847 s
       Pressure Iterations: 1
       Maximum Velocity Error:  0.12E-02 on Mesh 1 at (24,13,3)
       Maximum Pressure Error:  0.13E+01 on Mesh 1 at (23,13,4)
       ---------------------------------------------------------------
       Mesh    1
       Max CFL number:  0.14E+00 at (23,12,4)
       Max divergence:  0.31E-01 at (19,14,7)
       Min divergence: -0.38E-01 at (24,13,13)
       Max VN number :  0.82E-01 at (19,14,7)
       Mesh    2
       Max CFL number:  0.91E-01 at (8,13,1)
       Max divergence:  0.74E-02 at (16,17,19)
       Min divergence: -0.28E-01 at (17,18,20)
       Max VN number :  0.60E-01 at (19,14,2)
 
       Time Step    34200   May 17, 2026  10:33:06
       Step Size:  0.100E-01 s, Total Time:  341.90847 s
       Pressure Iterations: 1
       Maximum Velocity Error:  0.13E-02 on Mesh 1 at (24,13,4)
       Maximum Pressure Error:  0.10E+01 on Mesh 1 at (24,14,5)
       ---------------------------------------------------------------
       Mesh    1
       Max CFL number:  0.11E+00 at (23,13,4)
       Max divergence:  0.26E-01 at (19,13,11)
       Min divergence: -0.20E-01 at (20,6,4)
       Max VN number :  0.96E-01 at (22,13,3)
       Mesh    2
       Max CFL number:  0.90E-01 at (13,13,2)
       Max divergence:  0.70E-02 at (1,13,2)
       Min divergence: -0.20E-01 at (1,13,4)
       Max VN number :  0.72E-01 at (22,1,8)
 
       Time Step    34300   May 17, 2026  10:33:19
       Step Size:  0.100E-01 s, Total Time:  342.90847 s
       Pressure Iterations: 1
       Maximum Velocity Error:  0.15E-02 on Mesh 1 at (24,13,9)
       Maximum Pressure Error:  0.14E+01 on Mesh 1 at (23,13,9)
       ---------------------------------------------------------------
       Mesh    1
       Max CFL number:  0.14E+00 at (23,13,9)
       Max divergence:  0.28E-01 at (23,13,15)
       Min divergence: -0.37E-01 at (24,13,15)
       Max VN number :  0.15E+00 at (22,13,8)
       Mesh    2
       Max CFL number:  0.77E-01 at (18,13,2)
       Max divergence:  0.13E-01 at (1,13,5)
       Min divergence: -0.27E-01 at (1,13,8)
       Max VN number :  0.69E-01 at (3,2,1)
 
       Time Step    34400   May 17, 2026  10:33:33
       Step Size:  0.100E-01 s, Total Time:  343.90847 s
       Pressure Iterations: 1
       Maximum Velocity Error:  0.24E-02 on Mesh 1 at (24,13,12)
       Maximum Pressure Error:  0.17E+01 on Mesh 1 at (24,14,12)
       ---------------------------------------------------------------
       Mesh    1
       Max CFL number:  0.15E+00 at (23,13,12)
       Max divergence:  0.47E-01 at (24,13,12)
       Min divergence: -0.35E-01 at (24,13,10)
       Max VN number :  0.15E+00 at (24,13,11)
       Mesh    2
       Max CFL number:  0.69E-01 at (18,11,1)
       Max divergence:  0.76E-02 at (1,13,5)
       Min divergence: -0.28E-01 at (1,13,11)
       Max VN number :  0.72E-01 at (2,13,5)
 
       Time Step    34500   May 17, 2026  10:33:47
       Step Size:  0.100E-01 s, Total Time:  344.90847 s
       Pressure Iterations: 1
       Maximum Velocity Error:  0.18E-02 on Mesh 1 at (22,13,14)
       Maximum Pressure Error:  0.30E+01 on Mesh 1 at (22,13,14)
       ---------------------------------------------------------------
       Mesh    1
       Max CFL number:  0.18E+00 at (22,13,13)
       Max divergence:  0.62E-01 at (23,13,16)
       Min divergence: -0.33E-01 at (22,13,16)
       Max VN number :  0.20E+00 at (23,13,12)
       Mesh    2
       Max CFL number:  0.82E-01 at (1,10,4)
       Max divergence:  0.12E-01 at (2,13,3)
       Min divergence: -0.23E-01 at (2,13,4)
       Max VN number :  0.93E-01 at (2,13,4)
 
       Time Step    34600   May 17, 2026  10:34:00
       Step Size:  0.100E-01 s, Total Time:  345.90847 s
       Pressure Iterations: 1
       Maximum Velocity Error:  0.15E-02 on Mesh 1 at (24,7,1)
       Maximum Pressure Error:  0.11E+01 on Mesh 1 at (20,14,8)
       ---------------------------------------------------------------
       Mesh    1
       Max CFL number:  0.11E+00 at (22,13,4)
       Max divergence:  0.75E-01 at (22,13,17)
       Min divergence: -0.25E-01 at (19,13,8)
       Max VN number :  0.10E+00 at (23,13,4)
       Mesh    2
       Max CFL number:  0.79E-01 at (1,10,6)
       Max divergence:  0.56E-02 at (11,1,11)
       Min divergence: -0.17E-01 at (17,18,20)
       Max VN number :  0.88E-01 at (3,13,4)
 
       Time Step    34700   May 17, 2026  10:34:16
       Step Size:  0.100E-01 s, Total Time:  346.90847 s
       Pressure Iterations: 1
       Maximum Velocity Error:  0.18E-02 on Mesh 1 at (24,8,1)
       Maximum Pressure Error:  0.19E+01 on Mesh 1 at (20,14,3)
       ---------------------------------------------------------------
       Mesh    1
       Max CFL number:  0.13E+00 at (20,13,4)
       Max divergence:  0.17E-01 at (21,12,15)
       Min divergence: -0.26E-01 at (20,12,14)
       Max VN number :  0.67E-01 at (9,10,1)
       Mesh    2
       Max CFL number:  0.92E-01 at (1,13,1)
       Max divergence:  0.58E-02 at (7,1,9)
       Min divergence: -0.15E-01 at (16,17,20)
       Max VN number :  0.72E-01 at (8,27,1)
 
       Time Step    34800   May 17, 2026  10:34:30
       Step Size:  0.100E-01 s, Total Time:  347.90847 s
       Pressure Iterations: 1
       Maximum Velocity Error:  0.23E-02 on Mesh 1 at (24,11,1)
       Maximum Pressure Error:  0.12E+01 on Mesh 1 at (21,13,5)
       ---------------------------------------------------------------
       Mesh    1
       Max CFL number:  0.12E+00 at (20,12,6)
       Max divergence:  0.20E-01 at (23,13,15)
       Min divergence: -0.19E-01 at (19,10,5)
       Max VN number :  0.14E+00 at (18,13,2)
       Mesh    2
       Max CFL number:  0.11E+00 at (6,10,1)
       Max divergence:  0.85E-02 at (1,13,12)
       Min divergence: -0.15E-01 at (1,13,10)
       Max VN number :  0.72E-01 at (8,13,3)
 
       Time Step    34900   May 17, 2026  10:34:44
       Step Size:  0.100E-01 s, Total Time:  348.90847 s
       Pressure Iterations: 1
       Maximum Velocity Error:  0.18E-02 on Mesh 1 at (24,5,1)
       Maximum Pressure Error:  0.69E+00 on Mesh 1 at (24,14,2)
       ---------------------------------------------------------------
       Mesh    1
       Max CFL number:  0.10E+00 at (20,12,3)
       Max divergence:  0.34E-01 at (23,13,10)
       Min divergence: -0.49E-01 at (24,13,10)
       Max VN number :  0.14E+00 at (24,13,3)
       Mesh    2
       Max CFL number:  0.97E-01 at (7,5,1)
       Max divergence:  0.75E-02 at (6,1,10)
       Min divergence: -0.15E-01 at (17,15,20)
       Max VN number :  0.84E-01 at (6,3,1)
 
       Time Step    35000   May 17, 2026  10:34:56
       Step Size:  0.100E-01 s, Total Time:  349.90847 s
       Pressure Iterations: 1
       Maximum Velocity Error:  0.15E-02 on Mesh 1 at (24,13,4)
       Maximum Pressure Error:  0.72E+00 on Mesh 1 at (24,14,4)
       ---------------------------------------------------------------
       Mesh    1
       Max CFL number:  0.11E+00 at (20,9,1)
       Max divergence:  0.21E-01 at (23,13,15)
       Min divergence: -0.21E-01 at (19,13,4)
       Max VN number :  0.88E-01 at (18,13,2)
       Mesh    2
       Max CFL number:  0.87E-01 at (14,4,1)
       Max divergence:  0.96E-02 at (1,13,4)
       Min divergence: -0.13E-01 at (17,15,20)
       Max VN number :  0.83E-01 at (3,13,5)
 
       Time Step    35100   May 17, 2026  10:35:09
       Step Size:  0.100E-01 s, Total Time:  350.90847 s
       Pressure Iterations: 1
       Maximum Velocity Error:  0.12E-02 on Mesh 1 at (24,9,2)
       Maximum Pressure Error:  0.80E+00 on Mesh 1 at (20,14,2)
       ---------------------------------------------------------------
       Mesh    1
       Max CFL number:  0.11E+00 at (23,12,4)
       Max divergence:  0.20E-01 at (19,13,13)
       Min divergence: -0.25E-01 at (21,11,7)
       Max VN number :  0.80E-01 at (17,32,1)
       Mesh    2
       Max CFL number:  0.96E-01 at (1,12,3)
       Max divergence:  0.99E-02 at (4,13,5)
       Min divergence: -0.13E-01 at (2,13,3)
       Max VN number :  0.10E+00 at (3,13,4)
 
       Time Step    35200   May 17, 2026  10:35:22
       Step Size:  0.100E-01 s, Total Time:  351.90847 s
       Pressure Iterations: 1
       Maximum Velocity Error:  0.18E-02 on Mesh 1 at (24,9,1)
       Maximum Pressure Error:  0.59E+00 on Mesh 1 at (23,13,8)
       ---------------------------------------------------------------
       Mesh    1
       Max CFL number:  0.12E+00 at (23,12,5)
       Max divergence:  0.25E-01 at (20,12,14)
       Min divergence: -0.32E-01 at (20,12,15)
       Max VN number :  0.97E-01 at (19,14,7)
       Mesh    2
       Max CFL number:  0.93E-01 at (5,9,1)
       Max divergence:  0.54E-02 at (4,13,1)
       Min divergence: -0.18E-01 at (18,17,20)
       Max VN number :  0.75E-01 at (4,13,3)
 
       Time Step    35300   May 17, 2026  10:35:35
       Step Size:  0.100E-01 s, Total Time:  352.90847 s
       Pressure Iterations: 1
       Maximum Velocity Error:  0.15E-02 on Mesh 1 at (24,13,5)
       Maximum Pressure Error:  0.72E+00 on Mesh 1 at (24,14,5)
       ---------------------------------------------------------------
       Mesh    1
       Max CFL number:  0.13E+00 at (23,12,6)
       Max divergence:  0.26E-01 at (19,13,6)
       Min divergence: -0.24E-01 at (19,14,6)
       Max VN number :  0.12E+00 at (19,14,6)
       Mesh    2
       Max CFL number:  0.95E-01 at (1,5,1)
       Max divergence:  0.21E-01 at (10,1,11)
       Min divergence: -0.19E-01 at (17,18,20)
       Max VN number :  0.78E-01 at (10,1,11)
 
       Time Step    35400   May 17, 2026  10:35:49
       Step Size:  0.100E-01 s, Total Time:  353.90847 s
       Pressure Iterations: 1
       Maximum Velocity Error:  0.12E-02 on Mesh 1 at (24,6,1)
       Maximum Pressure Error:  0.13E+01 on Mesh 1 at (20,14,8)
       ---------------------------------------------------------------
       Mesh    1
       Max CFL number:  0.11E+00 at (20,11,3)
       Max divergence:  0.23E-01 at (23,13,15)
       Min divergence: -0.24E-01 at (23,12,13)
       Max VN number :  0.12E+00 at (24,13,2)
       Mesh    2
       Max CFL number:  0.90E-01 at (7,3,1)
       Max divergence:  0.80E-02 at (12,1,11)
       Min divergence: -0.15E-01 at (17,18,20)
       Max VN number :  0.79E-01 at (20,14,1)
 
       Time Step    35500   May 17, 2026  10:36:03
       Step Size:  0.100E-01 s, Total Time:  354.90847 s
       Pressure Iterations: 1
       Maximum Velocity Error:  0.88E-03 on Mesh 1 at (24,12,1)
       Maximum Pressure Error:  0.91E+00 on Mesh 1 at (23,13,7)
       ---------------------------------------------------------------
       Mesh    1
       Max CFL number:  0.12E+00 at (20,11,3)
       Max divergence:  0.22E-01 at (20,13,15)
       Min divergence: -0.24E-01 at (24,13,8)
       Max VN number :  0.94E-01 at (18,13,3)
       Mesh    2
       Max CFL number:  0.89E-01 at (3,11,1)
       Max divergence:  0.52E-02 at (3,13,4)
       Min divergence: -0.15E-01 at (1,13,4)
       Max VN number :  0.10E+00 at (2,13,4)
 
       Time Step    35600   May 17, 2026  10:36:16
       Step Size:  0.100E-01 s, Total Time:  355.90847 s
       Pressure Iterations: 1
       Maximum Velocity Error:  0.29E-02 on Mesh 1 at (24,12,2)
       Maximum Pressure Error:  0.72E+00 on Mesh 1 at (23,13,5)
       ---------------------------------------------------------------
       Mesh    1
       Max CFL number:  0.11E+00 at (19,9,1)
       Max divergence:  0.21E-01 at (20,13,15)
       Min divergence: -0.27E-01 at (23,12,13)
       Max VN number :  0.79E-01 at (13,1,8)
       Mesh    2
       Max CFL number:  0.86E-01 at (1,10,1)
       Max divergence:  0.14E-01 at (1,12,12)
       Min divergence: -0.23E-01 at (2,13,3)
       Max VN number :  0.10E+00 at (2,13,3)
 
       Time Step    35700   May 17, 2026  10:36:28
       Step Size:  0.100E-01 s, Total Time:  356.90847 s
       Pressure Iterations: 1
       Maximum Velocity Error:  0.14E-02 on Mesh 1 at (24,10,2)
       Maximum Pressure Error:  0.71E+00 on Mesh 1 at (23,13,5)
       ---------------------------------------------------------------
       Mesh    1
       Max CFL number:  0.12E+00 at (20,12,4)
       Max divergence:  0.24E-01 at (24,13,14)
       Min divergence: -0.29E-01 at (24,13,15)
       Max VN number :  0.12E+00 at (22,13,4)
       Mesh    2
       Max CFL number:  0.10E+00 at (4,8,1)
       Max divergence:  0.14E-01 at (1,13,14)
       Min divergence: -0.17E-01 at (1,14,2)
       Max VN number :  0.89E-01 at (20,14,1)
 
       Time Step    35800   May 17, 2026  10:36:41
       Step Size:  0.100E-01 s, Total Time:  357.90847 s
       Pressure Iterations: 1
       Maximum Velocity Error:  0.13E-02 on Mesh 2 at (0,12,4)
       Maximum Pressure Error:  0.59E+00 on Mesh 1 at (20,14,7)
       ---------------------------------------------------------------
       Mesh    1
       Max CFL number:  0.12E+00 at (22,9,1)
       Max divergence:  0.19E-01 at (23,13,14)
       Min divergence: -0.25E-01 at (22,11,9)
       Max VN number :  0.10E+00 at (18,13,2)
       Mesh    2
       Max CFL number:  0.90E-01 at (1,11,4)
       Max divergence:  0.18E-01 at (19,1,10)
       Min divergence: -0.28E-01 at (18,1,10)
       Max VN number :  0.86E-01 at (18,1,10)
 
       Time Step    35900   May 17, 2026  10:36:55
       Step Size:  0.100E-01 s, Total Time:  358.90847 s
       Pressure Iterations: 1
       Maximum Velocity Error:  0.14E-02 on Mesh 1 at (24,6,2)
       Maximum Pressure Error:  0.70E+00 on Mesh 1 at (24,14,6)
       ---------------------------------------------------------------
       Mesh    1
       Max CFL number:  0.10E+00 at (22,13,10)
       Max divergence:  0.14E-01 at (18,12,14)
       Min divergence: -0.17E-01 at (22,11,10)
       Max VN number :  0.91E-01 at (20,10,1)
       Mesh    2
       Max CFL number:  0.91E-01 at (1,12,3)
       Max divergence:  0.14E-01 at (3,13,3)
       Min divergence: -0.18E-01 at (1,14,4)
       Max VN number :  0.14E+00 at (3,13,4)
 
       Time Step    36000   May 17, 2026  10:37:08
       Step Size:  0.100E-01 s, Total Time:  359.90847 s
       Pressure Iterations: 1
       Maximum Velocity Error:  0.92E-03 on Mesh 1 at (24,5,1)
       Maximum Pressure Error:  0.10E+01 on Mesh 1 at (23,13,9)
       ---------------------------------------------------------------
       Mesh    1
       Max CFL number:  0.11E+00 at (22,12,6)
       Max divergence:  0.20E-01 at (23,12,14)
       Min divergence: -0.18E-01 at (21,11,11)
       Max VN number :  0.66E-01 at (1,6,4)
       Mesh    2
       Max CFL number:  0.81E-01 at (3,7,1)
       Max divergence:  0.61E-02 at (4,13,2)
       Min divergence: -0.20E-01 at (6,13,2)
       Max VN number :  0.93E-01 at (4,13,4)
 
       Time Step    36100   May 17, 2026  10:37:21
       Step Size:  0.100E-01 s, Total Time:  360.90847 s
       Pressure Iterations: 1
       Maximum Velocity Error:  0.10E-02 on Mesh 1 at (24,10,3)
       Maximum Pressure Error:  0.52E+00 on Mesh 1 at (22,13,7)
       ---------------------------------------------------------------
       Mesh    1
       Max CFL number:  0.10E+00 at (22,13,9)
       Max divergence:  0.23E-01 at (22,13,15)
       Min divergence: -0.19E-01 at (22,12,15)
       Max VN number :  0.73E-01 at (1,7,5)
       Mesh    2
       Max CFL number:  0.74E-01 at (8,7,1)
       Max divergence:  0.36E-02 at (1,11,11)
       Min divergence: -0.15E-01 at (1,13,12)
       Max VN number :  0.64E-01 at (17,6,1)
 
       Time Step    36200   May 17, 2026  10:37:34
       Step Size:  0.100E-01 s, Total Time:  361.90847 s
       Pressure Iterations: 1
       Maximum Velocity Error:  0.11E-02 on Mesh 1 at (24,7,2)
       Maximum Pressure Error:  0.56E+00 on Mesh 1 at (21,14,15)
       ---------------------------------------------------------------
       Mesh    1
       Max CFL number:  0.11E+00 at (21,12,10)
       Max divergence:  0.23E-01 at (20,13,15)
       Min divergence: -0.26E-01 at (23,12,14)
       Max VN number :  0.78E-01 at (1,9,4)
       Mesh    2
       Max CFL number:  0.73E-01 at (11,13,1)
       Max divergence:  0.97E-02 at (1,13,10)
       Min divergence: -0.12E-01 at (17,16,20)
       Max VN number :  0.67E-01 at (19,5,1)
 
       Time Step    36300   May 17, 2026  10:37:47
       Step Size:  0.100E-01 s, Total Time:  362.90847 s
       Pressure Iterations: 1
       Maximum Velocity Error:  0.18E-02 on Mesh 1 at (24,9,2)
       Maximum Pressure Error:  0.55E+00 on Mesh 1 at (20,14,3)
       ---------------------------------------------------------------
       Mesh    1
       Max CFL number:  0.10E+00 at (23,12,7)
       Max divergence:  0.31E-01 at (22,12,14)
       Min divergence: -0.37E-01 at (20,12,15)
       Max VN number :  0.80E-01 at (1,9,4)
       Mesh    2
       Max CFL number:  0.90E-01 at (1,9,1)
       Max divergence:  0.47E-02 at (1,12,6)
       Min divergence: -0.13E-01 at (17,16,20)
       Max VN number :  0.60E-01 at (15,25,1)
 
       Time Step    36400   May 17, 2026  10:38:00
       Step Size:  0.100E-01 s, Total Time:  363.90847 s
       Pressure Iterations: 1
       Maximum Velocity Error:  0.10E-02 on Mesh 1 at (24,5,1)
       Maximum Pressure Error:  0.73E+00 on Mesh 2 at (2,14,4)
       ---------------------------------------------------------------
       Mesh    1
       Max CFL number:  0.11E+00 at (22,12,11)
       Max divergence:  0.19E-01 at (23,13,13)
       Min divergence: -0.34E-01 at (24,13,9)
       Max VN number :  0.12E+00 at (18,13,3)
       Mesh    2
       Max CFL number:  0.94E-01 at (4,6,1)
       Max divergence:  0.13E-01 at (1,14,5)
       Min divergence: -0.16E-01 at (19,1,10)
       Max VN number :  0.74E-01 at (1,14,6)
 
       Time Step    36500   May 17, 2026  10:38:13
       Step Size:  0.100E-01 s, Total Time:  364.90847 s
       Pressure Iterations: 1
       Maximum Velocity Error:  0.87E-03 on Mesh 1 at (24,13,5)
       Maximum Pressure Error:  0.97E+00 on Mesh 1 at (23,13,5)
       ---------------------------------------------------------------
       Mesh    1
       Max CFL number:  0.12E+00 at (23,13,6)
       Max divergence:  0.22E-01 at (23,13,15)
       Min divergence: -0.17E-01 at (21,12,15)
       Max VN number :  0.86E-01 at (22,13,4)
       Mesh    2
       Max CFL number:  0.84E-01 at (4,1,1)
       Max divergence:  0.43E-02 at (1,13,3)
       Min divergence: -0.15E-01 at (1,12,4)
       Max VN number :  0.73E-01 at (10,3,1)
 
       Time Step    36600   May 17, 2026  10:38:26
       Step Size:  0.100E-01 s, Total Time:  365.90847 s
       Pressure Iterations: 1
       Maximum Velocity Error:  0.17E-02 on Mesh 1 at (24,11,2)
       Maximum Pressure Error:  0.88E+00 on Mesh 1 at (22,13,7)
       ---------------------------------------------------------------
       Mesh    1
       Max CFL number:  0.12E+00 at (22,12,5)
       Max divergence:  0.22E-01 at (19,13,8)
       Min divergence: -0.20E-01 at (21,12,14)
       Max VN number :  0.91E-01 at (19,14,8)
       Mesh    2
       Max CFL number:  0.83E-01 at (1,12,3)
       Max divergence:  0.89E-02 at (3,13,2)
       Min divergence: -0.16E-01 at (1,14,4)
       Max VN number :  0.80E-01 at (3,13,3)
 
       Time Step    36700   May 17, 2026  10:38:39
       Step Size:  0.100E-01 s, Total Time:  366.90847 s
       Pressure Iterations: 1
       Maximum Velocity Error:  0.98E-03 on Mesh 1 at (24,12,1)
       Maximum Pressure Error:  0.73E+00 on Mesh 1 at (22,13,6)
       ---------------------------------------------------------------
       Mesh    1
       Max CFL number:  0.11E+00 at (20,13,7)
       Max divergence:  0.23E-01 at (20,12,15)
       Min divergence: -0.24E-01 at (21,12,14)
       Max VN number :  0.13E+00 at (18,13,4)
       Mesh    2
       Max CFL number:  0.82E-01 at (5,9,1)
       Max divergence:  0.11E-01 at (2,1,9)
       Min divergence: -0.12E-01 at (17,16,20)
       Max VN number :  0.76E-01 at (1,12,1)
 
       Time Step    36800   May 17, 2026  10:38:52
       Step Size:  0.100E-01 s, Total Time:  367.90847 s
       Pressure Iterations: 1
       Maximum Velocity Error:  0.17E-02 on Mesh 1 at (24,8,1)
       Maximum Pressure Error:  0.11E+01 on Mesh 1 at (20,14,5)
       ---------------------------------------------------------------
       Mesh    1
       Max CFL number:  0.12E+00 at (23,10,3)
       Max divergence:  0.20E-01 at (20,12,13)
       Min divergence: -0.28E-01 at (21,12,11)
       Max VN number :  0.86E-01 at (19,14,5)
       Mesh    2
       Max CFL number:  0.94E-01 at (1,6,1)
       Max divergence:  0.12E-01 at (1,13,11)
       Min divergence: -0.17E-01 at (1,13,12)
       Max VN number :  0.83E-01 at (2,13,3)
 
       Time Step    36900   May 17, 2026  10:39:07
       Step Size:  0.100E-01 s, Total Time:  368.90847 s
       Pressure Iterations: 1
       Maximum Velocity Error:  0.12E-02 on Mesh 1 at (24,8,1)
       Maximum Pressure Error:  0.66E+00 on Mesh 1 at (20,14,7)
       ---------------------------------------------------------------
       Mesh    1
       Max CFL number:  0.10E+00 at (20,12,8)
       Max divergence:  0.19E-01 at (19,13,13)
       Min divergence: -0.25E-01 at (22,12,14)
       Max VN number :  0.14E+00 at (18,13,3)
       Mesh    2
       Max CFL number:  0.87E-01 at (1,11,2)
       Max divergence:  0.13E-01 at (1,13,13)
       Min divergence: -0.13E-01 at (1,13,4)
       Max VN number :  0.62E-01 at (9,2,1)
 
       Time Step    37000   May 17, 2026  10:39:20
       Step Size:  0.100E-01 s, Total Time:  369.90847 s
       Pressure Iterations: 1
       Maximum Velocity Error:  0.13E-02 on Mesh 1 at (24,12,8)
       Maximum Pressure Error:  0.98E+00 on Mesh 1 at (19,14,5)
       ---------------------------------------------------------------
       Mesh    1
       Max CFL number:  0.11E+00 at (20,12,3)
       Max divergence:  0.24E-01 at (22,12,15)
       Min divergence: -0.26E-01 at (10,1,9)
       Max VN number :  0.87E-01 at (17,32,1)
       Mesh    2
       Max CFL number:  0.84E-01 at (1,13,5)
       Max divergence:  0.78E-02 at (1,13,5)
       Min divergence: -0.15E-01 at (1,14,3)
       Max VN number :  0.10E+00 at (1,14,6)
 
       Time Step    37100   May 17, 2026  10:39:32
       Step Size:  0.100E-01 s, Total Time:  370.90847 s
       Pressure Iterations: 1
       Maximum Velocity Error:  0.12E-02 on Mesh 1 at (24,6,2)
       Maximum Pressure Error:  0.13E+01 on Mesh 1 at (20,14,5)
       ---------------------------------------------------------------
       Mesh    1
       Max CFL number:  0.13E+00 at (20,11,2)
       Max divergence:  0.21E-01 at (23,13,8)
       Min divergence: -0.25E-01 at (24,13,8)
       Max VN number :  0.12E+00 at (18,13,3)
       Mesh    2
       Max CFL number:  0.93E-01 at (1,12,3)
       Max divergence:  0.59E-02 at (1,14,3)
       Min divergence: -0.15E-01 at (1,13,4)
       Max VN number :  0.73E-01 at (1,14,4)
 
       Time Step    37200   May 17, 2026  10:39:45
       Step Size:  0.100E-01 s, Total Time:  371.90847 s
       Pressure Iterations: 1
       Maximum Velocity Error:  0.25E-02 on Mesh 1 at (24,11,1)
       Maximum Pressure Error:  0.24E+01 on Mesh 1 at (21,13,9)
       ---------------------------------------------------------------
       Mesh    1
       Max CFL number:  0.15E+00 at (21,13,8)
       Max divergence:  0.18E-01 at (23,13,10)
       Min divergence: -0.24E-01 at (24,13,10)
       Max VN number :  0.71E-01 at (21,13,3)
       Mesh    2
       Max CFL number:  0.11E+00 at (1,10,1)
       Max divergence:  0.77E-02 at (2,13,1)
       Min divergence: -0.11E-01 at (1,13,8)
       Max VN number :  0.10E+00 at (2,13,2)
 
       Time Step    37300   May 17, 2026  10:40:03
       Step Size:  0.100E-01 s, Total Time:  372.90847 s
       Pressure Iterations: 1
       Maximum Velocity Error:  0.11E-02 on Mesh 1 at (24,11,1)
       Maximum Pressure Error:  0.17E+01 on Mesh 1 at (21,13,14)
       ---------------------------------------------------------------
       Mesh    1
       Max CFL number:  0.16E+00 at (21,13,13)
       Max divergence:  0.13E-01 at (23,12,13)
       Min divergence: -0.19E-01 at (24,13,9)
       Max VN number :  0.13E+00 at (22,13,5)
       Mesh    2
       Max CFL number:  0.89E-01 at (7,13,1)
       Max divergence:  0.12E-01 at (3,1,13)
       Min divergence: -0.13E-01 at (2,13,2)
       Max VN number :  0.62E-01 at (2,13,5)
 
       Time Step    37400   May 17, 2026  10:40:18
       Step Size:  0.100E-01 s, Total Time:  373.90847 s
       Pressure Iterations: 1
       Maximum Velocity Error:  0.12E-02 on Mesh 1 at (24,7,1)
       Maximum Pressure Error:  0.74E+00 on Mesh 1 at (21,13,8)
       ---------------------------------------------------------------
       Mesh    1
       Max CFL number:  0.10E+00 at (20,13,6)
       Max divergence:  0.56E-01 at (21,13,17)
       Min divergence: -0.21E-01 at (22,12,15)
       Max VN number :  0.71E-01 at (12,13,2)
       Mesh    2
       Max CFL number:  0.79E-01 at (14,13,1)
       Max divergence:  0.58E-02 at (1,13,7)
       Min divergence: -0.13E-01 at (1,13,6)
       Max VN number :  0.55E-01 at (15,13,2)
 
       Time Step    37500   May 17, 2026  10:40:32
       Step Size:  0.100E-01 s, Total Time:  374.90847 s
       Pressure Iterations: 1
       Maximum Velocity Error:  0.12E-02 on Mesh 1 at (24,5,1)
       Maximum Pressure Error:  0.99E+00 on Mesh 1 at (20,14,6)
       ---------------------------------------------------------------
       Mesh    1
       Max CFL number:  0.10E+00 at (21,12,6)
       Max divergence:  0.27E-01 at (23,13,14)
       Min divergence: -0.40E-01 at (24,13,14)
       Max VN number :  0.85E-01 at (24,13,14)
       Mesh    2
       Max CFL number:  0.69E-01 at (12,1,1)
       Max divergence:  0.12E-01 at (1,12,12)
       Min divergence: -0.14E-01 at (1,13,9)
       Max VN number :  0.54E-01 at (18,11,1)
 
       Time Step    37600   May 17, 2026  10:40:46
       Step Size:  0.100E-01 s, Total Time:  375.90847 s
       Pressure Iterations: 1
       Maximum Velocity Error:  0.83E-03 on Mesh 1 at (24,11,2)
       Maximum Pressure Error:  0.93E+00 on Mesh 1 at (19,14,2)
       ---------------------------------------------------------------
       Mesh    1
       Max CFL number:  0.11E+00 at (20,12,2)
       Max divergence:  0.31E-01 at (23,13,12)
       Min divergence: -0.37E-01 at (24,13,12)
       Max VN number :  0.11E+00 at (18,13,2)
       Mesh    2
       Max CFL number:  0.84E-01 at (4,12,1)
       Max divergence:  0.46E-02 at (17,15,19)
       Min divergence: -0.14E-01 at (16,16,20)
       Max VN number :  0.75E-01 at (14,1,7)
 
       Time Step    37700   May 17, 2026  10:41:00
       Step Size:  0.100E-01 s, Total Time:  376.90847 s
       Pressure Iterations: 1
       Maximum Velocity Error:  0.15E-02 on Mesh 1 at (24,8,1)
       Maximum Pressure Error:  0.86E+00 on Mesh 1 at (20,14,7)
       ---------------------------------------------------------------
       Mesh    1
       Max CFL number:  0.10E+00 at (21,12,9)
       Max divergence:  0.19E-01 at (23,13,15)
       Min divergence: -0.25E-01 at (23,12,11)
       Max VN number :  0.57E-01 at (24,4,1)
       Mesh    2
       Max CFL number:  0.97E-01 at (1,7,1)
       Max divergence:  0.10E-01 at (2,13,3)
       Min divergence: -0.21E-01 at (2,13,4)
       Max VN number :  0.75E-01 at (14,1,9)
 
       Time Step    37800   May 17, 2026  10:41:13
       Step Size:  0.100E-01 s, Total Time:  377.90847 s
       Pressure Iterations: 1
       Maximum Velocity Error:  0.11E-02 on Mesh 1 at (24,11,1)
       Maximum Pressure Error:  0.13E+01 on Mesh 1 at (21,13,8)
       ---------------------------------------------------------------
       Mesh    1
       Max CFL number:  0.11E+00 at (23,13,8)
       Max divergence:  0.11E-01 at (20,13,15)
       Min divergence: -0.20E-01 at (22,12,9)
       Max VN number :  0.11E+00 at (21,13,4)
       Mesh    2
       Max CFL number:  0.95E-01 at (12,13,1)
       Max divergence:  0.72E-02 at (6,1,10)
       Min divergence: -0.12E-01 at (16,16,20)
       Max VN number :  0.72E-01 at (3,13,3)
 
       Time Step    37900   May 17, 2026  10:41:26
       Step Size:  0.100E-01 s, Total Time:  378.90847 s
       Pressure Iterations: 1
       Maximum Velocity Error:  0.26E-02 on Mesh 1 at (24,12,1)
       Maximum Pressure Error:  0.10E+01 on Mesh 2 at (2,14,1)
       ---------------------------------------------------------------
       Mesh    1
       Max CFL number:  0.95E-01 at (24,12,3)
       Max divergence:  0.16E-01 at (24,13,6)
       Min divergence: -0.16E-01 at (21,12,15)
       Max VN number :  0.74E-01 at (24,13,7)
       Mesh    2
       Max CFL number:  0.92E-01 at (1,13,1)
       Max divergence:  0.13E-01 at (1,13,5)
       Min divergence: -0.29E-01 at (2,13,3)
       Max VN number :  0.10E+00 at (2,13,2)
 
       Time Step    38000   May 17, 2026  10:41:39
       Step Size:  0.100E-01 s, Total Time:  379.90847 s
       Pressure Iterations: 1
       Maximum Velocity Error:  0.24E-02 on Mesh 1 at (24,8,2)
       Maximum Pressure Error:  0.73E+00 on Mesh 1 at (20,13,4)
       ---------------------------------------------------------------
       Mesh    1
       Max CFL number:  0.95E-01 at (23,12,5)
       Max divergence:  0.16E-01 at (20,13,15)
       Min divergence: -0.24E-01 at (21,12,13)
       Max VN number :  0.70E-01 at (3,11,1)
       Mesh    2
       Max CFL number:  0.96E-01 at (3,10,1)
       Max divergence:  0.48E-02 at (1,20,1)
       Min divergence: -0.11E-01 at (17,15,20)
       Max VN number :  0.61E-01 at (8,1,8)
 
       Time Step    38100   May 17, 2026  10:41:52
       Step Size:  0.100E-01 s, Total Time:  380.90847 s
       Pressure Iterations: 1
       Maximum Velocity Error:  0.15E-02 on Mesh 2 at (0,9,1)
       Maximum Pressure Error:  0.63E+00 on Mesh 1 at (20,14,5)
       ---------------------------------------------------------------
       Mesh    1
       Max CFL number:  0.12E+00 at (20,13,4)
       Max divergence:  0.16E-01 at (20,13,15)
       Min divergence: -0.23E-01 at (24,13,11)
       Max VN number :  0.77E-01 at (22,13,4)
       Mesh    2
       Max CFL number:  0.98E-01 at (2,8,1)
       Max divergence:  0.74E-02 at (12,1,9)
       Min divergence: -0.14E-01 at (16,18,20)
       Max VN number :  0.83E-01 at (21,4,1)
 
       Time Step    38200   May 17, 2026  10:42:04
       Step Size:  0.100E-01 s, Total Time:  381.90847 s
       Pressure Iterations: 1
       Maximum Velocity Error:  0.18E-02 on Mesh 1 at (24,5,1)
       Maximum Pressure Error:  0.11E+01 on Mesh 1 at (21,13,6)
       ---------------------------------------------------------------
       Mesh    1
       Max CFL number:  0.11E+00 at (21,13,6)
       Max divergence:  0.12E-01 at (23,13,15)
       Min divergence: -0.18E-01 at (24,13,9)
       Max VN number :  0.69E-01 at (19,16,5)
       Mesh    2
       Max CFL number:  0.89E-01 at (2,3,1)
       Max divergence:  0.68E-02 at (2,13,2)
       Min divergence: -0.13E-01 at (16,18,20)
       Max VN number :  0.71E-01 at (7,26,1)
 
       Time Step    38300   May 17, 2026  10:42:18
       Step Size:  0.100E-01 s, Total Time:  382.90847 s
       Pressure Iterations: 1
       Maximum Velocity Error:  0.98E-03 on Mesh 1 at (24,11,1)
       Maximum Pressure Error:  0.55E+00 on Mesh 1 at (19,14,4)
       ---------------------------------------------------------------
       Mesh    1
       Max CFL number:  0.10E+00 at (23,13,7)
       Max divergence:  0.15E-01 at (20,13,15)
       Min divergence: -0.16E-01 at (23,12,14)
       Max VN number :  0.13E+00 at (21,13,3)
       Mesh    2
       Max CFL number:  0.86E-01 at (4,5,1)
       Max divergence:  0.49E-02 at (10,1,9)
       Min divergence: -0.11E-01 at (17,18,20)
       Max VN number :  0.60E-01 at (24,12,1)
 
       Time Step    38400   May 17, 2026  10:42:32
       Step Size:  0.100E-01 s, Total Time:  383.90847 s
       Pressure Iterations: 1
       Maximum Velocity Error:  0.12E-02 on Mesh 1 at (24,1,1)
       Maximum Pressure Error:  0.10E+01 on Mesh 1 at (20,14,8)
       ---------------------------------------------------------------
       Mesh    1
       Max CFL number:  0.12E+00 at (23,13,9)
       Max divergence:  0.15E-01 at (19,14,6)
       Min divergence: -0.15E-01 at (19,14,7)
       Max VN number :  0.16E+00 at (24,13,8)
       Mesh    2
       Max CFL number:  0.75E-01 at (9,2,1)
       Max divergence:  0.39E-02 at (1,12,4)
       Min divergence: -0.11E-01 at (1,12,6)
       Max VN number :  0.57E-01 at (6,3,1)
 
       Time Step    38500   May 17, 2026  10:42:44
       Step Size:  0.100E-01 s, Total Time:  384.90847 s
       Pressure Iterations: 1
       Maximum Velocity Error:  0.68E-03 on Mesh 2 at (0,11,2)
       Maximum Pressure Error:  0.87E+00 on Mesh 2 at (2,14,1)
       ---------------------------------------------------------------
       Mesh    1
       Max CFL number:  0.11E+00 at (20,12,4)
       Max divergence:  0.16E-01 at (23,13,15)
       Min divergence: -0.24E-01 at (21,12,14)
       Max VN number :  0.16E+00 at (21,13,5)
       Mesh    2
       Max CFL number:  0.83E-01 at (20,13,1)
       Max divergence:  0.73E-02 at (9,1,11)
       Min divergence: -0.12E-01 at (5,13,3)
       Max VN number :  0.68E-01 at (2,12,1)
 
       Time Step    38600   May 17, 2026  10:42:57
       Step Size:  0.100E-01 s, Total Time:  385.90847 s
       Pressure Iterations: 1
       Maximum Velocity Error:  0.14E-02 on Mesh 1 at (24,13,8)
       Maximum Pressure Error:  0.94E+00 on Mesh 1 at (23,13,7)
       ---------------------------------------------------------------
       Mesh    1
       Max CFL number:  0.11E+00 at (20,13,4)
       Max divergence:  0.21E-01 at (23,12,14)
       Min divergence: -0.20E-01 at (19,13,7)
       Max VN number :  0.85E-01 at (24,13,8)
       Mesh    2
       Max CFL number:  0.83E-01 at (4,10,1)
       Max divergence:  0.73E-02 at (10,1,11)
       Min divergence: -0.10E-01 at (1,15,3)
       Max VN number :  0.65E-01 at (1,10,1)
 
       Time Step    38700   May 17, 2026  10:43:12
       Step Size:  0.100E-01 s, Total Time:  386.90847 s
       Pressure Iterations: 1
       Maximum Velocity Error:  0.12E-02 on Mesh 1 at (24,11,2)
       Maximum Pressure Error:  0.60E+00 on Mesh 1 at (19,14,5)
       ---------------------------------------------------------------
       Mesh    1
       Max CFL number:  0.97E-01 at (23,10,3)
       Max divergence:  0.15E-01 at (23,13,15)
       Min divergence: -0.17E-01 at (23,12,14)
       Max VN number :  0.78E-01 at (20,12,1)
       Mesh    2
       Max CFL number:  0.88E-01 at (1,10,3)
       Max divergence:  0.71E-02 at (1,13,4)
       Min divergence: -0.11E-01 at (2,11,2)
       Max VN number :  0.58E-01 at (5,1,10)
 
       Time Step    38800   May 17, 2026  10:43:26
       Step Size:  0.100E-01 s, Total Time:  387.90847 s
       Pressure Iterations: 1
       Maximum Velocity Error:  0.16E-02 on Mesh 1 at (24,12,3)
       Maximum Pressure Error:  0.68E+00 on Mesh 1 at (24,14,2)
       ---------------------------------------------------------------
       Mesh    1
       Max CFL number:  0.97E-01 at (23,13,10)
       Max divergence:  0.26E-01 at (21,12,14)
       Min divergence: -0.29E-01 at (19,14,5)
       Max VN number :  0.97E-01 at (19,14,5)
       Mesh    2
       Max CFL number:  0.80E-01 at (1,12,2)
       Max divergence:  0.80E-02 at (7,1,10)
       Min divergence: -0.12E-01 at (6,1,10)
       Max VN number :  0.61E-01 at (6,1,10)
 
       Time Step    38900   May 17, 2026  10:43:38
       Step Size:  0.100E-01 s, Total Time:  388.90847 s
       Pressure Iterations: 1
       Maximum Velocity Error:  0.15E-02 on Mesh 2 at (0,11,1)
       Maximum Pressure Error:  0.73E+00 on Mesh 2 at (2,14,4)
       ---------------------------------------------------------------
       Mesh    1
       Max CFL number:  0.11E+00 at (24,12,5)
       Max divergence:  0.15E-01 at (23,12,12)
       Min divergence: -0.25E-01 at (19,14,5)
       Max VN number :  0.10E+00 at (24,13,4)
       Mesh    2
       Max CFL number:  0.10E+00 at (1,13,5)
       Max divergence:  0.86E-02 at (2,13,5)
       Min divergence: -0.14E-01 at (8,1,10)
       Max VN number :  0.12E+00 at (2,13,6)
 
       Time Step    39000   May 17, 2026  10:43:51
       Step Size:  0.100E-01 s, Total Time:  389.90847 s
       Pressure Iterations: 1
       Maximum Velocity Error:  0.13E-02 on Mesh 2 at (0,10,2)
       Maximum Pressure Error:  0.24E+01 on Mesh 1 at (20,14,8)
       ---------------------------------------------------------------
       Mesh    1
       Max CFL number:  0.10E+00 at (19,11,3)
       Max divergence:  0.18E-01 at (20,13,14)
       Min divergence: -0.17E-01 at (20,12,15)
       Max VN number :  0.94E-01 at (23,13,2)
       Mesh    2
       Max CFL number:  0.80E-01 at (1,13,4)
       Max divergence:  0.60E-02 at (1,15,2)
       Min divergence: -0.90E-02 at (2,13,5)
       Max VN number :  0.12E+00 at (2,13,5)
 
       Time Step    39100   May 17, 2026  10:44:06
       Step Size:  0.100E-01 s, Total Time:  390.90847 s
       Pressure Iterations: 1
       Maximum Velocity Error:  0.13E-02 on Mesh 1 at (24,11,2)
       Maximum Pressure Error:  0.11E+01 on Mesh 1 at (20,13,5)
       ---------------------------------------------------------------
       Mesh    1
       Max CFL number:  0.10E+00 at (20,12,3)
       Max divergence:  0.13E-01 at (20,13,15)
       Min divergence: -0.15E-01 at (23,12,11)
       Max VN number :  0.10E+00 at (17,13,2)
       Mesh    2
       Max CFL number:  0.77E-01 at (1,13,3)
       Max divergence:  0.77E-02 at (1,13,3)
       Min divergence: -0.11E-01 at (1,14,3)
       Max VN number :  0.13E+00 at (2,13,4)
 
       Time Step    39200   May 17, 2026  10:44:21
       Step Size:  0.100E-01 s, Total Time:  391.90847 s
       Pressure Iterations: 1
       Maximum Velocity Error:  0.65E-03 on Mesh 1 at (24,5,2)
       Maximum Pressure Error:  0.88E+00 on Mesh 1 at (20,14,5)
       ---------------------------------------------------------------
       Mesh    1
       Max CFL number:  0.11E+00 at (20,11,5)
       Max divergence:  0.13E-01 at (23,13,15)
       Min divergence: -0.16E-01 at (23,12,15)
       Max VN number :  0.78E-01 at (16,13,3)
       Mesh    2
       Max CFL number:  0.72E-01 at (2,4,1)
       Max divergence:  0.39E-02 at (16,17,19)
       Min divergence: -0.78E-02 at (18,18,20)
       Max VN number :  0.67E-01 at (2,13,3)
 
       Time Step    39300   May 17, 2026  10:44:34
       Step Size:  0.100E-01 s, Total Time:  392.90847 s
       Pressure Iterations: 1
       Maximum Velocity Error:  0.82E-03 on Mesh 1 at (24,5,2)
       Maximum Pressure Error:  0.76E+00 on Mesh 1 at (20,14,3)
       ---------------------------------------------------------------
       Mesh    1
       Max CFL number:  0.10E+00 at (20,12,4)
       Max divergence:  0.13E-01 at (22,13,15)
       Min divergence: -0.17E-01 at (24,13,9)
       Max VN number :  0.13E+00 at (21,13,4)
       Mesh    2
       Max CFL number:  0.75E-01 at (2,10,1)
       Max divergence:  0.14E-02 at (3,33,8)
       Min divergence: -0.15E-01 at (17,18,20)
       Max VN number :  0.56E-01 at (18,13,1)
 
       Time Step    39400   May 17, 2026  10:44:46
       Step Size:  0.100E-01 s, Total Time:  393.90847 s
       Pressure Iterations: 1
       Maximum Velocity Error:  0.99E-03 on Mesh 2 at (0,13,10)
       Maximum Pressure Error:  0.63E+00 on Mesh 1 at (24,14,5)
       ---------------------------------------------------------------
       Mesh    1
       Max CFL number:  0.10E+00 at (21,13,9)
       Max divergence:  0.16E-01 at (20,13,7)
       Min divergence: -0.27E-01 at (24,13,4)
       Max VN number :  0.11E+00 at (24,13,4)
       Mesh    2
       Max CFL number:  0.83E-01 at (2,6,1)
       Max divergence:  0.42E-02 at (5,1,10)
       Min divergence: -0.11E-01 at (17,18,20)
       Max VN number :  0.66E-01 at (7,2,1)
 
       Time Step    39500   May 17, 2026  10:44:59
       Step Size:  0.100E-01 s, Total Time:  394.90847 s
       Pressure Iterations: 1
       Maximum Velocity Error:  0.12E-02 on Mesh 1 at (24,13,3)
       Maximum Pressure Error:  0.88E+00 on Mesh 1 at (24,13,1)
       ---------------------------------------------------------------
       Mesh    1
       Max CFL number:  0.11E+00 at (20,13,6)
       Max divergence:  0.16E-01 at (21,13,15)
       Min divergence: -0.19E-01 at (21,12,14)
       Max VN number :  0.11E+00 at (17,13,3)
       Mesh    2
       Max CFL number:  0.93E-01 at (1,13,1)
       Max divergence:  0.71E-02 at (2,13,1)
       Min divergence: -0.14E-01 at (1,13,2)
       Max VN number :  0.15E+00 at (2,13,2)
 
       Time Step    39600   May 17, 2026  10:45:13
       Step Size:  0.100E-01 s, Total Time:  395.90847 s
       Pressure Iterations: 1
       Maximum Velocity Error:  0.12E-02 on Mesh 1 at (24,9,1)
       Maximum Pressure Error:  0.86E+00 on Mesh 1 at (20,14,5)
       ---------------------------------------------------------------
       Mesh    1
       Max CFL number:  0.99E-01 at (20,13,6)
       Max divergence:  0.17E-01 at (23,13,5)
       Min divergence: -0.24E-01 at (24,13,5)
       Max VN number :  0.12E+00 at (24,13,5)
       Mesh    2
       Max CFL number:  0.80E-01 at (3,7,1)
       Max divergence:  0.14E-01 at (1,14,4)
       Min divergence: -0.82E-02 at (1,11,4)
       Max VN number :  0.80E-01 at (2,13,5)
 
       Time Step    39700   May 17, 2026  10:45:26
       Step Size:  0.100E-01 s, Total Time:  396.90847 s
       Pressure Iterations: 1
       Maximum Velocity Error:  0.16E-02 on Mesh 1 at (24,10,2)
       Maximum Pressure Error:  0.12E+01 on Mesh 1 at (24,13,1)
       ---------------------------------------------------------------
       Mesh    1
       Max CFL number:  0.10E+00 at (20,13,6)
       Max divergence:  0.20E-01 at (20,12,14)
       Min divergence: -0.18E-01 at (20,12,15)
       Max VN number :  0.86E-01 at (24,13,4)
       Mesh    2
       Max CFL number:  0.98E-01 at (1,13,1)
       Max divergence:  0.56E-02 at (2,12,2)
       Min divergence: -0.13E-01 at (4,12,2)
       Max VN number :  0.80E-01 at (1,10,1)
 
       Time Step    39800   May 17, 2026  10:45:39
       Step Size:  0.100E-01 s, Total Time:  397.90847 s
       Pressure Iterations: 1
       Maximum Velocity Error:  0.12E-02 on Mesh 1 at (24,10,1)
       Maximum Pressure Error:  0.67E+00 on Mesh 1 at (24,14,6)
       ---------------------------------------------------------------
       Mesh    1
       Max CFL number:  0.96E-01 at (23,11,4)
       Max divergence:  0.17E-01 at (21,12,14)
       Min divergence: -0.18E-01 at (21,12,15)
       Max VN number :  0.11E+00 at (18,13,2)
       Mesh    2
       Max CFL number:  0.84E-01 at (4,7,1)
       Max divergence:  0.10E-01 at (1,13,12)
       Min divergence: -0.11E-01 at (1,13,2)
       Max VN number :  0.92E-01 at (1,14,2)
 
       Time Step    39900   May 17, 2026  10:45:52
       Step Size:  0.100E-01 s, Total Time:  398.90847 s
       Pressure Iterations: 1
       Maximum Velocity Error:  0.12E-02 on Mesh 1 at (24,13,5)
       Maximum Pressure Error:  0.11E+01 on Mesh 1 at (21,13,8)
       ---------------------------------------------------------------
       Mesh    1
       Max CFL number:  0.98E-01 at (21,13,8)
       Max divergence:  0.14E-01 at (22,13,15)
       Min divergence: -0.17E-01 at (24,13,11)
       Max VN number :  0.12E+00 at (18,13,2)
       Mesh    2
       Max CFL number:  0.81E-01 at (1,13,5)
       Max divergence:  0.11E-01 at (1,13,5)
       Min divergence: -0.10E-01 at (2,13,2)
       Max VN number :  0.68E-01 at (15,1,7)
 
       Time Step    40000   May 17, 2026  10:46:06
       Step Size:  0.100E-01 s, Total Time:  399.90847 s
       Pressure Iterations: 1
       Maximum Velocity Error:  0.10E-02 on Mesh 1 at (22,13,1)
       Maximum Pressure Error:  0.20E+01 on Mesh 1 at (22,14,1)
       ---------------------------------------------------------------
       Mesh    1
       Max CFL number:  0.11E+00 at (22,13,1)
       Max divergence:  0.13E-01 at (23,13,10)
       Min divergence: -0.18E-01 at (24,13,10)
       Max VN number :  0.97E-01 at (22,13,7)
       Mesh    2
       Max CFL number:  0.81E-01 at (1,11,5)
       Max divergence:  0.25E-02 at (2,12,3)
       Min divergence: -0.75E-02 at (17,15,20)
       Max VN number :  0.62E-01 at (17,1,8)
 
       Time Step    40100   May 17, 2026  10:46:20
       Step Size:  0.100E-01 s, Total Time:  400.90847 s
       Pressure Iterations: 1
       Maximum Velocity Error:  0.85E-03 on Mesh 1 at (24,12,6)
       Maximum Pressure Error:  0.59E+00 on Mesh 1 at (23,14,1)
       ---------------------------------------------------------------
       Mesh    1
       Max CFL number:  0.97E-01 at (23,12,8)
       Max divergence:  0.20E-01 at (20,13,15)
       Min divergence: -0.18E-01 at (20,13,16)
       Max VN number :  0.10E+00 at (20,13,2)
       Mesh    2
       Max CFL number:  0.74E-01 at (9,1,4)
       Max divergence:  0.55E-02 at (1,12,5)
       Min divergence: -0.76E-02 at (1,9,4)
       Max VN number :  0.60E-01 at (1,10,1)
 
       Time Step    40200   May 17, 2026  10:46:33
       Step Size:  0.100E-01 s, Total Time:  401.90847 s
       Pressure Iterations: 1
       Maximum Velocity Error:  0.13E-02 on Mesh 1 at (24,7,1)
       Maximum Pressure Error:  0.50E+00 on Mesh 1 at (20,14,2)
       ---------------------------------------------------------------
       Mesh    1
       Max CFL number:  0.11E+00 at (22,12,5)
       Max divergence:  0.19E-01 at (20,12,13)
       Min divergence: -0.16E-01 at (21,12,15)
       Max VN number :  0.10E+00 at (22,13,4)
       Mesh    2
       Max CFL number:  0.70E-01 at (12,1,2)
       Max divergence:  0.45E-02 at (7,12,3)
       Min divergence: -0.90E-02 at (16,16,20)
       Max VN number :  0.50E-01 at (13,2,1)
 
       Time Step    40300   May 17, 2026  10:46:46
       Step Size:  0.100E-01 s, Total Time:  402.90847 s
       Pressure Iterations: 1
       Maximum Velocity Error:  0.82E-03 on Mesh 1 at (24,12,1)
       Maximum Pressure Error:  0.82E+00 on Mesh 1 at (21,13,6)
       ---------------------------------------------------------------
       Mesh    1
       Max CFL number:  0.92E-01 at (22,11,2)
       Max divergence:  0.21E-01 at (23,13,13)
       Min divergence: -0.24E-01 at (24,13,13)
       Max VN number :  0.10E+00 at (18,13,2)
       Mesh    2
       Max CFL number:  0.74E-01 at (2,6,1)
       Max divergence:  0.50E-02 at (5,13,2)
       Min divergence: -0.79E-02 at (1,13,11)
       Max VN number :  0.56E-01 at (5,13,3)
 
       Time Step    40400   May 17, 2026  10:46:59
       Step Size:  0.100E-01 s, Total Time:  403.90847 s
       Pressure Iterations: 1
       Maximum Velocity Error:  0.10E-02 on Mesh 1 at (24,11,2)
       Maximum Pressure Error:  0.77E+00 on Mesh 2 at (2,14,3)
       ---------------------------------------------------------------
       Mesh    1
       Max CFL number:  0.92E-01 at (20,13,4)
       Max divergence:  0.17E-01 at (22,12,14)
       Min divergence: -0.13E-01 at (18,13,3)
       Max VN number :  0.12E+00 at (18,13,2)
       Mesh    2
       Max CFL number:  0.94E-01 at (1,12,1)
       Max divergence:  0.86E-02 at (3,13,3)
       Min divergence: -0.12E-01 at (2,13,4)
       Max VN number :  0.89E-01 at (2,13,2)
 
       Time Step    40500   May 17, 2026  10:47:12
       Step Size:  0.100E-01 s, Total Time:  404.90847 s
       Pressure Iterations: 1
       Maximum Velocity Error:  0.80E-03 on Mesh 1 at (24,11,1)
       Maximum Pressure Error:  0.13E+01 on Mesh 1 at (20,14,3)
       ---------------------------------------------------------------
       Mesh    1
       Max CFL number:  0.10E+00 at (20,13,4)
       Max divergence:  0.12E-01 at (19,13,4)
       Min divergence: -0.13E-01 at (18,13,2)
       Max VN number :  0.11E+00 at (18,13,2)
       Mesh    2
       Max CFL number:  0.80E-01 at (5,13,1)
       Max divergence:  0.44E-02 at (2,13,1)
       Min divergence: -0.10E-01 at (2,13,3)
       Max VN number :  0.59E-01 at (24,11,1)
 
       Time Step    40600   May 17, 2026  10:47:25
       Step Size:  0.100E-01 s, Total Time:  405.90847 s
       Pressure Iterations: 1
       Maximum Velocity Error:  0.82E-03 on Mesh 1 at (24,8,1)
       Maximum Pressure Error:  0.59E+00 on Mesh 1 at (19,15,4)
       ---------------------------------------------------------------
       Mesh    1
       Max CFL number:  0.10E+00 at (23,12,3)
       Max divergence:  0.12E-01 at (19,13,4)
       Min divergence: -0.16E-01 at (19,14,4)
       Max VN number :  0.11E+00 at (18,13,4)
       Mesh    2
       Max CFL number:  0.76E-01 at (2,8,1)
       Max divergence:  0.38E-02 at (17,15,19)
       Min divergence: -0.92E-02 at (16,16,20)
       Max VN number :  0.63E-01 at (3,2,1)
 
       Time Step    40700   May 17, 2026  10:47:37
       Step Size:  0.100E-01 s, Total Time:  406.90847 s
       Pressure Iterations: 1
       Maximum Velocity Error:  0.14E-02 on Mesh 1 at (24,12,8)
       Maximum Pressure Error:  0.99E+00 on Mesh 1 at (23,13,7)
       ---------------------------------------------------------------
       Mesh    1
       Max CFL number:  0.11E+00 at (20,13,6)
       Max divergence:  0.11E-01 at (19,1,9)
       Min divergence: -0.12E-01 at (19,14,6)
       Max VN number :  0.76E-01 at (19,14,6)
       Mesh    2
       Max CFL number:  0.82E-01 at (1,9,1)
       Max divergence:  0.71E-02 at (2,13,1)
       Min divergence: -0.83E-02 at (1,13,3)
       Max VN number :  0.70E-01 at (2,13,2)
 
       Time Step    40800   May 17, 2026  10:47:50
       Step Size:  0.100E-01 s, Total Time:  407.90847 s
       Pressure Iterations: 1
       Maximum Velocity Error:  0.11E-02 on Mesh 1 at (24,12,6)
       Maximum Pressure Error:  0.24E+01 on Mesh 1 at (20,14,4)
       ---------------------------------------------------------------
       Mesh    1
       Max CFL number:  0.10E+00 at (20,13,5)
       Max divergence:  0.12E-01 at (23,13,13)
       Min divergence: -0.13E-01 at (24,13,13)
       Max VN number :  0.12E+00 at (19,14,5)
       Mesh    2
       Max CFL number:  0.70E-01 at (3,8,1)
       Max divergence:  0.43E-02 at (1,13,6)
       Min divergence: -0.76E-02 at (1,13,5)
       Max VN number :  0.54E-01 at (21,13,1)
 
       Time Step    40900   May 17, 2026  10:48:02
       Step Size:  0.100E-01 s, Total Time:  408.90847 s
       Pressure Iterations: 1
       Maximum Velocity Error:  0.11E-02 on Mesh 1 at (24,10,1)
       Maximum Pressure Error:  0.81E+00 on Mesh 1 at (20,14,1)
       ---------------------------------------------------------------
       Mesh    1
       Max CFL number:  0.10E+00 at (23,13,4)
       Max divergence:  0.14E-01 at (20,12,11)
       Min divergence: -0.21E-01 at (24,13,12)
       Max VN number :  0.93E-01 at (18,13,3)
       Mesh    2
       Max CFL number:  0.77E-01 at (1,11,2)
       Max divergence:  0.52E-02 at (3,1,9)
       Min divergence: -0.79E-02 at (1,13,4)
       Max VN number :  0.11E+00 at (2,13,4)
 
       Time Step    41000   May 17, 2026  10:48:15
       Step Size:  0.100E-01 s, Total Time:  409.90847 s
       Pressure Iterations: 1
       Maximum Velocity Error:  0.15E-02 on Mesh 1 at (24,13,1)
       Maximum Pressure Error:  0.86E+00 on Mesh 1 at (24,13,1)
       ---------------------------------------------------------------
       Mesh    1
       Max CFL number:  0.10E+00 at (20,12,4)
       Max divergence:  0.12E-01 at (20,13,15)
       Min divergence: -0.13E-01 at (21,12,15)
       Max VN number :  0.11E+00 at (18,13,2)
       Mesh    2
       Max CFL number:  0.89E-01 at (2,13,1)
       Max divergence:  0.96E-02 at (4,13,3)
       Min divergence: -0.14E-01 at (2,13,2)
       Max VN number :  0.13E+00 at (3,13,2)
 
       Time Step    41100   May 17, 2026  10:48:27
       Step Size:  0.100E-01 s, Total Time:  410.90847 s
       Pressure Iterations: 1
       Maximum Velocity Error:  0.10E-02 on Mesh 1 at (24,2,1)
       Maximum Pressure Error:  0.73E+00 on Mesh 1 at (20,14,3)
       ---------------------------------------------------------------
       Mesh    1
       Max CFL number:  0.96E-01 at (20,10,1)
       Max divergence:  0.12E-01 at (20,13,15)
       Min divergence: -0.13E-01 at (24,13,8)
       Max VN number :  0.12E+00 at (24,13,3)
       Mesh    2
       Max CFL number:  0.84E-01 at (4,8,1)
       Max divergence:  0.33E-02 at (8,1,9)
       Min divergence: -0.94E-02 at (1,14,2)
       Max VN number :  0.70E-01 at (3,13,3)
 
       Time Step    41200   May 17, 2026  10:48:43
       Step Size:  0.100E-01 s, Total Time:  411.90847 s
       Pressure Iterations: 1
       Maximum Velocity Error:  0.82E-03 on Mesh 1 at (24,13,2)
       Maximum Pressure Error:  0.50E+00 on Mesh 1 at (22,13,2)
       ---------------------------------------------------------------
       Mesh    1
       Max CFL number:  0.92E-01 at (21,13,7)
       Max divergence:  0.15E-01 at (20,13,14)
       Min divergence: -0.14E-01 at (21,12,13)
       Max VN number :  0.61E-01 at (19,14,8)
       Mesh    2
       Max CFL number:  0.75E-01 at (1,13,3)
       Max divergence:  0.40E-02 at (1,14,3)
       Min divergence: -0.78E-02 at (1,13,4)
       Max VN number :  0.63E-01 at (1,5,1)
 
       Time Step    41300   May 17, 2026  10:48:57
       Step Size:  0.100E-01 s, Total Time:  412.90847 s
       Pressure Iterations: 1
       Maximum Velocity Error:  0.27E-02 on Mesh 1 at (24,11,1)
       Maximum Pressure Error:  0.94E+00 on Mesh 1 at (20,14,3)
       ---------------------------------------------------------------
       Mesh    1
       Max CFL number:  0.11E+00 at (20,13,4)
       Max divergence:  0.14E-01 at (20,13,13)
       Min divergence: -0.11E-01 at (11,1,10)
       Max VN number :  0.99E-01 at (18,13,5)
       Mesh    2
       Max CFL number:  0.72E-01 at (1,13,1)
       Max divergence:  0.50E-02 at (14,1,9)
       Min divergence: -0.10E-01 at (1,13,2)
       Max VN number :  0.66E-01 at (13,1,9)
 
       Time Step    41400   May 17, 2026  10:49:12
       Step Size:  0.100E-01 s, Total Time:  413.90847 s
       Pressure Iterations: 1
       Maximum Velocity Error:  0.12E-02 on Mesh 1 at (24,7,2)
       Maximum Pressure Error:  0.62E+00 on Mesh 2 at (2,14,3)
       ---------------------------------------------------------------
       Mesh    1
       Max CFL number:  0.10E+00 at (23,11,3)
       Max divergence:  0.12E-01 at (19,14,7)
       Min divergence: -0.11E-01 at (21,12,14)
       Max VN number :  0.13E+00 at (23,13,2)
       Mesh    2
       Max CFL number:  0.10E+00 at (2,7,1)
       Max divergence:  0.62E-02 at (1,13,3)
       Min divergence: -0.11E-01 at (1,14,2)
       Max VN number :  0.81E-01 at (3,10,1)
 
       Time Step    41500   May 17, 2026  10:49:26
       Step Size:  0.100E-01 s, Total Time:  414.90847 s
       Pressure Iterations: 1
       Maximum Velocity Error:  0.12E-02 on Mesh 1 at (24,4,1)
       Maximum Pressure Error:  0.73E+00 on Mesh 1 at (20,14,2)
       ---------------------------------------------------------------
       Mesh    1
       Max CFL number:  0.95E-01 at (20,12,2)
       Max divergence:  0.12E-01 at (23,13,6)
       Min divergence: -0.21E-01 at (24,13,6)
       Max VN number :  0.10E+00 at (17,13,2)
       Mesh    2
       Max CFL number:  0.99E-01 at (1,2,1)
       Max divergence:  0.57E-02 at (4,1,9)
       Min divergence: -0.12E-01 at (2,13,3)
       Max VN number :  0.12E+00 at (2,13,3)
 
       Time Step    41600   May 17, 2026  10:49:41
       Step Size:  0.100E-01 s, Total Time:  415.90847 s
       Pressure Iterations: 1
       Maximum Velocity Error:  0.85E-03 on Mesh 2 at (0,9,1)
       Maximum Pressure Error:  0.10E+01 on Mesh 1 at (23,13,5)
       ---------------------------------------------------------------
       Mesh    1
       Max CFL number:  0.11E+00 at (23,13,6)
       Max divergence:  0.15E-01 at (20,13,15)
       Min divergence: -0.12E-01 at (18,13,2)
       Max VN number :  0.73E-01 at (23,13,2)
       Mesh    2
       Max CFL number:  0.75E-01 at (5,1,1)
       Max divergence:  0.49E-02 at (6,1,10)
       Min divergence: -0.55E-02 at (6,1,11)
       Max VN number :  0.53E-01 at (4,13,3)
 
       Time Step    41700   May 17, 2026  10:49:53
       Step Size:  0.100E-01 s, Total Time:  416.90847 s
       Pressure Iterations: 1
       Maximum Velocity Error:  0.92E-03 on Mesh 2 at (0,11,1)
       Maximum Pressure Error:  0.14E+01 on Mesh 1 at (20,14,8)
       ---------------------------------------------------------------
       Mesh    1
       Max CFL number:  0.12E+00 at (21,13,8)
       Max divergence:  0.11E-01 at (23,13,13)
       Min divergence: -0.85E-02 at (20,12,14)
       Max VN number :  0.10E+00 at (22,13,2)
       Mesh    2
       Max CFL number:  0.96E-01 at (1,13,1)
       Max divergence:  0.83E-02 at (9,1,10)
       Min divergence: -0.16E-01 at (1,13,2)
       Max VN number :  0.10E+00 at (2,13,2)
 
       Time Step    41800   May 17, 2026  10:50:06
       Step Size:  0.100E-01 s, Total Time:  417.90847 s
       Pressure Iterations: 1
       Maximum Velocity Error:  0.80E-03 on Mesh 1 at (24,12,3)
       Maximum Pressure Error:  0.78E+00 on Mesh 1 at (21,13,11)
       ---------------------------------------------------------------
       Mesh    1
       Max CFL number:  0.11E+00 at (21,13,11)
       Max divergence:  0.15E-01 at (19,13,11)
       Min divergence: -0.84E-02 at (22,11,11)
       Max VN number :  0.95E-01 at (23,13,2)
       Mesh    2
       Max CFL number:  0.75E-01 at (5,13,1)
       Max divergence:  0.40E-02 at (1,13,10)
       Min divergence: -0.57E-02 at (1,13,9)
       Max VN number :  0.64E-01 at (1,14,2)
 
       Time Step    41900   May 17, 2026  10:50:19
       Step Size:  0.100E-01 s, Total Time:  418.90847 s
       Pressure Iterations: 1
       Maximum Velocity Error:  0.11E-02 on Mesh 1 at (24,10,1)
       Maximum Pressure Error:  0.48E+00 on Mesh 1 at (23,13,4)
       ---------------------------------------------------------------
       Mesh    1
       Max CFL number:  0.86E-01 at (23,13,3)
       Max divergence:  0.15E-01 at (20,13,12)
       Min divergence: -0.13E-01 at (24,13,10)
       Max VN number :  0.93E-01 at (21,2,1)
       Mesh    2
       Max CFL number:  0.70E-01 at (1,9,1)
       Max divergence:  0.36E-02 at (16,16,19)
       Min divergence: -0.88E-02 at (1,13,3)
       Max VN number :  0.51E-01 at (18,8,1)
 
       Time Step    42000   May 17, 2026  10:50:33
       Step Size:  0.100E-01 s, Total Time:  419.90847 s
       Pressure Iterations: 1
       Maximum Velocity Error:  0.72E-03 on Mesh 1 at (24,11,1)
       Maximum Pressure Error:  0.39E+00 on Mesh 2 at (2,14,1)
       ---------------------------------------------------------------
       Mesh    1
       Max CFL number:  0.83E-01 at (23,12,4)
       Max divergence:  0.13E-01 at (21,13,15)
       Min divergence: -0.11E-01 at (24,13,5)
       Max VN number :  0.73E-01 at (21,2,1)
       Mesh    2
       Max CFL number:  0.76E-01 at (1,12,1)
       Max divergence:  0.42E-02 at (2,13,1)
       Min divergence: -0.69E-02 at (16,18,20)
       Max VN number :  0.10E+00 at (2,13,2)
 
       Time Step    42100   May 17, 2026  10:50:46
       Step Size:  0.100E-01 s, Total Time:  420.90847 s
       Pressure Iterations: 1
       Maximum Velocity Error:  0.53E-03 on Mesh 1 at (24,13,1)
       Maximum Pressure Error:  0.43E+00 on Mesh 1 at (23,13,8)
       ---------------------------------------------------------------
       Mesh    1
       Max CFL number:  0.90E-01 at (20,12,6)
       Max divergence:  0.13E-01 at (23,13,7)
       Min divergence: -0.21E-01 at (24,13,7)
       Max VN number :  0.84E-01 at (24,13,7)
       Mesh    2
       Max CFL number:  0.65E-01 at (4,13,1)
       Max divergence:  0.47E-02 at (16,16,19)
       Min divergence: -0.78E-02 at (17,18,20)
       Max VN number :  0.58E-01 at (22,11,1)
 
       Time Step    42200   May 17, 2026  10:51:00
       Step Size:  0.100E-01 s, Total Time:  421.90847 s
       Pressure Iterations: 1
       Maximum Velocity Error:  0.75E-03 on Mesh 1 at (24,6,1)
       Maximum Pressure Error:  0.57E+00 on Mesh 1 at (20,14,3)
       ---------------------------------------------------------------
       Mesh    1
       Max CFL number:  0.88E-01 at (22,13,8)
       Max divergence:  0.13E-01 at (21,12,12)
       Min divergence: -0.16E-01 at (24,13,6)
       Max VN number :  0.89E-01 at (18,13,2)
       Mesh    2
       Max CFL number:  0.70E-01 at (1,11,1)
       Max divergence:  0.47E-02 at (1,14,1)
       Min divergence: -0.80E-02 at (1,13,2)
       Max VN number :  0.63E-01 at (1,14,2)
 
       Time Step    42300   May 17, 2026  10:51:22
       Step Size:  0.100E-01 s, Total Time:  422.90847 s
       Pressure Iterations: 1
       Maximum Velocity Error:  0.46E-03 on Mesh 1 at (24,8,1)
       Maximum Pressure Error:  0.75E+00 on Mesh 1 at (22,13,7)
       ---------------------------------------------------------------
       Mesh    1
       Max CFL number:  0.94E-01 at (21,13,7)
       Max divergence:  0.10E-01 at (23,13,15)
       Min divergence: -0.93E-02 at (21,12,15)
       Max VN number :  0.60E-01 at (18,13,2)
       Mesh    2
       Max CFL number:  0.77E-01 at (2,9,1)
       Max divergence:  0.60E-02 at (9,1,10)
       Min divergence: -0.77E-02 at (17,18,20)
       Max VN number :  0.63E-01 at (9,1,9)
 
       Time Step    42400   May 17, 2026  10:52:02
       Step Size:  0.100E-01 s, Total Time:  423.90847 s
       Pressure Iterations: 1
       Maximum Velocity Error:  0.38E-03 on Mesh 1 at (24,6,1)
       Maximum Pressure Error:  0.56E+00 on Mesh 1 at (20,14,9)
       ---------------------------------------------------------------
       Mesh    1
       Max CFL number:  0.87E-01 at (21,13,8)
       Max divergence:  0.14E-01 at (20,13,9)
       Min divergence: -0.12E-01 at (21,12,15)
       Max VN number :  0.10E+00 at (18,13,3)
       Mesh    2
       Max CFL number:  0.78E-01 at (1,11,1)
       Max divergence:  0.64E-02 at (11,1,10)
       Min divergence: -0.75E-02 at (17,18,20)
       Max VN number :  0.58E-01 at (24,9,1)
 
       Time Step    42500   May 17, 2026  10:52:25
       Step Size:  0.100E-01 s, Total Time:  424.90847 s
       Pressure Iterations: 1
       Maximum Velocity Error:  0.41E-03 on Mesh 1 at (24,2,1)
       Maximum Pressure Error:  0.52E+00 on Mesh 1 at (23,13,4)
       ---------------------------------------------------------------
       Mesh    1
       Max CFL number:  0.80E-01 at (23,12,4)
       Max divergence:  0.12E-01 at (22,13,15)
       Min divergence: -0.99E-02 at (24,13,10)
       Max VN number :  0.61E-01 at (5,3,1)
       Mesh    2
       Max CFL number:  0.65E-01 at (3,8,1)
       Max divergence:  0.49E-02 at (5,1,8)
       Min divergence: -0.66E-02 at (2,13,2)
       Max VN number :  0.55E-01 at (1,14,2)
 
       Time Step    42600   May 17, 2026  10:52:48
       Step Size:  0.100E-01 s, Total Time:  425.90847 s
       Pressure Iterations: 1
       Maximum Velocity Error:  0.74E-03 on Mesh 1 at (24,12,2)
       Maximum Pressure Error:  0.21E+01 on Mesh 1 at (20,14,3)
       ---------------------------------------------------------------
       Mesh    1
       Max CFL number:  0.90E-01 at (22,13,8)
       Max divergence:  0.11E-01 at (24,13,11)
       Min divergence: -0.12E-01 at (21,12,13)
       Max VN number :  0.10E+00 at (24,13,2)
       Mesh    2
       Max CFL number:  0.64E-01 at (12,2,1)
       Max divergence:  0.25E-02 at (8,1,8)
       Min divergence: -0.96E-02 at (1,13,2)
       Max VN number :  0.44E-01 at (10,2,1)
 
       Time Step    42700   May 17, 2026  10:53:02
       Step Size:  0.100E-01 s, Total Time:  426.90847 s
       Pressure Iterations: 1
       Maximum Velocity Error:  0.54E-03 on Mesh 1 at (24,10,1)
       Maximum Pressure Error:  0.75E+00 on Mesh 1 at (22,13,10)
       ---------------------------------------------------------------
       Mesh    1
       Max CFL number:  0.99E-01 at (20,12,1)
       Max divergence:  0.14E-01 at (21,12,14)
       Min divergence: -0.81E-02 at (23,12,11)
       Max VN number :  0.68E-01 at (22,13,3)
       Mesh    2
       Max CFL number:  0.63E-01 at (1,8,1)
       Max divergence:  0.45E-02 at (1,13,8)
       Min divergence: -0.51E-02 at (1,13,7)
       Max VN number :  0.70E-01 at (16,2,1)
 
       Time Step    42800   May 17, 2026  10:53:18
       Step Size:  0.100E-01 s, Total Time:  427.90847 s
       Pressure Iterations: 1
       Maximum Velocity Error:  0.33E-03 on Mesh 1 at (24,13,1)
       Maximum Pressure Error:  0.38E+00 on Mesh 1 at (21,13,9)
       ---------------------------------------------------------------
       Mesh    1
       Max CFL number:  0.80E-01 at (21,13,11)
       Max divergence:  0.12E-01 at (19,14,8)
       Min divergence: -0.79E-02 at (24,13,5)
       Max VN number :  0.69E-01 at (19,14,9)
       Mesh    2
       Max CFL number:  0.73E-01 at (1,10,2)
       Max divergence:  0.49E-02 at (1,14,3)
       Min divergence: -0.70E-02 at (3,12,2)
       Max VN number :  0.58E-01 at (20,13,1)
 
       Time Step    42900   May 17, 2026  10:53:35
       Step Size:  0.100E-01 s, Total Time:  428.90847 s
       Pressure Iterations: 1
       Maximum Velocity Error:  0.61E-03 on Mesh 1 at (24,10,2)
       Maximum Pressure Error:  0.57E+00 on Mesh 1 at (22,13,10)
       ---------------------------------------------------------------
       Mesh    1
       Max CFL number:  0.88E-01 at (20,13,7)
       Max divergence:  0.13E-01 at (19,14,7)
       Min divergence: -0.14E-01 at (21,12,14)
       Max VN number :  0.65E-01 at (19,14,8)
       Mesh    2
       Max CFL number:  0.61E-01 at (3,13,1)
       Max divergence:  0.35E-02 at (1,14,2)
       Min divergence: -0.50E-02 at (4,11,2)
       Max VN number :  0.57E-01 at (1,14,3)
 
       Time Step    43000   May 17, 2026  10:53:49
       Step Size:  0.100E-01 s, Total Time:  429.90847 s
       Pressure Iterations: 1
       Maximum Velocity Error:  0.73E-03 on Mesh 1 at (24,9,1)
       Maximum Pressure Error:  0.65E+00 on Mesh 1 at (23,13,9)
       ---------------------------------------------------------------
       Mesh    1
       Max CFL number:  0.90E-01 at (22,13,8)
       Max divergence:  0.10E-01 at (21,12,15)
       Min divergence: -0.77E-02 at (23,12,14)
       Max VN number :  0.11E+00 at (18,13,2)
       Mesh    2
       Max CFL number:  0.67E-01 at (1,13,1)
       Max divergence:  0.77E-02 at (2,13,2)
       Min divergence: -0.85E-02 at (1,13,3)
       Max VN number :  0.95E-01 at (2,13,3)
 
       Time Step    43100   May 17, 2026  10:54:02
       Step Size:  0.100E-01 s, Total Time:  430.90847 s
       Pressure Iterations: 1
       Maximum Velocity Error:  0.60E-03 on Mesh 1 at (24,7,1)
       Maximum Pressure Error:  0.40E+00 on Mesh 1 at (23,13,3)
       ---------------------------------------------------------------
       Mesh    1
       Max CFL number:  0.92E-01 at (23,12,4)
       Max divergence:  0.12E-01 at (23,13,5)
       Min divergence: -0.19E-01 at (24,13,5)
       Max VN number :  0.10E+00 at (24,13,5)
       Mesh    2
       Max CFL number:  0.71E-01 at (2,6,1)
       Max divergence:  0.96E-02 at (13,1,10)
       Min divergence: -0.52E-02 at (2,12,2)
       Max VN number :  0.74E-01 at (1,14,2)
 
       Time Step    43200   May 17, 2026  10:54:16
       Step Size:  0.100E-01 s, Total Time:  431.90847 s
       Pressure Iterations: 1
       Maximum Velocity Error:  0.63E-03 on Mesh 1 at (24,9,1)
       Maximum Pressure Error:  0.44E+00 on Mesh 1 at (21,13,9)
       ---------------------------------------------------------------
       Mesh    1
       Max CFL number:  0.93E-01 at (22,11,4)
       Max divergence:  0.11E-01 at (23,13,12)
       Min divergence: -0.80E-02 at (23,9,2)
       Max VN number :  0.11E+00 at (21,13,2)
       Mesh    2
       Max CFL number:  0.75E-01 at (1,11,1)
       Max divergence:  0.56E-02 at (2,13,1)
       Min divergence: -0.44E-02 at (3,7,2)
       Max VN number :  0.72E-01 at (2,13,2)
 
       Time Step    43300   May 17, 2026  10:54:30
       Step Size:  0.100E-01 s, Total Time:  432.90847 s
       Pressure Iterations: 1
       Maximum Velocity Error:  0.62E-03 on Mesh 1 at (24,4,1)
       Maximum Pressure Error:  0.47E+00 on Mesh 1 at (20,14,3)
       ---------------------------------------------------------------
       Mesh    1
       Max CFL number:  0.92E-01 at (24,12,4)
       Max divergence:  0.99E-02 at (20,12,7)
       Min divergence: -0.70E-02 at (24,11,5)
       Max VN number :  0.64E-01 at (18,13,2)
       Mesh    2
       Max CFL number:  0.70E-01 at (4,7,1)
       Max divergence:  0.77E-02 at (11,1,9)
       Min divergence: -0.54E-02 at (10,1,9)
       Max VN number :  0.57E-01 at (1,14,2)
 
       Time Step    43400   May 17, 2026  10:54:43
       Step Size:  0.100E-01 s, Total Time:  433.90847 s
       Pressure Iterations: 1
       Maximum Velocity Error:  0.91E-03 on Mesh 1 at (24,10,1)
       Maximum Pressure Error:  0.61E+00 on Mesh 1 at (22,13,2)
       ---------------------------------------------------------------
       Mesh    1
       Max CFL number:  0.86E-01 at (23,11,3)
       Max divergence:  0.65E-02 at (22,12,13)
       Min divergence: -0.67E-02 at (20,12,14)
       Max VN number :  0.78E-01 at (23,13,2)
       Mesh    2
       Max CFL number:  0.74E-01 at (1,9,1)
       Max divergence:  0.48E-02 at (1,14,3)
       Min divergence: -0.70E-02 at (11,1,9)
       Max VN number :  0.58E-01 at (1,14,4)
 
       Time Step    43500   May 17, 2026  10:54:58
       Step Size:  0.100E-01 s, Total Time:  434.90847 s
       Pressure Iterations: 1
       Maximum Velocity Error:  0.14E-02 on Mesh 1 at (24,10,1)
       Maximum Pressure Error:  0.67E+00 on Mesh 2 at (2,14,1)
       ---------------------------------------------------------------
       Mesh    1
       Max CFL number:  0.98E-01 at (24,11,1)
       Max divergence:  0.85E-02 at (23,13,3)
       Min divergence: -0.11E-01 at (24,13,3)
       Max VN number :  0.93E-01 at (24,13,3)
       Mesh    2
       Max CFL number:  0.84E-01 at (1,13,1)
       Max divergence:  0.55E-02 at (1,14,3)
       Min divergence: -0.80E-02 at (1,13,2)
       Max VN number :  0.81E-01 at (1,14,3)
 
       Time Step    43600   May 17, 2026  10:55:10
       Step Size:  0.100E-01 s, Total Time:  435.90847 s
       Pressure Iterations: 1
       Maximum Velocity Error:  0.54E-03 on Mesh 1 at (24,6,2)
       Maximum Pressure Error:  0.53E+00 on Mesh 1 at (21,13,6)
       ---------------------------------------------------------------
       Mesh    1
       Max CFL number:  0.95E-01 at (20,13,7)
       Max divergence:  0.96E-02 at (19,13,14)
       Min divergence: -0.84E-02 at (19,13,4)
       Max VN number :  0.85E-01 at (18,13,2)
       Mesh    2
       Max CFL number:  0.80E-01 at (3,7,1)
       Max divergence:  0.36E-02 at (1,6,2)
       Min divergence: -0.54E-02 at (7,1,9)
       Max VN number :  0.77E-01 at (1,14,2)
 
       Time Step    43700   May 17, 2026  10:55:24
       Step Size:  0.100E-01 s, Total Time:  436.90847 s
       Pressure Iterations: 1
       Maximum Velocity Error:  0.45E-03 on Mesh 1 at (24,10,1)
       Maximum Pressure Error:  0.41E+00 on Mesh 1 at (20,14,3)
       ---------------------------------------------------------------
       Mesh    1
       Max CFL number:  0.95E-01 at (20,11,1)
       Max divergence:  0.92E-02 at (23,13,12)
       Min divergence: -0.75E-02 at (23,12,12)
       Max VN number :  0.48E-01 at (21,2,1)
       Mesh    2
       Max CFL number:  0.80E-01 at (13,13,1)
       Max divergence:  0.63E-02 at (10,1,10)
       Min divergence: -0.80E-02 at (9,1,9)
       Max VN number :  0.77E-01 at (22,9,1)
 
       Time Step    43800   May 17, 2026  10:55:36
       Step Size:  0.100E-01 s, Total Time:  437.90847 s
       Pressure Iterations: 1
       Maximum Velocity Error:  0.40E-03 on Mesh 1 at (24,13,1)
       Maximum Pressure Error:  0.42E+00 on Mesh 1 at (20,14,4)
       ---------------------------------------------------------------
       Mesh    1
       Max CFL number:  0.88E-01 at (22,13,5)
       Max divergence:  0.61E-02 at (23,13,14)
       Min divergence: -0.64E-02 at (23,12,14)
       Max VN number :  0.77E-01 at (20,13,2)
       Mesh    2
       Max CFL number:  0.70E-01 at (15,13,1)
       Max divergence:  0.58E-02 at (5,1,9)
       Min divergence: -0.83E-02 at (3,1,9)
       Max VN number :  0.74E-01 at (4,1,9)
 
       Time Step    43900   May 17, 2026  10:55:50
       Step Size:  0.100E-01 s, Total Time:  438.90847 s
       Pressure Iterations: 1
       Maximum Velocity Error:  0.46E-03 on Mesh 1 at (24,12,1)
       Maximum Pressure Error:  0.38E+00 on Mesh 1 at (21,13,10)
       ---------------------------------------------------------------
       Mesh    1
       Max CFL number:  0.93E-01 at (20,13,6)
       Max divergence:  0.86E-02 at (20,12,10)
       Min divergence: -0.70E-02 at (22,12,12)
       Max VN number :  0.70E-01 at (17,13,4)
       Mesh    2
       Max CFL number:  0.59E-01 at (22,13,1)
       Max divergence:  0.81E-02 at (1,14,2)
       Min divergence: -0.73E-02 at (1,13,3)
       Max VN number :  0.96E-01 at (2,13,3)
 
       Time Step    44000   May 17, 2026  10:56:02
       Step Size:  0.100E-01 s, Total Time:  439.90847 s
       Pressure Iterations: 1
       Maximum Velocity Error:  0.50E-03 on Mesh 1 at (24,1,1)
       Maximum Pressure Error:  0.42E+00 on Mesh 1 at (23,13,2)
       ---------------------------------------------------------------
       Mesh    1
       Max CFL number:  0.10E+00 at (21,13,7)
       Max divergence:  0.72E-02 at (23,13,15)
       Min divergence: -0.92E-02 at (22,12,14)
       Max VN number :  0.77E-01 at (22,13,2)
       Mesh    2
       Max CFL number:  0.66E-01 at (1,8,1)
       Max divergence:  0.87E-02 at (3,13,3)
       Min divergence: -0.69E-02 at (2,13,3)
       Max VN number :  0.94E-01 at (3,13,3)
 
       Time Step    44100   May 17, 2026  10:56:16
       Step Size:  0.100E-01 s, Total Time:  440.90847 s
       Pressure Iterations: 1
       Maximum Velocity Error:  0.62E-03 on Mesh 1 at (24,13,1)
       Maximum Pressure Error:  0.48E+00 on Mesh 1 at (20,13,3)
       ---------------------------------------------------------------
       Mesh    1
       Max CFL number:  0.90E-01 at (20,13,6)
       Max divergence:  0.10E-01 at (23,13,15)
       Min divergence: -0.11E-01 at (21,12,14)
       Max VN number :  0.70E-01 at (17,13,4)
       Mesh    2
       Max CFL number:  0.69E-01 at (1,13,1)
       Max divergence:  0.85E-02 at (12,1,10)
       Min divergence: -0.67E-02 at (1,14,2)
       Max VN number :  0.65E-01 at (5,2,1)
 
       Time Step    44200   May 17, 2026  10:56:29
       Step Size:  0.100E-01 s, Total Time:  441.90847 s
       Pressure Iterations: 1
       Maximum Velocity Error:  0.65E-03 on Mesh 1 at (24,11,1)
       Maximum Pressure Error:  0.68E+00 on Mesh 1 at (18,14,1)
       ---------------------------------------------------------------
       Mesh    1
       Max CFL number:  0.90E-01 at (19,12,3)
       Max divergence:  0.10E-01 at (23,13,15)
       Min divergence: -0.98E-02 at (21,12,14)
       Max VN number :  0.84E-01 at (23,13,3)
       Mesh    2
       Max CFL number:  0.74E-01 at (1,10,1)
       Max divergence:  0.41E-02 at (1,14,1)
       Min divergence: -0.56E-02 at (1,14,2)
       Max VN number :  0.59E-01 at (2,13,2)
 
       Time Step    44300   May 17, 2026  10:56:42
       Step Size:  0.100E-01 s, Total Time:  442.90847 s
       Pressure Iterations: 1
       Maximum Velocity Error:  0.34E-03 on Mesh 1 at (24,11,3)
       Maximum Pressure Error:  0.32E+00 on Mesh 1 at (19,18,1)
       ---------------------------------------------------------------
       Mesh    1
       Max CFL number:  0.80E-01 at (21,12,6)
       Max divergence:  0.91E-02 at (23,13,11)
       Min divergence: -0.74E-02 at (19,14,2)
       Max VN number :  0.87E-01 at (21,13,4)
       Mesh    2
       Max CFL number:  0.58E-01 at (11,7,1)
       Max divergence:  0.50E-02 at (1,14,3)
       Min divergence: -0.66E-02 at (1,13,2)
       Max VN number :  0.65E-01 at (1,14,4)
 
       Time Step    44400   May 17, 2026  10:56:55
       Step Size:  0.100E-01 s, Total Time:  443.90847 s
       Pressure Iterations: 1
       Maximum Velocity Error:  0.92E-03 on Mesh 1 at (24,12,5)
       Maximum Pressure Error:  0.22E+01 on Mesh 1 at (20,14,4)
       ---------------------------------------------------------------
       Mesh    1
       Max CFL number:  0.99E-01 at (23,13,5)
       Max divergence:  0.86E-02 at (9,1,9)
       Min divergence: -0.90E-02 at (18,13,6)
       Max VN number :  0.72E-01 at (17,13,3)
       Mesh    2
       Max CFL number:  0.59E-01 at (17,7,1)
       Max divergence:  0.41E-02 at (8,1,11)
       Min divergence: -0.77E-02 at (1,13,2)
       Max VN number :  0.54E-01 at (9,24,1)
 
       Time Step    44500   May 17, 2026  10:57:08
       Step Size:  0.100E-01 s, Total Time:  444.90847 s
       Pressure Iterations: 1
       Maximum Velocity Error:  0.88E-03 on Mesh 1 at (24,12,1)
       Maximum Pressure Error:  0.11E+01 on Mesh 1 at (23,13,4)
       ---------------------------------------------------------------
       Mesh    1
       Max CFL number:  0.11E+00 at (23,13,4)
       Max divergence:  0.11E-01 at (23,13,13)
       Min divergence: -0.70E-02 at (19,14,4)
       Max VN number :  0.70E-01 at (19,14,3)
       Mesh    2
       Max CFL number:  0.66E-01 at (4,13,1)
       Max divergence:  0.43E-02 at (1,14,4)
       Min divergence: -0.58E-02 at (2,13,2)
       Max VN number :  0.51E-01 at (19,8,1)
 
       Time Step    44600   May 17, 2026  10:57:21
       Step Size:  0.100E-01 s, Total Time:  445.90847 s
       Pressure Iterations: 1
       Maximum Velocity Error:  0.10E-02 on Mesh 1 at (24,9,2)
       Maximum Pressure Error:  0.53E+00 on Mesh 1 at (24,14,8)
       ---------------------------------------------------------------
       Mesh    1
       Max CFL number:  0.87E-01 at (24,13,7)
       Max divergence:  0.82E-02 at (20,13,15)
       Min divergence: -0.67E-02 at (20,12,8)
       Max VN number :  0.71E-01 at (22,12,1)
       Mesh    2
       Max CFL number:  0.95E-01 at (1,10,1)
       Max divergence:  0.52E-02 at (15,1,9)
       Min divergence: -0.43E-02 at (4,11,2)
       Max VN number :  0.68E-01 at (1,9,1)
 
       Time Step    44700   May 17, 2026  10:57:34
       Step Size:  0.100E-01 s, Total Time:  446.90847 s
       Pressure Iterations: 1
       Maximum Velocity Error:  0.61E-03 on Mesh 1 at (24,13,3)
       Maximum Pressure Error:  0.64E+00 on Mesh 1 at (20,14,1)
       ---------------------------------------------------------------
       Mesh    1
       Max CFL number:  0.11E+00 at (20,13,1)
       Max divergence:  0.98E-02 at (21,10,3)
       Min divergence: -0.81E-02 at (21,12,13)
       Max VN number :  0.63E-01 at (19,14,3)
       Mesh    2
       Max CFL number:  0.77E-01 at (5,7,1)
       Max divergence:  0.28E-02 at (1,20,1)
       Min divergence: -0.60E-02 at (2,13,2)
       Max VN number :  0.75E-01 at (11,12,1)
 
       Time Step    44800   May 17, 2026  10:57:47
       Step Size:  0.100E-01 s, Total Time:  447.90847 s
       Pressure Iterations: 1
       Maximum Velocity Error:  0.32E-03 on Mesh 1 at (24,2,1)
       Maximum Pressure Error:  0.37E+00 on Mesh 1 at (18,14,2)
       ---------------------------------------------------------------
       Mesh    1
       Max CFL number:  0.93E-01 at (20,12,2)
       Max divergence:  0.84E-02 at (21,13,13)
       Min divergence: -0.69E-02 at (18,13,10)
       Max VN number :  0.65E-01 at (16,13,2)
       Mesh    2
       Max CFL number:  0.66E-01 at (10,5,1)
       Max divergence:  0.66E-02 at (1,14,4)
       Min divergence: -0.50E-02 at (16,16,20)
       Max VN number :  0.52E-01 at (1,14,4)
 
       Time Step    44900   May 17, 2026  10:58:00
       Step Size:  0.100E-01 s, Total Time:  448.90847 s
       Pressure Iterations: 1
       Maximum Velocity Error:  0.65E-03 on Mesh 1 at (24,9,2)
       Maximum Pressure Error:  0.35E+00 on Mesh 1 at (20,14,2)
       ---------------------------------------------------------------
       Mesh    1
       Max CFL number:  0.81E-01 at (20,11,1)
       Max divergence:  0.75E-02 at (20,13,14)
       Min divergence: -0.82E-02 at (20,12,14)
       Max VN number :  0.64E-01 at (19,1,5)
       Mesh    2
       Max CFL number:  0.75E-01 at (1,8,1)
       Max divergence:  0.77E-02 at (2,13,1)
       Min divergence: -0.59E-02 at (1,13,2)
       Max VN number :  0.74E-01 at (2,13,2)
 
       Time Step    45000   May 17, 2026  10:58:13
       Step Size:  0.100E-01 s, Total Time:  449.90847 s
       Pressure Iterations: 1
       Maximum Velocity Error:  0.49E-03 on Mesh 1 at (24,7,1)
       Maximum Pressure Error:  0.12E+01 on Mesh 1 at (20,14,5)
       ---------------------------------------------------------------
       Mesh    1
       Max CFL number:  0.10E+00 at (21,13,5)
       Max divergence:  0.75E-02 at (23,13,15)
       Min divergence: -0.64E-02 at (21,12,14)
       Max VN number :  0.53E-01 at (21,13,2)
       Mesh    2
       Max CFL number:  0.68E-01 at (3,4,1)
       Max divergence:  0.39E-02 at (2,13,1)
       Min divergence: -0.47E-02 at (1,13,2)
       Max VN number :  0.55E-01 at (2,13,2)
 
       Time Step    45100   May 17, 2026  10:58:26
       Step Size:  0.100E-01 s, Total Time:  450.90847 s
       Pressure Iterations: 1
       Maximum Velocity Error:  0.58E-03 on Mesh 1 at (24,12,1)
       Maximum Pressure Error:  0.83E+00 on Mesh 1 at (23,14,1)
       ---------------------------------------------------------------
       Mesh    1
       Max CFL number:  0.12E+00 at (21,13,8)
       Max divergence:  0.71E-02 at (20,13,7)
       Min divergence: -0.64E-02 at (19,15,4)
       Max VN number :  0.73E-01 at (18,13,2)
       Mesh    2
       Max CFL number:  0.67E-01 at (6,1,1)
       Max divergence:  0.78E-02 at (5,1,9)
       Min divergence: -0.48E-02 at (1,13,2)
       Max VN number :  0.65E-01 at (2,13,2)
 
       Time Step    45200   May 17, 2026  10:58:39
       Step Size:  0.100E-01 s, Total Time:  451.90847 s
       Pressure Iterations: 1
       Maximum Velocity Error:  0.55E-03 on Mesh 1 at (24,13,2)
       Maximum Pressure Error:  0.55E+00 on Mesh 1 at (23,13,2)
       ---------------------------------------------------------------
       Mesh    1
       Max CFL number:  0.93E-01 at (23,13,3)
       Max divergence:  0.88E-02 at (23,13,11)
       Min divergence: -0.72E-02 at (24,13,11)
       Max VN number :  0.66E-01 at (19,14,8)
       Mesh    2
       Max CFL number:  0.57E-01 at (1,11,1)
       Max divergence:  0.61E-02 at (6,1,10)
       Min divergence: -0.63E-02 at (6,1,9)
       Max VN number :  0.53E-01 at (6,1,9)
 
       Time Step    45300   May 17, 2026  10:58:52
       Step Size:  0.100E-01 s, Total Time:  452.90847 s
       Pressure Iterations: 1
       Maximum Velocity Error:  0.58E-03 on Mesh 1 at (24,12,1)
       Maximum Pressure Error:  0.53E+00 on Mesh 1 at (20,14,4)
       ---------------------------------------------------------------
       Mesh    1
       Max CFL number:  0.77E-01 at (20,13,5)
       Max divergence:  0.10E-01 at (24,13,12)
       Min divergence: -0.70E-02 at (21,12,13)
       Max VN number :  0.60E-01 at (19,14,8)
       Mesh    2
       Max CFL number:  0.62E-01 at (1,8,1)
       Max divergence:  0.43E-02 at (5,1,9)
       Min divergence: -0.45E-02 at (3,1,9)
       Max VN number :  0.48E-01 at (7,1,10)
 
       Time Step    45400   May 17, 2026  10:59:06
       Step Size:  0.100E-01 s, Total Time:  453.90847 s
       Pressure Iterations: 1
       Maximum Velocity Error:  0.97E-03 on Mesh 1 at (24,12,1)
       Maximum Pressure Error:  0.40E+00 on Mesh 1 at (20,14,3)
       ---------------------------------------------------------------
       Mesh    1
       Max CFL number:  0.82E-01 at (20,13,2)
       Max divergence:  0.11E-01 at (20,12,14)
       Min divergence: -0.90E-02 at (21,12,13)
       Max VN number :  0.78E-01 at (19,14,8)
       Mesh    2
       Max CFL number:  0.62E-01 at (1,11,1)
       Max divergence:  0.53E-02 at (14,1,8)
       Min divergence: -0.49E-02 at (1,13,4)
       Max VN number :  0.42E-01 at (9,1,10)
 
       Time Step    45500   May 17, 2026  10:59:18
       Step Size:  0.100E-01 s, Total Time:  454.90847 s
       Pressure Iterations: 1
       Maximum Velocity Error:  0.58E-03 on Mesh 1 at (24,10,1)
       Maximum Pressure Error:  0.41E+00 on Mesh 1 at (22,13,5)
       ---------------------------------------------------------------
       Mesh    1
       Max CFL number:  0.84E-01 at (20,13,6)
       Max divergence:  0.14E-01 at (22,12,13)
       Min divergence: -0.81E-02 at (21,12,9)
       Max VN number :  0.55E-01 at (24,13,5)
       Mesh    2
       Max CFL number:  0.62E-01 at (1,9,1)
       Max divergence:  0.43E-02 at (2,13,5)
       Min divergence: -0.34E-02 at (2,8,2)
       Max VN number :  0.51E-01 at (2,13,6)
 
       Time Step    45600   May 17, 2026  10:59:31
       Step Size:  0.100E-01 s, Total Time:  455.90847 s
       Pressure Iterations: 1
       Maximum Velocity Error:  0.49E-03 on Mesh 1 at (24,7,1)
       Maximum Pressure Error:  0.38E+00 on Mesh 1 at (19,14,3)
       ---------------------------------------------------------------
       Mesh    1
       Max CFL number:  0.91E-01 at (20,13,4)
       Max divergence:  0.85E-02 at (21,13,12)
       Min divergence: -0.69E-02 at (18,13,2)
       Max VN number :  0.62E-01 at (18,13,2)
       Mesh    2
       Max CFL number:  0.57E-01 at (1,6,1)
       Max divergence:  0.36E-02 at (5,1,9)
       Min divergence: -0.24E-02 at (17,18,20)
       Max VN number :  0.43E-01 at (12,12,1)
 
       Time Step    45700   May 17, 2026  10:59:44
       Step Size:  0.100E-01 s, Total Time:  456.90847 s
       Pressure Iterations: 1
       Maximum Velocity Error:  0.10E-02 on Mesh 1 at (24,10,1)
       Maximum Pressure Error:  0.59E+00 on Mesh 1 at (20,14,4)
       ---------------------------------------------------------------
       Mesh    1
       Max CFL number:  0.81E-01 at (23,13,6)
       Max divergence:  0.74E-02 at (19,13,8)
       Min divergence: -0.50E-02 at (21,12,13)
       Max VN number :  0.83E-01 at (19,14,2)
       Mesh    2
       Max CFL number:  0.65E-01 at (1,13,1)
       Max divergence:  0.89E-02 at (2,13,2)
       Min divergence: -0.33E-02 at (1,13,3)
       Max VN number :  0.57E-01 at (1,14,3)
 
       Time Step    45800   May 17, 2026  10:59:57
       Step Size:  0.100E-01 s, Total Time:  457.90847 s
       Pressure Iterations: 1
       Maximum Velocity Error:  0.45E-03 on Mesh 1 at (24,9,1)
       Maximum Pressure Error:  0.57E+00 on Mesh 1 at (19,14,5)
       ---------------------------------------------------------------
       Mesh    1
       Max CFL number:  0.88E-01 at (20,12,1)
       Max divergence:  0.83E-02 at (19,13,13)
       Min divergence: -0.62E-02 at (20,12,11)
       Max VN number :  0.50E-01 at (19,14,8)
       Mesh    2
       Max CFL number:  0.73E-01 at (1,13,1)
       Max divergence:  0.82E-02 at (3,13,3)
       Min divergence: -0.73E-02 at (1,13,2)
       Max VN number :  0.95E-01 at (2,13,2)
 
       Time Step    45900   May 17, 2026  11:00:11
       Step Size:  0.100E-01 s, Total Time:  458.90847 s
       Pressure Iterations: 1
       Maximum Velocity Error:  0.44E-03 on Mesh 1 at (24,11,1)
       Maximum Pressure Error:  0.48E+00 on Mesh 1 at (19,15,2)
       ---------------------------------------------------------------
       Mesh    1
       Max CFL number:  0.89E-01 at (20,13,3)
       Max divergence:  0.11E-01 at (24,13,12)
       Min divergence: -0.12E-01 at (24,13,13)
       Max VN number :  0.99E-01 at (18,13,4)
       Mesh    2
       Max CFL number:  0.66E-01 at (11,13,1)
       Max divergence:  0.67E-02 at (5,1,8)
       Min divergence: -0.44E-02 at (4,1,8)
       Max VN number :  0.60E-01 at (1,14,2)
 
       Time Step    46000   May 17, 2026  11:00:24
       Step Size:  0.100E-01 s, Total Time:  459.90847 s
       Pressure Iterations: 1
       Maximum Velocity Error:  0.30E-03 on Mesh 1 at (24,13,4)
       Maximum Pressure Error:  0.51E+00 on Mesh 1 at (20,14,7)
       ---------------------------------------------------------------
       Mesh    1
       Max CFL number:  0.83E-01 at (23,13,2)
       Max divergence:  0.12E-01 at (19,14,7)
       Min divergence: -0.78E-02 at (24,13,12)
       Max VN number :  0.73E-01 at (19,15,2)
       Mesh    2
       Max CFL number:  0.71E-01 at (1,13,1)
       Max divergence:  0.72E-02 at (7,1,8)
       Min divergence: -0.38E-02 at (6,1,8)
       Max VN number :  0.54E-01 at (1,14,2)
 
       Time Step    46100   May 17, 2026  11:00:37
       Step Size:  0.100E-01 s, Total Time:  460.90847 s
       Pressure Iterations: 1
       Maximum Velocity Error:  0.32E-03 on Mesh 1 at (24,13,1)
       Maximum Pressure Error:  0.40E+00 on Mesh 1 at (20,14,7)
       ---------------------------------------------------------------
       Mesh    1
       Max CFL number:  0.92E-01 at (20,13,3)
       Max divergence:  0.56E-02 at (20,13,15)
       Min divergence: -0.59E-02 at (22,12,12)
       Max VN number :  0.81E-01 at (18,30,1)
       Mesh    2
       Max CFL number:  0.67E-01 at (5,1,1)
       Max divergence:  0.31E-02 at (17,15,19)
       Min divergence: -0.68E-02 at (1,13,2)
       Max VN number :  0.50E-01 at (5,1,2)
 
       Time Step    46200   May 17, 2026  11:00:50
       Step Size:  0.100E-01 s, Total Time:  461.90847 s
       Pressure Iterations: 1
       Maximum Velocity Error:  0.52E-03 on Mesh 2 at (0,9,1)
       Maximum Pressure Error:  0.20E+01 on Mesh 1 at (20,14,7)
       ---------------------------------------------------------------
       Mesh    1
       Max CFL number:  0.84E-01 at (20,10,1)
       Max divergence:  0.65E-02 at (20,13,10)
       Min divergence: -0.54E-02 at (19,14,6)
       Max VN number :  0.45E-01 at (23,13,2)
       Mesh    2
       Max CFL number:  0.59E-01 at (1,9,1)
       Max divergence:  0.50E-02 at (1,13,3)
       Min divergence: -0.57E-02 at (1,12,2)
       Max VN number :  0.57E-01 at (21,14,1)
 
       Time Step    46300   May 17, 2026  11:01:04
       Step Size:  0.100E-01 s, Total Time:  462.90847 s
       Pressure Iterations: 1
       Maximum Velocity Error:  0.34E-03 on Mesh 1 at (24,5,1)
       Maximum Pressure Error:  0.49E+00 on Mesh 1 at (21,13,8)
       ---------------------------------------------------------------
       Mesh    1
       Max CFL number:  0.90E-01 at (22,13,5)
       Max divergence:  0.53E-02 at (23,13,15)
       Min divergence: -0.45E-02 at (8,18,20)
       Max VN number :  0.65E-01 at (19,14,5)
       Mesh    2
       Max CFL number:  0.58E-01 at (1,11,1)
       Max divergence:  0.34E-02 at (17,15,19)
       Min divergence: -0.35E-02 at (1,13,2)
       Max VN number :  0.50E-01 at (5,1,9)
 
       Time Step    46400   May 17, 2026  11:01:17
       Step Size:  0.100E-01 s, Total Time:  463.90847 s
       Pressure Iterations: 1
       Maximum Velocity Error:  0.27E-03 on Mesh 1 at (24,11,4)
       Maximum Pressure Error:  0.34E+00 on Mesh 1 at (23,13,1)
       ---------------------------------------------------------------
       Mesh    1
       Max CFL number:  0.84E-01 at (20,13,5)
       Max divergence:  0.69E-02 at (18,13,2)
       Min divergence: -0.63E-02 at (18,12,3)
       Max VN number :  0.94E-01 at (18,13,3)
       Mesh    2
       Max CFL number:  0.54E-01 at (1,11,1)
       Max divergence:  0.48E-02 at (7,1,10)
       Min divergence: -0.31E-02 at (1,13,2)
       Max VN number :  0.46E-01 at (6,1,10)
 
       Time Step    46500   May 17, 2026  11:01:30
       Step Size:  0.100E-01 s, Total Time:  464.90847 s
       Pressure Iterations: 1
       Maximum Velocity Error:  0.35E-03 on Mesh 1 at (24,12,2)
       Maximum Pressure Error:  0.27E+00 on Mesh 1 at (23,13,6)
       ---------------------------------------------------------------
       Mesh    1
       Max CFL number:  0.81E-01 at (19,13,5)
       Max divergence:  0.70E-02 at (19,13,5)
       Min divergence: -0.70E-02 at (18,13,10)
       Max VN number :  0.84E-01 at (17,13,3)
       Mesh    2
       Max CFL number:  0.53E-01 at (1,13,1)
       Max divergence:  0.43E-02 at (4,1,10)
       Min divergence: -0.31E-02 at (1,10,2)
       Max VN number :  0.49E-01 at (23,12,1)
 
       Time Step    46600   May 17, 2026  11:01:43
       Step Size:  0.100E-01 s, Total Time:  465.90847 s
       Pressure Iterations: 1
       Maximum Velocity Error:  0.48E-03 on Mesh 1 at (24,13,1)
       Maximum Pressure Error:  0.52E+00 on Mesh 1 at (23,14,1)
       ---------------------------------------------------------------
       Mesh    1
       Max CFL number:  0.83E-01 at (20,13,4)
       Max divergence:  0.69E-02 at (23,13,15)
       Min divergence: -0.79E-02 at (18,13,5)
       Max VN number :  0.14E+00 at (21,13,3)
       Mesh    2
       Max CFL number:  0.57E-01 at (1,12,1)
       Max divergence:  0.31E-02 at (14,1,8)
       Min divergence: -0.36E-02 at (1,13,2)
       Max VN number :  0.46E-01 at (13,1,8)
 
       Time Step    46700   May 17, 2026  11:01:56
       Step Size:  0.100E-01 s, Total Time:  466.90847 s
       Pressure Iterations: 1
       Maximum Velocity Error:  0.42E-03 on Mesh 1 at (20,13,3)
       Maximum Pressure Error:  0.86E+00 on Mesh 1 at (20,14,2)
       ---------------------------------------------------------------
       Mesh    1
       Max CFL number:  0.86E-01 at (20,13,4)
       Max divergence:  0.84E-02 at (23,13,12)
       Min divergence: -0.69E-02 at (18,13,4)
       Max VN number :  0.60E-01 at (18,13,4)
       Mesh    2
       Max CFL number:  0.64E-01 at (1,11,1)
       Max divergence:  0.53E-02 at (1,13,3)
       Min divergence: -0.42E-02 at (1,13,2)
       Max VN number :  0.50E-01 at (3,1,8)
 
       Time Step    46800   May 17, 2026  11:02:09
       Step Size:  0.100E-01 s, Total Time:  467.90847 s
       Pressure Iterations: 1
       Maximum Velocity Error:  0.22E-03 on Mesh 1 at (24,7,1)
       Maximum Pressure Error:  0.47E+00 on Mesh 1 at (18,14,2)
       ---------------------------------------------------------------
       Mesh    1
       Max CFL number:  0.80E-01 at (19,12,1)
       Max divergence:  0.90E-02 at (17,13,2)
       Min divergence: -0.11E-01 at (18,13,2)
       Max VN number :  0.83E-01 at (18,13,2)
       Mesh    2
       Max CFL number:  0.58E-01 at (1,10,1)
       Max divergence:  0.47E-02 at (4,1,10)
       Min divergence: -0.28E-02 at (17,18,20)
       Max VN number :  0.50E-01 at (4,1,9)
 
       Time Step    46900   May 17, 2026  11:02:21
       Step Size:  0.100E-01 s, Total Time:  468.90847 s
       Pressure Iterations: 1
       Maximum Velocity Error:  0.17E-03 on Mesh 1 at (24,13,10)
       Maximum Pressure Error:  0.22E+00 on Mesh 1 at (19,18,1)
       ---------------------------------------------------------------
       Mesh    1
       Max CFL number:  0.76E-01 at (20,13,2)
       Max divergence:  0.94E-02 at (23,13,3)
       Min divergence: -0.15E-01 at (24,13,3)
       Max VN number :  0.87E-01 at (24,13,2)
       Mesh    2
       Max CFL number:  0.60E-01 at (1,13,1)
       Max divergence:  0.28E-02 at (19,17,19)
       Min divergence: -0.49E-02 at (1,13,2)
       Max VN number :  0.41E-01 at (6,1,9)
 
       Time Step    47000   May 17, 2026  11:02:34
       Step Size:  0.100E-01 s, Total Time:  469.90847 s
       Pressure Iterations: 1
       Maximum Velocity Error:  0.37E-03 on Mesh 1 at (24,1,1)
       Maximum Pressure Error:  0.26E+00 on Mesh 2 at (2,14,3)
       ---------------------------------------------------------------
       Mesh    1
       Max CFL number:  0.77E-01 at (20,13,3)
       Max divergence:  0.85E-02 at (23,13,12)
       Min divergence: -0.10E-01 at (24,13,12)
       Max VN number :  0.88E-01 at (18,13,2)
       Mesh    2
       Max CFL number:  0.53E-01 at (9,1,1)
       Max divergence:  0.29E-02 at (19,17,19)
       Min divergence: -0.32E-02 at (1,13,2)
       Max VN number :  0.33E-01 at (6,31,1)
 
       Time Step    47100   May 17, 2026  11:02:47
       Step Size:  0.100E-01 s, Total Time:  470.90847 s
       Pressure Iterations: 1
       Maximum Velocity Error:  0.20E-03 on Mesh 1 at (24,13,8)
       Maximum Pressure Error:  0.28E+00 on Mesh 1 at (22,13,3)
       ---------------------------------------------------------------
       Mesh    1
       Max CFL number:  0.72E-01 at (21,12,6)
       Max divergence:  0.58E-02 at (23,13,9)
       Min divergence: -0.47E-02 at (18,13,2)
       Max VN number :  0.54E-01 at (24,13,3)
       Mesh    2
       Max CFL number:  0.50E-01 at (1,10,1)
       Max divergence:  0.28E-02 at (1,13,1)
       Min divergence: -0.43E-02 at (1,12,2)
       Max VN number :  0.34E-01 at (19,6,1)
 
       Time Step    47200   May 17, 2026  11:03:00
       Step Size:  0.100E-01 s, Total Time:  471.90847 s
       Pressure Iterations: 1
       Maximum Velocity Error:  0.34E-03 on Mesh 2 at (0,13,3)
       Maximum Pressure Error:  0.32E+00 on Mesh 1 at (20,14,4)
       ---------------------------------------------------------------
       Mesh    1
       Max CFL number:  0.86E-01 at (20,13,4)
       Max divergence:  0.66E-02 at (18,1,8)
       Min divergence: -0.63E-02 at (24,13,7)
       Max VN number :  0.71E-01 at (18,13,2)
       Mesh    2
       Max CFL number:  0.51E-01 at (1,10,1)
       Max divergence:  0.29E-02 at (1,11,1)
       Min divergence: -0.37E-02 at (1,13,2)
       Max VN number :  0.44E-01 at (16,10,1)
 
       Time Step    47300   May 17, 2026  11:03:12
       Step Size:  0.100E-01 s, Total Time:  472.90847 s
       Pressure Iterations: 1
       Maximum Velocity Error:  0.33E-03 on Mesh 1 at (24,13,1)
       Maximum Pressure Error:  0.27E+00 on Mesh 1 at (24,14,1)
       ---------------------------------------------------------------
       Mesh    1
       Max CFL number:  0.76E-01 at (23,12,3)
       Max divergence:  0.76E-02 at (21,11,3)
       Min divergence: -0.41E-02 at (20,12,11)
       Max VN number :  0.92E-01 at (18,13,2)
       Mesh    2
       Max CFL number:  0.61E-01 at (1,13,1)
       Max divergence:  0.29E-02 at (12,1,7)
       Min divergence: -0.28E-02 at (2,13,2)
       Max VN number :  0.65E-01 at (2,13,4)
 
       Time Step    47400   May 17, 2026  11:03:24
       Step Size:  0.100E-01 s, Total Time:  473.90847 s
       Pressure Iterations: 1
       Maximum Velocity Error:  0.63E-03 on Mesh 1 at (24,13,1)
       Maximum Pressure Error:  0.41E+00 on Mesh 1 at (24,14,1)
       ---------------------------------------------------------------
       Mesh    1
       Max CFL number:  0.80E-01 at (21,13,6)
       Max divergence:  0.86E-02 at (16,1,9)
       Min divergence: -0.44E-02 at (23,12,13)
       Max VN number :  0.83E-01 at (20,13,5)
       Mesh    2
       Max CFL number:  0.62E-01 at (1,10,1)
       Max divergence:  0.43E-02 at (5,1,8)
       Min divergence: -0.29E-02 at (2,13,2)
       Max VN number :  0.51E-01 at (2,13,4)
 
       Time Step    47500   May 17, 2026  11:03:38
       Step Size:  0.100E-01 s, Total Time:  474.90847 s
       Pressure Iterations: 1
       Maximum Velocity Error:  0.34E-03 on Mesh 1 at (24,11,5)
       Maximum Pressure Error:  0.39E+00 on Mesh 1 at (21,13,4)
       ---------------------------------------------------------------
       Mesh    1
       Max CFL number:  0.77E-01 at (22,12,4)
       Max divergence:  0.61E-02 at (24,13,14)
       Min divergence: -0.44E-02 at (24,13,8)
       Max VN number :  0.59E-01 at (19,14,2)
       Mesh    2
       Max CFL number:  0.66E-01 at (1,12,1)
       Max divergence:  0.61E-02 at (7,1,9)
       Min divergence: -0.23E-02 at (7,1,10)
       Max VN number :  0.54E-01 at (2,13,2)
 
       Time Step    47600   May 17, 2026  11:03:50
       Step Size:  0.100E-01 s, Total Time:  475.90847 s
       Pressure Iterations: 1
       Maximum Velocity Error:  0.27E-03 on Mesh 1 at (24,12,1)
       Maximum Pressure Error:  0.32E+00 on Mesh 1 at (23,13,5)
       ---------------------------------------------------------------
       Mesh    1
       Max CFL number:  0.78E-01 at (23,13,6)
       Max divergence:  0.48E-02 at (21,11,3)
       Min divergence: -0.42E-02 at (21,12,13)
       Max VN number :  0.44E-01 at (23,13,4)
       Mesh    2
       Max CFL number:  0.53E-01 at (1,13,1)
       Max divergence:  0.53E-02 at (9,1,10)
       Min divergence: -0.23E-02 at (16,16,20)
       Max VN number :  0.59E-01 at (8,1,10)
 
       Time Step    47700   May 17, 2026  11:04:03
       Step Size:  0.100E-01 s, Total Time:  476.90847 s
       Pressure Iterations: 1
       Maximum Velocity Error:  0.38E-03 on Mesh 1 at (24,13,1)
       Maximum Pressure Error:  0.49E+00 on Mesh 1 at (23,14,1)
       ---------------------------------------------------------------
       Mesh    1
       Max CFL number:  0.86E-01 at (23,13,2)
       Max divergence:  0.10E-01 at (23,13,13)
       Min divergence: -0.54E-02 at (23,12,13)
       Max VN number :  0.90E-01 at (24,13,2)
       Mesh    2
       Max CFL number:  0.56E-01 at (2,13,1)
       Max divergence:  0.48E-02 at (9,1,11)
       Min divergence: -0.30E-02 at (1,13,2)
       Max VN number :  0.43E-01 at (9,1,10)
 
       Time Step    47800   May 17, 2026  11:04:16
       Step Size:  0.100E-01 s, Total Time:  477.90847 s
       Pressure Iterations: 1
       Maximum Velocity Error:  0.29E-03 on Mesh 1 at (24,13,7)
       Maximum Pressure Error:  0.60E+00 on Mesh 1 at (20,14,3)
       ---------------------------------------------------------------
       Mesh    1
       Max CFL number:  0.78E-01 at (20,13,3)
       Max divergence:  0.66E-02 at (23,13,10)
       Min divergence: -0.38E-02 at (24,13,11)
       Max VN number :  0.32E-01 at (18,1,2)
       Mesh    2
       Max CFL number:  0.61E-01 at (1,12,1)
       Max divergence:  0.37E-02 at (11,1,11)
       Min divergence: -0.46E-02 at (1,13,2)
       Max VN number :  0.49E-01 at (3,13,4)
 
       Time Step    47900   May 17, 2026  11:04:28
       Step Size:  0.100E-01 s, Total Time:  478.90847 s
       Pressure Iterations: 1
       Maximum Velocity Error:  0.36E-03 on Mesh 1 at (24,13,4)
       Maximum Pressure Error:  0.32E+00 on Mesh 1 at (23,13,5)
       ---------------------------------------------------------------
       Mesh    1
       Max CFL number:  0.78E-01 at (21,12,2)
       Max divergence:  0.75E-02 at (23,13,8)
       Min divergence: -0.64E-02 at (24,13,9)
       Max VN number :  0.79E-01 at (18,13,2)
       Mesh    2
       Max CFL number:  0.59E-01 at (1,10,1)
       Max divergence:  0.29E-02 at (17,17,19)
       Min divergence: -0.41E-02 at (1,13,2)
       Max VN number :  0.43E-01 at (3,13,4)
 
       Time Step    48000   May 17, 2026  11:04:41
       Step Size:  0.100E-01 s, Total Time:  479.90847 s
       Pressure Iterations: 1
       Maximum Velocity Error:  0.39E-03 on Mesh 1 at (24,13,4)
       Maximum Pressure Error:  0.17E+01 on Mesh 1 at (20,14,5)
       ---------------------------------------------------------------
       Mesh    1
       Max CFL number:  0.77E-01 at (20,12,1)
       Max divergence:  0.50E-02 at (23,12,10)
       Min divergence: -0.42E-02 at (24,13,6)
       Max VN number :  0.92E-01 at (21,2,1)
       Mesh    2
       Max CFL number:  0.55E-01 at (1,11,1)
       Max divergence:  0.39E-02 at (7,1,8)
       Min divergence: -0.36E-02 at (1,12,2)
       Max VN number :  0.43E-01 at (2,13,4)
 
       Time Step    48100   May 17, 2026  11:04:55
       Step Size:  0.100E-01 s, Total Time:  480.90847 s
       Pressure Iterations: 1
       Maximum Velocity Error:  0.34E-03 on Mesh 1 at (24,9,1)
       Maximum Pressure Error:  0.32E+00 on Mesh 1 at (22,13,4)
       ---------------------------------------------------------------
       Mesh    1
       Max CFL number:  0.76E-01 at (20,12,1)
       Max divergence:  0.59E-02 at (23,13,3)
       Min divergence: -0.53E-02 at (19,13,2)
       Max VN number :  0.59E-01 at (24,13,3)
       Mesh    2
       Max CFL number:  0.58E-01 at (1,12,1)
       Max divergence:  0.67E-02 at (8,1,8)
       Min divergence: -0.40E-02 at (7,1,8)
       Max VN number :  0.49E-01 at (7,1,8)
 
       Time Step    48200   May 17, 2026  11:05:08
       Step Size:  0.100E-01 s, Total Time:  481.90847 s
       Pressure Iterations: 1
       Maximum Velocity Error:  0.29E-03 on Mesh 1 at (24,13,3)
       Maximum Pressure Error:  0.21E+00 on Mesh 1 at (24,14,3)
       ---------------------------------------------------------------
       Mesh    1
       Max CFL number:  0.76E-01 at (23,13,3)
       Max divergence:  0.53E-02 at (19,13,7)
       Min divergence: -0.32E-02 at (23,12,12)
       Max VN number :  0.57E-01 at (22,13,2)
       Mesh    2
       Max CFL number:  0.60E-01 at (1,13,1)
       Max divergence:  0.49E-02 at (8,1,9)
       Min divergence: -0.54E-02 at (8,1,8)
       Max VN number :  0.51E-01 at (8,1,8)
 
       Time Step    48300   May 17, 2026  11:05:21
       Step Size:  0.100E-01 s, Total Time:  482.90847 s
       Pressure Iterations: 1
       Maximum Velocity Error:  0.39E-03 on Mesh 1 at (24,13,6)
       Maximum Pressure Error:  0.33E+00 on Mesh 1 at (24,14,7)
       ---------------------------------------------------------------
       Mesh    1
       Max CFL number:  0.70E-01 at (22,13,9)
       Max divergence:  0.64E-02 at (21,10,2)
       Min divergence: -0.34E-02 at (24,13,15)
       Max VN number :  0.54E-01 at (23,27,1)
       Mesh    2
       Max CFL number:  0.57E-01 at (2,1,1)
       Max divergence:  0.39E-02 at (9,1,9)
       Min divergence: -0.24E-02 at (1,13,11)
       Max VN number :  0.41E-01 at (19,6,1)
 
       Time Step    48400   May 17, 2026  11:05:35
       Step Size:  0.100E-01 s, Total Time:  483.90847 s
       Pressure Iterations: 1
       Maximum Velocity Error:  0.68E-03 on Mesh 1 at (24,13,6)
       Maximum Pressure Error:  0.52E+00 on Mesh 1 at (24,14,6)
       ---------------------------------------------------------------
       Mesh    1
       Max CFL number:  0.83E-01 at (24,13,5)
       Max divergence:  0.71E-02 at (23,13,14)
       Min divergence: -0.34E-02 at (20,8,2)
       Max VN number :  0.53E-01 at (22,13,2)
       Mesh    2
       Max CFL number:  0.53E-01 at (1,10,1)
       Max divergence:  0.33E-02 at (1,13,1)
       Min divergence: -0.29E-02 at (1,13,2)
       Max VN number :  0.39E-01 at (3,13,4)
 
       Time Step    48500   May 17, 2026  11:05:48
       Step Size:  0.100E-01 s, Total Time:  484.90847 s
       Pressure Iterations: 1
       Maximum Velocity Error:  0.41E-03 on Mesh 1 at (24,13,1)
       Maximum Pressure Error:  0.34E+00 on Mesh 1 at (23,13,4)
       ---------------------------------------------------------------
       Mesh    1
       Max CFL number:  0.75E-01 at (23,12,2)
       Max divergence:  0.52E-02 at (20,13,3)
       Min divergence: -0.42E-02 at (24,13,14)
       Max VN number :  0.62E-01 at (22,13,2)
       Mesh    2
       Max CFL number:  0.61E-01 at (1,12,1)
       Max divergence:  0.32E-02 at (2,13,3)
       Min divergence: -0.35E-02 at (1,11,2)
       Max VN number :  0.60E-01 at (2,13,4)
 
       Time Step    48600   May 17, 2026  11:06:01
       Step Size:  0.100E-01 s, Total Time:  485.90847 s
       Pressure Iterations: 1
       Maximum Velocity Error:  0.32E-03 on Mesh 2 at (0,11,1)
       Maximum Pressure Error:  0.24E+00 on Mesh 1 at (19,14,5)
       ---------------------------------------------------------------
       Mesh    1
       Max CFL number:  0.79E-01 at (20,13,1)
       Max divergence:  0.53E-02 at (23,13,15)
       Min divergence: -0.33E-02 at (20,9,2)
       Max VN number :  0.56E-01 at (20,1,5)
       Mesh    2
       Max CFL number:  0.66E-01 at (1,13,1)
       Max divergence:  0.37E-02 at (1,1,8)
       Min divergence: -0.14E-02 at (3,1,9)
       Max VN number :  0.54E-01 at (20,14,1)
 
       Time Step    48700   May 17, 2026  11:06:16
       Step Size:  0.100E-01 s, Total Time:  486.90847 s
       Pressure Iterations: 1
       Maximum Velocity Error:  0.29E-03 on Mesh 1 at (24,9,1)
       Maximum Pressure Error:  0.34E+00 on Mesh 1 at (21,13,6)
       ---------------------------------------------------------------
       Mesh    1
       Max CFL number:  0.85E-01 at (23,13,2)
       Max divergence:  0.63E-02 at (23,13,3)
       Min divergence: -0.74E-02 at (24,13,3)
       Max VN number :  0.66E-01 at (18,13,4)
       Mesh    2
       Max CFL number:  0.61E-01 at (1,12,1)
       Max divergence:  0.34E-02 at (18,18,19)
       Min divergence: -0.32E-02 at (8,1,9)
       Max VN number :  0.37E-01 at (9,25,1)
 
       Time Step    48800   May 17, 2026  11:06:29
       Step Size:  0.100E-01 s, Total Time:  487.90847 s
       Pressure Iterations: 1
       Maximum Velocity Error:  0.35E-03 on Mesh 1 at (24,8,2)
       Maximum Pressure Error:  0.41E+00 on Mesh 1 at (21,13,5)
       ---------------------------------------------------------------
       Mesh    1
       Max CFL number:  0.77E-01 at (23,13,2)
       Max divergence:  0.47E-02 at (23,13,13)
       Min divergence: -0.22E-02 at (8,18,20)
       Max VN number :  0.67E-01 at (18,13,4)
       Mesh    2
       Max CFL number:  0.61E-01 at (1,8,1)
       Max divergence:  0.36E-02 at (18,18,19)
       Min divergence: -0.44E-02 at (9,1,9)
       Max VN number :  0.47E-01 at (9,1,9)
 
       Time Step    48900   May 17, 2026  11:06:43
       Step Size:  0.100E-01 s, Total Time:  488.90847 s
       Pressure Iterations: 1
       Maximum Velocity Error:  0.19E-03 on Mesh 1 at (24,1,2)
       Maximum Pressure Error:  0.27E+00 on Mesh 1 at (20,14,5)
       ---------------------------------------------------------------
       Mesh    1
       Max CFL number:  0.76E-01 at (23,12,1)
       Max divergence:  0.49E-02 at (24,13,13)
       Min divergence: -0.22E-02 at (19,13,2)
       Max VN number :  0.73E-01 at (21,3,1)
       Mesh    2
       Max CFL number:  0.57E-01 at (1,10,1)
       Max divergence:  0.38E-02 at (16,17,19)
       Min divergence: -0.35E-02 at (1,12,2)
       Max VN number :  0.41E-01 at (10,1,9)
 
       Time Step    49000   May 17, 2026  11:06:57
       Step Size:  0.100E-01 s, Total Time:  489.90847 s
       Pressure Iterations: 1
       Maximum Velocity Error:  0.27E-03 on Mesh 1 at (20,13,2)
       Maximum Pressure Error:  0.52E+00 on Mesh 1 at (20,14,2)
       ---------------------------------------------------------------
       Mesh    1
       Max CFL number:  0.80E-01 at (20,13,2)
       Max divergence:  0.38E-02 at (8,15,19)
       Min divergence: -0.23E-02 at (22,12,10)
       Max VN number :  0.71E-01 at (20,2,1)
       Mesh    2
       Max CFL number:  0.56E-01 at (1,8,1)
       Max divergence:  0.38E-02 at (13,1,11)
       Min divergence: -0.32E-02 at (1,13,2)
       Max VN number :  0.40E-01 at (6,3,1)
 
       Time Step    49100   May 17, 2026  11:07:11
       Step Size:  0.100E-01 s, Total Time:  490.90847 s
       Pressure Iterations: 1
       Maximum Velocity Error:  0.20E-03 on Mesh 2 at (0,13,5)
       Maximum Pressure Error:  0.34E+00 on Mesh 1 at (20,14,4)
       ---------------------------------------------------------------
       Mesh    1
       Max CFL number:  0.80E-01 at (20,13,4)
       Max divergence:  0.58E-02 at (23,13,10)
       Min divergence: -0.29E-02 at (23,12,10)
       Max VN number :  0.74E-01 at (18,13,2)
       Mesh    2
       Max CFL number:  0.54E-01 at (4,1,1)
       Max divergence:  0.54E-02 at (14,1,11)
       Min divergence: -0.22E-02 at (1,13,2)
       Max VN number :  0.48E-01 at (5,2,1)
 
       Time Step    49200   May 17, 2026  11:07:25
       Step Size:  0.100E-01 s, Total Time:  491.90847 s
       Pressure Iterations: 1
       Maximum Velocity Error:  0.34E-03 on Mesh 1 at (24,13,2)
       Maximum Pressure Error:  0.40E+00 on Mesh 1 at (20,14,5)
       ---------------------------------------------------------------
       Mesh    1
       Max CFL number:  0.81E-01 at (21,13,3)
       Max divergence:  0.54E-02 at (23,13,7)
       Min divergence: -0.23E-02 at (8,18,20)
       Max VN number :  0.49E-01 at (8,3,1)
       Mesh    2
       Max CFL number:  0.50E-01 at (4,1,4)
       Max divergence:  0.46E-02 at (15,1,11)
       Min divergence: -0.18E-02 at (1,13,2)
       Max VN number :  0.37E-01 at (19,14,1)
 
       Time Step    49300   May 17, 2026  11:07:39
       Step Size:  0.100E-01 s, Total Time:  492.90847 s
       Pressure Iterations: 1
       Maximum Velocity Error:  0.37E-03 on Mesh 1 at (24,12,2)
       Maximum Pressure Error:  0.30E+00 on Mesh 1 at (21,13,5)
       ---------------------------------------------------------------
       Mesh    1
       Max CFL number:  0.74E-01 at (23,13,2)
       Max divergence:  0.45E-02 at (24,13,13)
       Min divergence: -0.34E-02 at (24,1,8)
       Max VN number :  0.54E-01 at (22,12,1)
       Mesh    2
       Max CFL number:  0.57E-01 at (1,13,1)
       Max divergence:  0.62E-02 at (10,1,10)
       Min divergence: -0.24E-02 at (1,9,2)
       Max VN number :  0.48E-01 at (20,14,1)
 
       Time Step    49400   May 17, 2026  11:07:52
       Step Size:  0.100E-01 s, Total Time:  493.90847 s
       Pressure Iterations: 1
       Maximum Velocity Error:  0.42E-03 on Mesh 1 at (24,8,2)
       Maximum Pressure Error:  0.31E+00 on Mesh 1 at (20,14,6)
       ---------------------------------------------------------------
       Mesh    1
       Max CFL number:  0.72E-01 at (20,13,6)
       Max divergence:  0.61E-02 at (23,13,13)
       Min divergence: -0.45E-02 at (24,13,13)
       Max VN number :  0.69E-01 at (24,13,2)
       Mesh    2
       Max CFL number:  0.57E-01 at (1,12,1)
       Max divergence:  0.47E-02 at (11,1,10)
       Min divergence: -0.35E-02 at (1,13,2)
       Max VN number :  0.53E-01 at (1,1,8)
 
       Time Step    49500   May 17, 2026  11:08:05
       Step Size:  0.100E-01 s, Total Time:  494.90847 s
       Pressure Iterations: 1
       Maximum Velocity Error:  0.42E-03 on Mesh 1 at (24,4,1)
       Maximum Pressure Error:  0.37E+00 on Mesh 1 at (20,14,4)
       ---------------------------------------------------------------
       Mesh    1
       Max CFL number:  0.73E-01 at (20,13,6)
       Max divergence:  0.98E-02 at (23,13,12)
       Min divergence: -0.95E-02 at (24,13,12)
       Max VN number :  0.49E-01 at (5,5,1)
       Mesh    2
       Max CFL number:  0.63E-01 at (1,5,1)
       Max divergence:  0.41E-02 at (2,1,9)
       Min divergence: -0.18E-02 at (10,1,9)
       Max VN number :  0.45E-01 at (11,1,10)
 
       Time Step    49600   May 17, 2026  11:08:19
       Step Size:  0.100E-01 s, Total Time:  495.90847 s
       Pressure Iterations: 1
       Maximum Velocity Error:  0.42E-03 on Mesh 1 at (24,3,1)
       Maximum Pressure Error:  0.27E+00 on Mesh 1 at (21,13,5)
       ---------------------------------------------------------------
       Mesh    1
       Max CFL number:  0.81E-01 at (20,13,1)
       Max divergence:  0.77E-02 at (23,13,14)
       Min divergence: -0.36E-02 at (24,13,11)
       Max VN number :  0.52E-01 at (19,14,6)
       Mesh    2
       Max CFL number:  0.54E-01 at (2,2,1)
       Max divergence:  0.30E-02 at (19,16,19)
       Min divergence: -0.16E-02 at (1,12,2)
       Max VN number :  0.33E-01 at (7,1,10)
 
       Time Step    49700   May 17, 2026  11:08:33
       Step Size:  0.100E-01 s, Total Time:  496.90847 s
       Pressure Iterations: 1
       Maximum Velocity Error:  0.24E-03 on Mesh 1 at (24,5,1)
       Maximum Pressure Error:  0.32E+00 on Mesh 1 at (20,14,5)
       ---------------------------------------------------------------
       Mesh    1
       Max CFL number:  0.74E-01 at (20,13,5)
       Max divergence:  0.43E-02 at (23,13,13)
       Min divergence: -0.30E-02 at (8,18,20)
       Max VN number :  0.60E-01 at (18,13,4)
       Mesh    2
       Max CFL number:  0.59E-01 at (1,13,1)
       Max divergence:  0.34E-02 at (19,16,19)
       Min divergence: -0.17E-02 at (3,1,8)
       Max VN number :  0.47E-01 at (6,2,1)
 
       Time Step    49800   May 17, 2026  11:08:50
       Step Size:  0.100E-01 s, Total Time:  497.90847 s
       Pressure Iterations: 1
       Maximum Velocity Error:  0.44E-03 on Mesh 1 at (24,5,1)
       Maximum Pressure Error:  0.11E+01 on Mesh 1 at (20,14,5)
       ---------------------------------------------------------------
       Mesh    1
       Max CFL number:  0.70E-01 at (20,12,1)
       Max divergence:  0.54E-02 at (22,12,11)
       Min divergence: -0.33E-02 at (24,13,12)
       Max VN number :  0.49E-01 at (24,1,7)
       Mesh    2
       Max CFL number:  0.55E-01 at (1,11,1)
       Max divergence:  0.35E-02 at (19,16,19)
       Min divergence: -0.23E-02 at (4,1,8)
       Max VN number :  0.52E-01 at (5,1,8)
 
       Time Step    49900   May 17, 2026  11:09:05
       Step Size:  0.100E-01 s, Total Time:  498.90847 s
       Pressure Iterations: 1
       Maximum Velocity Error:  0.31E-03 on Mesh 1 at (24,4,1)
       Maximum Pressure Error:  0.22E+00 on Mesh 1 at (20,14,3)
       ---------------------------------------------------------------
       Mesh    1
       Max CFL number:  0.73E-01 at (20,13,2)
       Max divergence:  0.51E-02 at (23,13,14)
       Min divergence: -0.34E-02 at (21,12,9)
       Max VN number :  0.38E-01 at (15,13,4)
       Mesh    2
       Max CFL number:  0.52E-01 at (1,11,1)
       Max divergence:  0.34E-02 at (1,1,8)
       Min divergence: -0.24E-02 at (6,1,8)
       Max VN number :  0.47E-01 at (19,14,1)
 
       Time Step    50000   May 17, 2026  11:09:19
       Step Size:  0.100E-01 s, Total Time:  499.90847 s
       Pressure Iterations: 1
       Maximum Velocity Error:  0.32E-03 on Mesh 1 at (24,3,1)
       Maximum Pressure Error:  0.23E+00 on Mesh 1 at (21,13,4)
       ---------------------------------------------------------------
       Mesh    1
       Max CFL number:  0.78E-01 at (20,13,4)
       Max divergence:  0.40E-02 at (20,13,10)
       Min divergence: -0.25E-02 at (8,18,20)
       Max VN number :  0.46E-01 at (18,13,2)
       Mesh    2
       Max CFL number:  0.51E-01 at (2,2,1)
       Max divergence:  0.49E-02 at (1,1,9)
       Min divergence: -0.14E-02 at (16,18,20)
       Max VN number :  0.56E-01 at (20,14,1)
 
       Time Step    50100   May 17, 2026  11:09:33
       Step Size:  0.100E-01 s, Total Time:  500.90847 s
       Pressure Iterations: 1
       Maximum Velocity Error:  0.23E-03 on Mesh 1 at (24,1,1)
       Maximum Pressure Error:  0.29E+00 on Mesh 1 at (21,14,1)
       ---------------------------------------------------------------
       Mesh    1
       Max CFL number:  0.77E-01 at (20,13,4)
       Max divergence:  0.54E-02 at (21,13,15)
       Min divergence: -0.36E-02 at (24,13,5)
       Max VN number :  0.48E-01 at (18,13,2)
       Mesh    2
       Max CFL number:  0.50E-01 at (4,1,1)
       Max divergence:  0.32E-02 at (1,13,1)
       Min divergence: -0.32E-02 at (1,13,2)
       Max VN number :  0.53E-01 at (3,1,8)
 
       Time Step    50200   May 17, 2026  11:09:47
       Step Size:  0.100E-01 s, Total Time:  501.90847 s
       Pressure Iterations: 1
       Maximum Velocity Error:  0.27E-03 on Mesh 1 at (24,10,1)
       Maximum Pressure Error:  0.22E+00 on Mesh 1 at (20,14,1)
       ---------------------------------------------------------------
       Mesh    1
       Max CFL number:  0.67E-01 at (20,13,3)
       Max divergence:  0.38E-02 at (20,13,14)
       Min divergence: -0.23E-02 at (8,18,20)
       Max VN number :  0.56E-01 at (21,8,1)
       Mesh    2
       Max CFL number:  0.49E-01 at (1,13,1)
       Max divergence:  0.47E-02 at (4,1,9)
       Min divergence: -0.23E-02 at (4,1,10)
       Max VN number :  0.47E-01 at (4,1,9)
 
       Time Step    50300   May 17, 2026  11:10:01
       Step Size:  0.100E-01 s, Total Time:  502.90847 s
       Pressure Iterations: 1
       Maximum Velocity Error:  0.37E-03 on Mesh 1 at (24,6,1)
       Maximum Pressure Error:  0.16E+00 on Mesh 1 at (24,14,6)
       ---------------------------------------------------------------
       Mesh    1
       Max CFL number:  0.67E-01 at (23,12,1)
       Max divergence:  0.39E-02 at (23,13,15)
       Min divergence: -0.23E-02 at (24,13,4)
       Max VN number :  0.49E-01 at (18,13,2)
       Mesh    2
       Max CFL number:  0.51E-01 at (1,10,1)
       Max divergence:  0.37E-02 at (6,1,9)
       Min divergence: -0.12E-02 at (16,16,20)
       Max VN number :  0.47E-01 at (5,1,9)
 
       Time Step    50400   May 17, 2026  11:10:15
       Step Size:  0.100E-01 s, Total Time:  503.90847 s
       Pressure Iterations: 1
       Maximum Velocity Error:  0.35E-03 on Mesh 1 at (24,13,6)
       Maximum Pressure Error:  0.28E+00 on Mesh 1 at (23,13,6)
       ---------------------------------------------------------------
       Mesh    1
       Max CFL number:  0.69E-01 at (24,13,4)
       Max divergence:  0.47E-02 at (23,13,2)
       Min divergence: -0.66E-02 at (24,13,2)
       Max VN number :  0.69E-01 at (24,13,2)
       Mesh    2
       Max CFL number:  0.54E-01 at (1,5,1)
       Max divergence:  0.62E-02 at (7,1,9)
       Min divergence: -0.28E-02 at (7,1,10)
       Max VN number :  0.47E-01 at (7,1,8)
 
       Time Step    50500   May 17, 2026  11:10:29
       Step Size:  0.100E-01 s, Total Time:  504.90847 s
       Pressure Iterations: 1
       Maximum Velocity Error:  0.22E-03 on Mesh 1 at (23,13,5)
       Maximum Pressure Error:  0.38E+00 on Mesh 1 at (23,13,5)
       ---------------------------------------------------------------
       Mesh    1
       Max CFL number:  0.72E-01 at (23,13,4)
       Max divergence:  0.54E-02 at (23,13,4)
       Min divergence: -0.23E-02 at (8,18,20)
       Max VN number :  0.61E-01 at (24,13,4)
       Mesh    2
       Max CFL number:  0.58E-01 at (1,12,1)
       Max divergence:  0.41E-02 at (9,1,9)
       Min divergence: -0.12E-02 at (19,15,20)
       Max VN number :  0.44E-01 at (8,1,9)
 
       Time Step    50600   May 17, 2026  11:10:43
       Step Size:  0.100E-01 s, Total Time:  505.90847 s
       Pressure Iterations: 1
       Maximum Velocity Error:  0.37E-03 on Mesh 1 at (24,11,1)
       Maximum Pressure Error:  0.27E+00 on Mesh 1 at (22,13,3)
       ---------------------------------------------------------------
       Mesh    1
       Max CFL number:  0.69E-01 at (24,12,1)
       Max divergence:  0.40E-02 at (8,15,19)
       Min divergence: -0.32E-02 at (19,13,2)
       Max VN number :  0.48E-01 at (20,13,2)
       Mesh    2
       Max CFL number:  0.59E-01 at (1,12,1)
       Max divergence:  0.34E-02 at (10,1,9)
       Min divergence: -0.22E-02 at (5,1,9)
       Max VN number :  0.49E-01 at (2,13,2)
 
       Time Step    50700   May 17, 2026  11:10:57
       Step Size:  0.100E-01 s, Total Time:  506.90847 s
       Pressure Iterations: 1
       Maximum Velocity Error:  0.38E-03 on Mesh 1 at (24,10,1)
       Maximum Pressure Error:  0.16E+00 on Mesh 1 at (23,13,2)
       ---------------------------------------------------------------
       Mesh    1
       Max CFL number:  0.67E-01 at (23,13,5)
       Max divergence:  0.42E-02 at (8,15,19)
       Min divergence: -0.25E-02 at (8,18,20)
       Max VN number :  0.38E-01 at (19,14,6)
       Mesh    2
       Max CFL number:  0.58E-01 at (1,13,1)
       Max divergence:  0.37E-02 at (6,1,9)
       Min divergence: -0.23E-02 at (2,13,2)
       Max VN number :  0.41E-01 at (20,14,1)
 
       Time Step    50800   May 17, 2026  11:11:11
       Step Size:  0.100E-01 s, Total Time:  507.90847 s
       Pressure Iterations: 1
       Maximum Velocity Error:  0.26E-03 on Mesh 1 at (24,12,1)
       Maximum Pressure Error:  0.17E+00 on Mesh 1 at (22,13,6)
       ---------------------------------------------------------------
       Mesh    1
       Max CFL number:  0.70E-01 at (23,13,2)
       Max divergence:  0.45E-02 at (8,15,19)
       Min divergence: -0.26E-02 at (8,18,20)
       Max VN number :  0.46E-01 at (18,13,2)
       Mesh    2
       Max CFL number:  0.62E-01 at (1,12,1)
       Max divergence:  0.29E-02 at (16,17,19)
       Min divergence: -0.15E-02 at (1,9,2)
       Max VN number :  0.35E-01 at (18,11,1)
 
       Time Step    50900   May 17, 2026  11:11:25
       Step Size:  0.100E-01 s, Total Time:  508.90847 s
       Pressure Iterations: 1
       Maximum Velocity Error:  0.20E-03 on Mesh 1 at (24,13,1)
       Maximum Pressure Error:  0.14E+00 on Mesh 1 at (24,14,7)
       ---------------------------------------------------------------
       Mesh    1
       Max CFL number:  0.63E-01 at (23,13,2)
       Max divergence:  0.46E-02 at (8,15,19)
       Min divergence: -0.27E-02 at (8,18,20)
       Max VN number :  0.41E-01 at (18,13,2)
       Mesh    2
       Max CFL number:  0.51E-01 at (1,12,1)
       Max divergence:  0.42E-02 at (10,1,9)
       Min divergence: -0.19E-02 at (1,13,2)
       Max VN number :  0.55E-01 at (10,1,9)
 
       Time Step    51000   May 17, 2026  11:11:39
       Step Size:  0.100E-01 s, Total Time:  509.90847 s
       Pressure Iterations: 1
       Maximum Velocity Error:  0.12E-03 on Mesh 1 at (24,13,1)
       Maximum Pressure Error:  0.28E+00 on Mesh 1 at (20,14,1)
       ---------------------------------------------------------------
       Mesh    1
       Max CFL number:  0.65E-01 at (20,13,2)
       Max divergence:  0.48E-02 at (23,13,11)
       Min divergence: -0.28E-02 at (8,18,20)
       Max VN number :  0.37E-01 at (18,13,2)
       Mesh    2
       Max CFL number:  0.46E-01 at (1,11,1)
       Max divergence:  0.49E-02 at (12,1,10)
       Min divergence: -0.21E-02 at (11,1,9)
       Max VN number :  0.47E-01 at (12,1,9)
 
       Time Step    51100   May 17, 2026  11:11:53
       Step Size:  0.100E-01 s, Total Time:  510.90847 s
       Pressure Iterations: 1
       Maximum Velocity Error:  0.23E-03 on Mesh 2 at (0,10,2)
       Maximum Pressure Error:  0.17E+00 on Mesh 2 at (2,14,9)
       ---------------------------------------------------------------
       Mesh    1
       Max CFL number:  0.74E-01 at (20,13,1)
       Max divergence:  0.48E-02 at (23,13,8)
       Min divergence: -0.27E-02 at (8,18,20)
       Max VN number :  0.42E-01 at (21,2,1)
       Mesh    2
       Max CFL number:  0.49E-01 at (1,13,1)
       Max divergence:  0.34E-02 at (16,17,19)
       Min divergence: -0.12E-02 at (1,11,2)
       Max VN number :  0.43E-01 at (3,13,4)
 
       Time Step    51200   May 17, 2026  11:12:05
       Step Size:  0.100E-01 s, Total Time:  511.90847 s
       Pressure Iterations: 1
       Maximum Velocity Error:  0.15E-03 on Mesh 1 at (24,4,1)
       Maximum Pressure Error:  0.16E+00 on Mesh 1 at (21,13,8)
       ---------------------------------------------------------------
       Mesh    1
       Max CFL number:  0.69E-01 at (20,13,1)
       Max divergence:  0.50E-02 at (23,13,13)
       Min divergence: -0.32E-02 at (24,13,13)
       Max VN number :  0.36E-01 at (19,14,6)
       Mesh    2
       Max CFL number:  0.52E-01 at (1,13,1)
       Max divergence:  0.33E-02 at (16,1,9)
       Min divergence: -0.13E-02 at (16,18,20)
       Max VN number :  0.31E-01 at (13,1,6)
 
       Time Step    51300   May 17, 2026  11:12:18
       Step Size:  0.100E-01 s, Total Time:  512.90847 s
       Pressure Iterations: 1
       Maximum Velocity Error:  0.16E-03 on Mesh 1 at (24,13,1)
       Maximum Pressure Error:  0.18E+00 on Mesh 1 at (21,13,4)
       ---------------------------------------------------------------
       Mesh    1
       Max CFL number:  0.67E-01 at (23,13,7)
       Max divergence:  0.46E-02 at (23,13,12)
       Min divergence: -0.21E-02 at (24,13,4)
       Max VN number :  0.60E-01 at (22,2,1)
       Mesh    2
       Max CFL number:  0.55E-01 at (1,11,1)
       Max divergence:  0.30E-02 at (8,1,9)
       Min divergence: -0.95E-03 at (1,13,2)
       Max VN number :  0.43E-01 at (4,13,4)
 
       Time Step    51400   May 17, 2026  11:12:30
       Step Size:  0.100E-01 s, Total Time:  513.90847 s
       Pressure Iterations: 1
       Maximum Velocity Error:  0.22E-03 on Mesh 1 at (24,12,3)
       Maximum Pressure Error:  0.16E+00 on Mesh 1 at (20,14,8)
       ---------------------------------------------------------------
       Mesh    1
       Max CFL number:  0.67E-01 at (23,12,1)
       Max divergence:  0.49E-02 at (23,13,10)
       Min divergence: -0.18E-02 at (24,13,10)
       Max VN number :  0.53E-01 at (18,13,2)
       Mesh    2
       Max CFL number:  0.53E-01 at (1,11,1)
       Max divergence:  0.42E-02 at (4,1,10)
       Min divergence: -0.16E-02 at (1,13,2)
       Max VN number :  0.39E-01 at (9,1,9)
 
       Time Step    51500   May 17, 2026  11:12:43
       Step Size:  0.100E-01 s, Total Time:  514.90847 s
       Pressure Iterations: 1
       Maximum Velocity Error:  0.28E-03 on Mesh 1 at (24,13,1)
       Maximum Pressure Error:  0.25E+00 on Mesh 1 at (20,14,4)
       ---------------------------------------------------------------
       Mesh    1
       Max CFL number:  0.64E-01 at (20,13,5)
       Max divergence:  0.42E-02 at (10,15,19)
       Min divergence: -0.36E-02 at (24,13,9)
       Max VN number :  0.37E-01 at (24,13,9)
       Mesh    2
       Max CFL number:  0.54E-01 at (3,1,1)
       Max divergence:  0.34E-02 at (1,13,5)
       Min divergence: -0.17E-02 at (1,13,4)
       Max VN number :  0.31E-01 at (19,8,1)
 
       Time Step    51600   May 17, 2026  11:12:57
       Step Size:  0.100E-01 s, Total Time:  515.90847 s
       Pressure Iterations: 1
       Maximum Velocity Error:  0.51E-03 on Mesh 2 at (0,13,1)
       Maximum Pressure Error:  0.12E+01 on Mesh 1 at (20,14,1)
       ---------------------------------------------------------------
       Mesh    1
       Max CFL number:  0.72E-01 at (20,13,1)
       Max divergence:  0.41E-02 at (10,15,19)
       Min divergence: -0.15E-02 at (24,13,5)
       Max VN number :  0.51E-01 at (24,13,3)
       Mesh    2
       Max CFL number:  0.56E-01 at (1,13,1)
       Max divergence:  0.30E-02 at (1,13,5)
       Min divergence: -0.88E-03 at (1,11,2)
       Max VN number :  0.36E-01 at (6,2,1)
 
       Time Step    51700   May 17, 2026  11:13:13
       Step Size:  0.100E-01 s, Total Time:  516.90847 s
       Pressure Iterations: 1
       Maximum Velocity Error:  0.21E-03 on Mesh 1 at (24,5,1)
       Maximum Pressure Error:  0.21E+00 on Mesh 1 at (20,14,4)
       ---------------------------------------------------------------
       Mesh    1
       Max CFL number:  0.65E-01 at (20,13,1)
       Max divergence:  0.40E-02 at (23,13,13)
       Min divergence: -0.21E-02 at (8,18,20)
       Max VN number :  0.53E-01 at (18,13,2)
       Mesh    2
       Max CFL number:  0.44E-01 at (1,13,1)
       Max divergence:  0.32E-02 at (8,1,9)
       Min divergence: -0.76E-03 at (6,1,9)
       Max VN number :  0.48E-01 at (7,1,9)
 
       Time Step    51800   May 17, 2026  11:13:29
       Step Size:  0.100E-01 s, Total Time:  517.90847 s
       Pressure Iterations: 1
       Maximum Velocity Error:  0.20E-03 on Mesh 2 at (0,6,1)
       Maximum Pressure Error:  0.27E+00 on Mesh 1 at (20,14,2)
       ---------------------------------------------------------------
       Mesh    1
       Max CFL number:  0.69E-01 at (20,13,3)
       Max divergence:  0.51E-02 at (23,13,12)
       Min divergence: -0.26E-02 at (8,18,20)
       Max VN number :  0.53E-01 at (24,13,2)
       Mesh    2
       Max CFL number:  0.48E-01 at (1,13,1)
       Max divergence:  0.32E-02 at (9,1,9)
       Min divergence: -0.17E-02 at (1,13,2)
       Max VN number :  0.48E-01 at (8,1,9)
 
       Time Step    51900   May 17, 2026  11:13:43
       Step Size:  0.100E-01 s, Total Time:  518.90847 s
       Pressure Iterations: 1
       Maximum Velocity Error:  0.28E-03 on Mesh 1 at (24,3,1)
       Maximum Pressure Error:  0.27E+00 on Mesh 1 at (22,14,1)
       ---------------------------------------------------------------
       Mesh    1
       Max CFL number:  0.69E-01 at (20,12,1)
       Max divergence:  0.39E-02 at (7,17,19)
       Min divergence: -0.23E-02 at (8,18,20)
       Max VN number :  0.36E-01 at (1,27,2)
       Mesh    2
       Max CFL number:  0.50E-01 at (1,12,1)
       Max divergence:  0.32E-02 at (16,16,19)
       Min divergence: -0.91E-03 at (1,13,2)
       Max VN number :  0.31E-01 at (18,1,6)
 
       Time Step    52000   May 17, 2026  11:14:01
       Step Size:  0.100E-01 s, Total Time:  519.90847 s
       Pressure Iterations: 1
       Maximum Velocity Error:  0.21E-03 on Mesh 1 at (24,13,1)
       Maximum Pressure Error:  0.21E+00 on Mesh 1 at (23,14,1)
       ---------------------------------------------------------------
       Mesh    1
       Max CFL number:  0.64E-01 at (23,13,2)
       Max divergence:  0.47E-02 at (23,12,8)
       Min divergence: -0.22E-02 at (8,18,20)
       Max VN number :  0.59E-01 at (21,2,1)
       Mesh    2
       Max CFL number:  0.50E-01 at (1,11,1)
       Max divergence:  0.37E-02 at (16,16,19)
       Min divergence: -0.94E-03 at (2,13,9)
       Max VN number :  0.40E-01 at (15,1,8)
 
       Time Step    52100   May 17, 2026  11:14:18
       Step Size:  0.100E-01 s, Total Time:  520.90847 s
       Pressure Iterations: 1
       Maximum Velocity Error:  0.17E-03 on Mesh 1 at (24,13,1)
       Maximum Pressure Error:  0.17E+00 on Mesh 1 at (24,14,3)
       ---------------------------------------------------------------
       Mesh    1
       Max CFL number:  0.65E-01 at (23,12,5)
       Max divergence:  0.43E-02 at (7,17,19)
       Min divergence: -0.21E-02 at (8,18,20)
       Max VN number :  0.30E-01 at (13,2,1)
       Mesh    2
       Max CFL number:  0.51E-01 at (1,12,1)
       Max divergence:  0.37E-02 at (16,16,19)
       Min divergence: -0.19E-02 at (1,13,2)
       Max VN number :  0.44E-01 at (16,1,8)
 
       Time Step    52200   May 17, 2026  11:14:33
       Step Size:  0.100E-01 s, Total Time:  521.90847 s
       Pressure Iterations: 1
       Maximum Velocity Error:  0.22E-03 on Mesh 2 at (0,13,1)
       Maximum Pressure Error:  0.19E+00 on Mesh 1 at (21,13,3)
       ---------------------------------------------------------------
       Mesh    1
       Max CFL number:  0.61E-01 at (21,13,5)
       Max divergence:  0.45E-02 at (7,17,19)
       Min divergence: -0.13E-02 at (9,19,20)
       Max VN number :  0.39E-01 at (23,13,1)
       Mesh    2
       Max CFL number:  0.46E-01 at (1,11,1)
       Max divergence:  0.36E-02 at (16,16,19)
       Min divergence: -0.47E-03 at (12,1,8)
       Max VN number :  0.39E-01 at (12,1,8)
 
       Time Step    52300   May 17, 2026  11:15:14
       Step Size:  0.100E-01 s, Total Time:  522.90847 s
       Pressure Iterations: 1
       Maximum Velocity Error:  0.28E-03 on Mesh 1 at (24,12,1)
       Maximum Pressure Error:  0.38E+00 on Mesh 1 at (20,14,1)
       ---------------------------------------------------------------
       Mesh    1
       Max CFL number:  0.68E-01 at (20,13,4)
       Max divergence:  0.40E-02 at (7,17,19)
       Min divergence: -0.16E-02 at (7,16,20)
       Max VN number :  0.36E-01 at (14,2,1)
       Mesh    2
       Max CFL number:  0.48E-01 at (1,10,1)
       Max divergence:  0.45E-02 at (3,1,9)
       Min divergence: -0.12E-02 at (3,1,10)
       Max VN number :  0.47E-01 at (3,1,9)
 
       Time Step    52400   May 17, 2026  11:15:42
       Step Size:  0.100E-01 s, Total Time:  523.90847 s
       Pressure Iterations: 1
       Maximum Velocity Error:  0.17E-03 on Mesh 1 at (24,13,2)
       Maximum Pressure Error:  0.18E+00 on Mesh 1 at (23,13,5)
       ---------------------------------------------------------------
       Mesh    1
       Max CFL number:  0.71E-01 at (20,13,3)
       Max divergence:  0.37E-02 at (7,17,19)
       Min divergence: -0.16E-02 at (7,16,20)
       Max VN number :  0.37E-01 at (24,2,1)
       Mesh    2
       Max CFL number:  0.49E-01 at (1,11,1)
       Max divergence:  0.58E-02 at (4,1,10)
       Min divergence: -0.98E-03 at (15,1,7)
       Max VN number :  0.44E-01 at (4,1,9)
 
       Time Step    52500   May 17, 2026  11:16:01
       Step Size:  0.100E-01 s, Total Time:  524.90847 s
       Pressure Iterations: 1
       Maximum Velocity Error:  0.21E-03 on Mesh 1 at (24,11,2)
       Maximum Pressure Error:  0.24E+00 on Mesh 1 at (23,13,2)
       ---------------------------------------------------------------
       Mesh    1
       Max CFL number:  0.67E-01 at (24,13,1)
       Max divergence:  0.37E-02 at (8,15,19)
       Min divergence: -0.15E-02 at (7,16,20)
       Max VN number :  0.52E-01 at (18,13,2)
       Mesh    2
       Max CFL number:  0.46E-01 at (1,13,1)
       Max divergence:  0.31E-02 at (16,17,19)
       Min divergence: -0.80E-03 at (1,13,2)
       Max VN number :  0.42E-01 at (1,14,4)
 
       Time Step    52600   May 17, 2026  11:16:22
       Step Size:  0.100E-01 s, Total Time:  525.90847 s
       Pressure Iterations: 1
       Maximum Velocity Error:  0.27E-03 on Mesh 1 at (24,13,1)
       Maximum Pressure Error:  0.20E+00 on Mesh 1 at (24,14,1)
       ---------------------------------------------------------------
       Mesh    1
       Max CFL number:  0.64E-01 at (23,13,2)
       Max divergence:  0.37E-02 at (8,15,19)
       Min divergence: -0.12E-02 at (7,16,20)
       Max VN number :  0.43E-01 at (18,13,2)
       Mesh    2
       Max CFL number:  0.53E-01 at (1,13,1)
       Max divergence:  0.35E-02 at (16,17,19)
       Min divergence: -0.57E-03 at (23,1,7)
       Max VN number :  0.33E-01 at (1,14,4)
 
       Time Step    52700   May 17, 2026  11:16:38
       Step Size:  0.100E-01 s, Total Time:  526.90847 s
       Pressure Iterations: 1
       Maximum Velocity Error:  0.18E-03 on Mesh 1 at (24,12,5)
       Maximum Pressure Error:  0.14E+00 on Mesh 1 at (24,14,7)
       ---------------------------------------------------------------
       Mesh    1
       Max CFL number:  0.67E-01 at (23,12,1)
       Max divergence:  0.36E-02 at (8,15,19)
       Min divergence: -0.10E-02 at (7,16,20)
       Max VN number :  0.49E-01 at (18,13,2)
       Mesh    2
       Max CFL number:  0.47E-01 at (1,5,1)
       Max divergence:  0.37E-02 at (16,17,19)
       Min divergence: -0.58E-03 at (16,18,20)
       Max VN number :  0.31E-01 at (1,2,1)
 
       Time Step    52800   May 17, 2026  11:16:52
       Step Size:  0.100E-01 s, Total Time:  527.90847 s
       Pressure Iterations: 1
       Maximum Velocity Error:  0.25E-03 on Mesh 2 at (0,13,3)
       Maximum Pressure Error:  0.21E+00 on Mesh 1 at (24,14,3)
       ---------------------------------------------------------------
       Mesh    1
       Max CFL number:  0.62E-01 at (24,13,5)
       Max divergence:  0.38E-02 at (8,15,19)
       Min divergence: -0.88E-03 at (8,18,20)
       Max VN number :  0.39E-01 at (18,13,2)
       Mesh    2
       Max CFL number:  0.43E-01 at (3,1,1)
       Max divergence:  0.35E-02 at (16,17,19)
       Min divergence: -0.12E-02 at (16,18,20)
       Max VN number :  0.35E-01 at (10,1,9)
 
       Time Step    52900   May 17, 2026  11:17:08
       Step Size:  0.100E-01 s, Total Time:  528.90847 s
       Pressure Iterations: 1
       Maximum Velocity Error:  0.28E-03 on Mesh 1 at (24,13,1)
       Maximum Pressure Error:  0.17E+00 on Mesh 1 at (23,13,3)
       ---------------------------------------------------------------
       Mesh    1
       Max CFL number:  0.67E-01 at (24,13,1)
       Max divergence:  0.38E-02 at (8,15,19)
       Min divergence: -0.88E-03 at (8,18,20)
       Max VN number :  0.44E-01 at (21,2,1)
       Mesh    2
       Max CFL number:  0.53E-01 at (1,13,1)
       Max divergence:  0.32E-02 at (16,17,19)
       Min divergence: -0.13E-02 at (2,13,2)
       Max VN number :  0.39E-01 at (11,1,9)
 
       Time Step    53000   May 17, 2026  11:17:22
       Step Size:  0.100E-01 s, Total Time:  529.90847 s
       Pressure Iterations: 1
       Maximum Velocity Error:  0.18E-03 on Mesh 2 at (0,6,1)
       Maximum Pressure Error:  0.14E+00 on Mesh 1 at (23,13,6)
       ---------------------------------------------------------------
       Mesh    1
       Max CFL number:  0.60E-01 at (24,13,2)
       Max divergence:  0.37E-02 at (8,15,19)
       Min divergence: -0.88E-03 at (8,18,20)
       Max VN number :  0.39E-01 at (20,2,1)
       Mesh    2
       Max CFL number:  0.56E-01 at (1,13,1)
       Max divergence:  0.35E-02 at (4,1,10)
       Min divergence: -0.71E-03 at (12,1,9)
       Max VN number :  0.41E-01 at (1,14,4)
 
       Time Step    53100   May 17, 2026  11:17:34
       Step Size:  0.100E-01 s, Total Time:  530.90847 s
       Pressure Iterations: 1
       Maximum Velocity Error:  0.18E-03 on Mesh 2 at (0,13,2)
       Maximum Pressure Error:  0.15E+00 on Mesh 1 at (20,14,6)
       ---------------------------------------------------------------
       Mesh    1
       Max CFL number:  0.62E-01 at (22,13,3)
       Max divergence:  0.36E-02 at (8,15,19)
       Min divergence: -0.84E-03 at (8,18,20)
       Max VN number :  0.38E-01 at (21,1,4)
       Mesh    2
       Max CFL number:  0.50E-01 at (1,13,1)
       Max divergence:  0.51E-02 at (4,1,10)
       Min divergence: -0.59E-03 at (4,1,11)
       Max VN number :  0.38E-01 at (9,1,9)
 
       Time Step    53200   May 17, 2026  11:17:46
       Step Size:  0.100E-01 s, Total Time:  531.90847 s
       Pressure Iterations: 1
       Maximum Velocity Error:  0.20E-03 on Mesh 2 at (0,4,1)
       Maximum Pressure Error:  0.11E+00 on Mesh 1 at (24,14,4)
       ---------------------------------------------------------------
       Mesh    1
       Max CFL number:  0.62E-01 at (20,13,1)
       Max divergence:  0.35E-02 at (8,18,19)
       Min divergence: -0.82E-03 at (9,19,20)
       Max VN number :  0.34E-01 at (18,32,1)
       Mesh    2
       Max CFL number:  0.45E-01 at (1,12,1)
       Max divergence:  0.35E-02 at (6,1,9)
       Min divergence: -0.32E-03 at (1,13,2)
       Max VN number :  0.42E-01 at (10,1,9)
 
       Time Step    53300   May 17, 2026  11:17:59
       Step Size:  0.100E-01 s, Total Time:  532.90847 s
       Pressure Iterations: 1
       Maximum Velocity Error:  0.20E-03 on Mesh 1 at (24,13,1)
       Maximum Pressure Error:  0.15E+00 on Mesh 1 at (24,14,2)
       ---------------------------------------------------------------
       Mesh    1
       Max CFL number:  0.60E-01 at (23,13,4)
       Max divergence:  0.44E-02 at (23,13,6)
       Min divergence: -0.88E-03 at (8,18,20)
       Max VN number :  0.58E-01 at (20,2,1)
       Mesh    2
       Max CFL number:  0.43E-01 at (1,11,1)
       Max divergence:  0.34E-02 at (7,1,9)
       Min divergence: -0.34E-03 at (16,18,20)
       Max VN number :  0.30E-01 at (8,13,2)
 
       Time Step    53400   May 17, 2026  11:18:11
       Step Size:  0.100E-01 s, Total Time:  533.90847 s
       Pressure Iterations: 1
       Maximum Velocity Error:  0.26E-03 on Mesh 1 at (24,13,3)
       Maximum Pressure Error:  0.10E+01 on Mesh 1 at (20,14,7)
       ---------------------------------------------------------------
       Mesh    1
       Max CFL number:  0.63E-01 at (21,3,1)
       Max divergence:  0.43E-02 at (23,13,3)
       Min divergence: -0.11E-02 at (24,13,3)
       Max VN number :  0.60E-01 at (24,13,3)
       Mesh    2
       Max CFL number:  0.52E-01 at (1,13,1)
       Max divergence:  0.33E-02 at (16,17,19)
       Min divergence: -0.46E-03 at (16,18,20)
       Max VN number :  0.35E-01 at (8,13,2)
 
       Time Step    53500   May 17, 2026  11:18:24
       Step Size:  0.100E-01 s, Total Time:  534.90847 s
       Pressure Iterations: 1
       Maximum Velocity Error:  0.16E-03 on Mesh 1 at (24,12,3)
       Maximum Pressure Error:  0.11E+00 on Mesh 1 at (21,13,4)
       ---------------------------------------------------------------
       Mesh    1
       Max CFL number:  0.59E-01 at (23,13,4)
       Max divergence:  0.43E-02 at (23,13,13)
       Min divergence: -0.22E-02 at (18,1,7)
       Max VN number :  0.35E-01 at (18,1,7)
       Mesh    2
       Max CFL number:  0.46E-01 at (1,12,1)
       Max divergence:  0.31E-02 at (16,17,19)
       Min divergence: -0.42E-03 at (15,16,20)
       Max VN number :  0.27E-01 at (11,9,1)
 
       Time Step    53600   May 17, 2026  11:18:37
       Step Size:  0.100E-01 s, Total Time:  535.90847 s
       Pressure Iterations: 1
       Maximum Velocity Error:  0.87E-04 on Mesh 1 at (24,13,3)
       Maximum Pressure Error:  0.12E+00 on Mesh 1 at (24,14,3)
       ---------------------------------------------------------------
       Mesh    1
       Max CFL number:  0.64E-01 at (24,13,1)
       Max divergence:  0.51E-02 at (23,13,12)
       Min divergence: -0.63E-03 at (7,16,20)
       Max VN number :  0.33E-01 at (11,8,1)
       Mesh    2
       Max CFL number:  0.52E-01 at (1,13,1)
       Max divergence:  0.31E-02 at (16,16,19)
       Min divergence: -0.28E-03 at (15,16,20)
       Max VN number :  0.25E-01 at (5,2,1)
 
       Time Step    53700   May 17, 2026  11:18:49
       Step Size:  0.100E-01 s, Total Time:  536.90847 s
       Pressure Iterations: 1
       Maximum Velocity Error:  0.18E-03 on Mesh 1 at (24,1,5)
       Maximum Pressure Error:  0.10E+00 on Mesh 1 at (24,14,6)
       ---------------------------------------------------------------
       Mesh    1
       Max CFL number:  0.56E-01 at (23,13,4)
       Max divergence:  0.40E-02 at (23,13,11)
       Min divergence: -0.58E-03 at (7,16,20)
       Max VN number :  0.33E-01 at (21,1,6)
       Mesh    2
       Max CFL number:  0.47E-01 at (1,12,1)
       Max divergence:  0.32E-02 at (16,16,19)
       Min divergence: -0.34E-03 at (1,13,2)
       Max VN number :  0.32E-01 at (10,1,8)
 
       Time Step    53800   May 17, 2026  11:19:02
       Step Size:  0.100E-01 s, Total Time:  537.90847 s
       Pressure Iterations: 1
       Maximum Velocity Error:  0.16E-03 on Mesh 1 at (24,13,4)
       Maximum Pressure Error:  0.10E+00 on Mesh 1 at (24,14,4)
       ---------------------------------------------------------------
       Mesh    1
       Max CFL number:  0.56E-01 at (20,13,1)
       Max divergence:  0.33E-02 at (8,15,19)
       Min divergence: -0.75E-03 at (7,16,20)
       Max VN number :  0.32E-01 at (24,13,3)
       Mesh    2
       Max CFL number:  0.44E-01 at (1,11,1)
       Max divergence:  0.59E-02 at (7,1,9)
       Min divergence: -0.14E-02 at (7,1,10)
       Max VN number :  0.34E-01 at (7,1,9)
 
       Time Step    53900   May 17, 2026  11:19:14
       Step Size:  0.100E-01 s, Total Time:  538.90847 s
       Pressure Iterations: 1
       Maximum Velocity Error:  0.13E-03 on Mesh 1 at (24,13,4)
       Maximum Pressure Error:  0.11E+00 on Mesh 1 at (22,14,1)
       ---------------------------------------------------------------
       Mesh    1
       Max CFL number:  0.54E-01 at (20,13,5)
       Max divergence:  0.35E-02 at (20,13,15)
       Min divergence: -0.71E-03 at (7,16,20)
       Max VN number :  0.35E-01 at (22,2,1)
       Mesh    2
       Max CFL number:  0.44E-01 at (1,12,1)
       Max divergence:  0.42E-02 at (8,1,9)
       Min divergence: -0.23E-03 at (7,1,9)
       Max VN number :  0.57E-01 at (8,1,9)
 
       Time Step    54000   May 17, 2026  11:19:28
       Step Size:  0.100E-01 s, Total Time:  539.90847 s
       Pressure Iterations: 1
       Maximum Velocity Error:  0.14E-03 on Mesh 1 at (24,13,5)
       Maximum Pressure Error:  0.10E+00 on Mesh 1 at (20,14,7)
       ---------------------------------------------------------------
       Mesh    1
       Max CFL number:  0.56E-01 at (20,13,3)
       Max divergence:  0.35E-02 at (10,17,19)
       Min divergence: -0.54E-03 at (7,16,20)
       Max VN number :  0.35E-01 at (13,2,1)
       Mesh    2
       Max CFL number:  0.42E-01 at (1,13,1)
       Max divergence:  0.33E-02 at (9,1,10)
       Min divergence: -0.12E-03 at (16,15,20)
       Max VN number :  0.51E-01 at (9,1,9)
 
       Time Step    54100   May 17, 2026  11:19:41
       Step Size:  0.100E-01 s, Total Time:  540.90847 s
       Pressure Iterations: 1
       Maximum Velocity Error:  0.16E-03 on Mesh 1 at (24,13,7)
       Maximum Pressure Error:  0.12E+00 on Mesh 1 at (24,14,7)
       ---------------------------------------------------------------
       Mesh    1
       Max CFL number:  0.57E-01 at (20,13,1)
       Max divergence:  0.36E-02 at (8,15,19)
       Min divergence: -0.73E-03 at (24,13,5)
       Max VN number :  0.44E-01 at (18,13,2)
       Mesh    2
       Max CFL number:  0.38E-01 at (1,9,1)
       Max divergence:  0.32E-02 at (13,1,10)
       Min divergence: -0.26E-03 at (16,15,20)
       Max VN number :  0.29E-01 at (14,9,1)
 
       Time Step    54200   May 17, 2026  11:19:55
       Step Size:  0.100E-01 s, Total Time:  541.90847 s
       Pressure Iterations: 1
       Maximum Velocity Error:  0.26E-03 on Mesh 1 at (24,13,4)
       Maximum Pressure Error:  0.21E+00 on Mesh 1 at (24,14,4)
       ---------------------------------------------------------------
       Mesh    1
       Max CFL number:  0.58E-01 at (24,13,6)
       Max divergence:  0.38E-02 at (8,15,19)
       Min divergence: -0.42E-03 at (6,16,20)
       Max VN number :  0.31E-01 at (19,14,2)
       Mesh    2
       Max CFL number:  0.40E-01 at (9,1,1)
       Max divergence:  0.38E-02 at (14,1,10)
       Min divergence: -0.28E-03 at (16,15,20)
       Max VN number :  0.32E-01 at (14,1,10)
 
       Time Step    54300   May 17, 2026  11:20:07
       Step Size:  0.100E-01 s, Total Time:  542.90847 s
       Pressure Iterations: 1
       Maximum Velocity Error:  0.14E-03 on Mesh 1 at (24,13,4)
       Maximum Pressure Error:  0.14E+00 on Mesh 1 at (24,14,4)
       ---------------------------------------------------------------
       Mesh    1
       Max CFL number:  0.55E-01 at (24,13,4)
       Max divergence:  0.39E-02 at (8,15,19)
       Min divergence: -0.55E-03 at (6,16,20)
       Max VN number :  0.29E-01 at (24,2,1)
       Mesh    2
       Max CFL number:  0.42E-01 at (1,13,1)
       Max divergence:  0.36E-02 at (6,1,9)
       Min divergence: -0.49E-03 at (16,15,20)
       Max VN number :  0.35E-01 at (2,13,4)
 
       Time Step    54400   May 17, 2026  11:20:20
       Step Size:  0.100E-01 s, Total Time:  543.90847 s
       Pressure Iterations: 1
       Maximum Velocity Error:  0.14E-03 on Mesh 2 at (0,12,1)
       Maximum Pressure Error:  0.12E+00 on Mesh 1 at (20,13,1)
       ---------------------------------------------------------------
       Mesh    1
       Max CFL number:  0.60E-01 at (20,13,1)
       Max divergence:  0.40E-02 at (8,15,19)
       Min divergence: -0.69E-03 at (8,18,20)
       Max VN number :  0.28E-01 at (1,24,2)
       Mesh    2
       Max CFL number:  0.46E-01 at (1,13,1)
       Max divergence:  0.30E-02 at (16,17,19)
       Min divergence: -0.40E-03 at (16,15,20)
       Max VN number :  0.39E-01 at (6,1,9)
 
       Time Step    54500   May 17, 2026  11:20:37
       Step Size:  0.100E-01 s, Total Time:  544.90847 s
       Pressure Iterations: 1
       Maximum Velocity Error:  0.99E-04 on Mesh 1 at (24,13,1)
       Maximum Pressure Error:  0.86E-01 on Mesh 1 at (22,14,1)
       ---------------------------------------------------------------
       Mesh    1
       Max CFL number:  0.59E-01 at (20,13,3)
       Max divergence:  0.40E-02 at (8,15,19)
       Min divergence: -0.79E-03 at (8,18,20)
       Max VN number :  0.33E-01 at (19,14,6)
       Mesh    2
       Max CFL number:  0.47E-01 at (1,13,1)
       Max divergence:  0.29E-02 at (16,17,19)
       Min divergence: -0.33E-03 at (16,15,20)
       Max VN number :  0.33E-01 at (24,1,6)
 
       Time Step    54600   May 17, 2026  11:21:00
       Step Size:  0.100E-01 s, Total Time:  545.90847 s
       Pressure Iterations: 1
       Maximum Velocity Error:  0.16E-03 on Mesh 1 at (24,11,1)
       Maximum Pressure Error:  0.87E-01 on Mesh 1 at (22,13,7)
       ---------------------------------------------------------------
       Mesh    1
       Max CFL number:  0.52E-01 at (23,13,1)
       Max divergence:  0.39E-02 at (8,15,19)
       Min divergence: -0.10E-02 at (8,18,20)
       Max VN number :  0.33E-01 at (24,13,2)
       Mesh    2
       Max CFL number:  0.44E-01 at (1,13,1)
       Max divergence:  0.30E-02 at (16,16,19)
       Min divergence: -0.22E-03 at (1,13,2)
       Max VN number :  0.35E-01 at (19,14,1)
 
       Time Step    54700   May 17, 2026  11:21:15
       Step Size:  0.100E-01 s, Total Time:  546.90847 s
       Pressure Iterations: 1
       Maximum Velocity Error:  0.20E-03 on Mesh 1 at (24,12,3)
       Maximum Pressure Error:  0.16E+00 on Mesh 2 at (2,14,3)
       ---------------------------------------------------------------
       Mesh    1
       Max CFL number:  0.51E-01 at (23,12,1)
       Max divergence:  0.39E-02 at (8,15,19)
       Min divergence: -0.11E-02 at (8,18,20)
       Max VN number :  0.36E-01 at (19,3,1)
       Mesh    2
       Max CFL number:  0.42E-01 at (2,8,1)
       Max divergence:  0.32E-02 at (16,16,19)
       Min divergence:  0.13E-03 at (16,19,20)
       Max VN number :  0.34E-01 at (4,1,9)
 
       Time Step    54800   May 17, 2026  11:21:45
       Step Size:  0.100E-01 s, Total Time:  547.90847 s
       Pressure Iterations: 1
       Maximum Velocity Error:  0.12E-03 on Mesh 1 at (24,4,2)
       Maximum Pressure Error:  0.96E-01 on Mesh 1 at (23,13,5)
       ---------------------------------------------------------------
       Mesh    1
       Max CFL number:  0.51E-01 at (23,13,5)
       Max divergence:  0.39E-02 at (8,15,19)
       Min divergence: -0.11E-02 at (24,13,2)
       Max VN number :  0.28E-01 at (19,14,3)
       Mesh    2
       Max CFL number:  0.41E-01 at (2,5,1)
       Max divergence:  0.33E-02 at (16,16,19)
       Min divergence:  0.16E-03 at (5,1,11)
       Max VN number :  0.43E-01 at (5,1,9)
 
       Time Step    54900   May 17, 2026  11:22:11
       Step Size:  0.100E-01 s, Total Time:  548.90847 s
       Pressure Iterations: 1
       Maximum Velocity Error:  0.15E-03 on Mesh 1 at (24,13,3)
       Maximum Pressure Error:  0.11E+00 on Mesh 1 at (23,13,5)
       ---------------------------------------------------------------
       Mesh    1
       Max CFL number:  0.57E-01 at (23,13,3)
       Max divergence:  0.39E-02 at (23,13,10)
       Min divergence: -0.62E-03 at (8,18,20)
       Max VN number :  0.37E-01 at (21,2,1)
       Mesh    2
       Max CFL number:  0.41E-01 at (5,1,1)
       Max divergence:  0.40E-02 at (6,1,10)
       Min divergence: -0.92E-04 at (19,17,20)
       Max VN number :  0.40E-01 at (6,1,9)
 
       Time Step    55000   May 17, 2026  11:22:25
       Step Size:  0.100E-01 s, Total Time:  549.90847 s
       Pressure Iterations: 1
       Maximum Velocity Error:  0.14E-03 on Mesh 1 at (24,13,3)
       Maximum Pressure Error:  0.14E+00 on Mesh 1 at (20,14,5)
       ---------------------------------------------------------------
       Mesh    1
       Max CFL number:  0.52E-01 at (23,13,5)
       Max divergence:  0.39E-02 at (23,13,8)
       Min divergence: -0.56E-03 at (24,13,8)
       Max VN number :  0.41E-01 at (24,13,2)
       Mesh    2
       Max CFL number:  0.46E-01 at (1,13,1)
       Max divergence:  0.34E-02 at (16,16,19)
       Min divergence:  0.28E-04 at (19,17,20)
       Max VN number :  0.35E-01 at (7,1,9)
 
       Time Step    55100   May 17, 2026  11:22:48
       Step Size:  0.100E-01 s, Total Time:  550.90847 s
       Pressure Iterations: 1
       Maximum Velocity Error:  0.12E-03 on Mesh 1 at (24,13,5)
       Maximum Pressure Error:  0.22E+00 on Mesh 1 at (20,14,2)
       ---------------------------------------------------------------
       Mesh    1
       Max CFL number:  0.56E-01 at (20,13,3)
       Max divergence:  0.47E-02 at (23,13,12)
       Min divergence: -0.25E-03 at (23,12,12)
       Max VN number :  0.33E-01 at (19,14,7)
       Mesh    2
       Max CFL number:  0.38E-01 at (1,13,1)
       Max divergence:  0.33E-02 at (16,15,19)
       Min divergence:  0.10E-03 at (19,15,20)
       Max VN number :  0.28E-01 at (9,2,1)
 
       Time Step    55200   May 17, 2026  11:23:16
       Step Size:  0.100E-01 s, Total Time:  551.90847 s
       Pressure Iterations: 1
       Maximum Velocity Error:  0.31E-03 on Mesh 1 at (24,9,1)
       Maximum Pressure Error:  0.11E+01 on Mesh 1 at (20,14,4)
       ---------------------------------------------------------------
       Mesh    1
       Max CFL number:  0.57E-01 at (20,13,1)
       Max divergence:  0.53E-02 at (23,13,10)
       Min divergence: -0.79E-03 at (23,12,10)
       Max VN number :  0.37E-01 at (20,2,1)
       Mesh    2
       Max CFL number:  0.36E-01 at (1,12,1)
       Max divergence:  0.34E-02 at (16,15,19)
       Min divergence:  0.32E-04 at (18,15,20)
       Max VN number :  0.26E-01 at (1,14,4)
 
       Time Step    55300   May 17, 2026  11:23:38
       Step Size:  0.100E-01 s, Total Time:  552.90847 s
       Pressure Iterations: 1
       Maximum Velocity Error:  0.14E-03 on Mesh 1 at (24,4,1)
       Maximum Pressure Error:  0.12E+00 on Mesh 1 at (20,14,7)
       ---------------------------------------------------------------
       Mesh    1
       Max CFL number:  0.54E-01 at (21,13,4)
       Max divergence:  0.57E-02 at (23,13,8)
       Min divergence: -0.11E-02 at (24,13,9)
       Max VN number :  0.44E-01 at (20,2,1)
       Mesh    2
       Max CFL number:  0.38E-01 at (1,11,1)
       Max divergence:  0.32E-02 at (16,17,19)
       Min divergence:  0.11E-03 at (18,15,20)
       Max VN number :  0.36E-01 at (1,14,4)
 
       Time Step    55400   May 17, 2026  11:23:58
       Step Size:  0.100E-01 s, Total Time:  553.90847 s
       Pressure Iterations: 1
       Maximum Velocity Error:  0.11E-03 on Mesh 1 at (24,11,1)
       Maximum Pressure Error:  0.14E+00 on Mesh 1 at (22,14,1)
       ---------------------------------------------------------------
       Mesh    1
       Max CFL number:  0.52E-01 at (22,13,5)
       Max divergence:  0.44E-02 at (23,13,6)
       Min divergence: -0.35E-03 at (7,16,20)
       Max VN number :  0.47E-01 at (20,2,1)
       Mesh    2
       Max CFL number:  0.43E-01 at (1,13,1)
       Max divergence:  0.31E-02 at (16,17,19)
       Min divergence: -0.19E-03 at (17,15,20)
       Max VN number :  0.39E-01 at (2,13,2)
 
       Time Step    55500   May 17, 2026  11:24:20
       Step Size:  0.100E-01 s, Total Time:  554.90847 s
       Pressure Iterations: 1
       Maximum Velocity Error:  0.19E-03 on Mesh 1 at (24,3,1)
       Maximum Pressure Error:  0.12E+00 on Mesh 1 at (23,14,1)
       ---------------------------------------------------------------
       Mesh    1
       Max CFL number:  0.54E-01 at (22,13,3)
       Max divergence:  0.37E-02 at (8,15,19)
       Min divergence: -0.36E-03 at (8,18,20)
       Max VN number :  0.50E-01 at (20,2,1)
       Mesh    2
       Max CFL number:  0.44E-01 at (1,13,1)
       Max divergence:  0.30E-02 at (16,16,19)
       Min divergence: -0.31E-03 at (17,15,20)
       Max VN number :  0.29E-01 at (1,14,4)
 
       Time Step    55600   May 17, 2026  11:24:38
       Step Size:  0.100E-01 s, Total Time:  555.90847 s
       Pressure Iterations: 1
       Maximum Velocity Error:  0.17E-03 on Mesh 1 at (24,13,1)
       Maximum Pressure Error:  0.11E+00 on Mesh 1 at (24,14,1)
       ---------------------------------------------------------------
       Mesh    1
       Max CFL number:  0.54E-01 at (24,12,1)
       Max divergence:  0.36E-02 at (8,15,19)
       Min divergence: -0.58E-03 at (8,18,20)
       Max VN number :  0.40E-01 at (20,2,1)
       Mesh    2
       Max CFL number:  0.43E-01 at (1,12,1)
       Max divergence:  0.31E-02 at (16,16,19)
       Min divergence: -0.14E-04 at (17,15,20)
       Max VN number :  0.30E-01 at (4,13,2)
 
       Time Step    55700   May 17, 2026  11:24:53
       Step Size:  0.100E-01 s, Total Time:  556.90847 s
       Pressure Iterations: 1
       Maximum Velocity Error:  0.13E-03 on Mesh 1 at (24,12,1)
       Maximum Pressure Error:  0.11E+00 on Mesh 1 at (23,14,1)
       ---------------------------------------------------------------
       Mesh    1
       Max CFL number:  0.57E-01 at (23,13,2)
       Max divergence:  0.35E-02 at (8,15,19)
       Min divergence: -0.51E-03 at (8,18,20)
       Max VN number :  0.30E-01 at (20,13,2)
       Mesh    2
       Max CFL number:  0.47E-01 at (1,7,1)
       Max divergence:  0.30E-02 at (16,16,19)
       Min divergence: -0.15E-03 at (1,13,2)
       Max VN number :  0.41E-01 at (8,11,1)
 
       Time Step    55800   May 17, 2026  11:25:15
       Step Size:  0.100E-01 s, Total Time:  557.90847 s
       Pressure Iterations: 1
       Maximum Velocity Error:  0.10E-03 on Mesh 1 at (24,6,1)
       Maximum Pressure Error:  0.10E+00 on Mesh 1 at (23,13,5)
       ---------------------------------------------------------------
       Mesh    1
       Max CFL number:  0.54E-01 at (23,13,3)
       Max divergence:  0.35E-02 at (8,15,19)
       Min divergence: -0.36E-03 at (8,18,20)
       Max VN number :  0.24E-01 at (24,13,2)
       Mesh    2
       Max CFL number:  0.41E-01 at (1,5,1)
       Max divergence:  0.31E-02 at (16,16,19)
       Min divergence:  0.15E-03 at (19,17,20)
       Max VN number :  0.37E-01 at (8,11,1)
 
       Time Step    55900   May 17, 2026  11:25:45
       Step Size:  0.100E-01 s, Total Time:  558.90847 s
       Pressure Iterations: 1
       Maximum Velocity Error:  0.75E-04 on Mesh 1 at (24,13,2)
       Maximum Pressure Error:  0.75E-01 on Mesh 1 at (23,13,3)
       ---------------------------------------------------------------
       Mesh    1
       Max CFL number:  0.51E-01 at (23,13,1)
       Max divergence:  0.35E-02 at (7,17,19)
       Min divergence: -0.24E-03 at (8,18,20)
       Max VN number :  0.35E-01 at (24,13,2)
       Mesh    2
       Max CFL number:  0.39E-01 at (1,13,1)
       Max divergence:  0.31E-02 at (16,16,19)
       Min divergence:  0.19E-03 at (19,17,20)
       Max VN number :  0.37E-01 at (8,11,1)
 
       Time Step    56000   May 17, 2026  11:26:04
       Step Size:  0.100E-01 s, Total Time:  559.90847 s
       Pressure Iterations: 1
       Maximum Velocity Error:  0.14E-03 on Mesh 1 at (24,9,1)
       Maximum Pressure Error:  0.12E+00 on Mesh 2 at (2,14,2)
       ---------------------------------------------------------------
       Mesh    1
       Max CFL number:  0.54E-01 at (23,13,3)
       Max divergence:  0.38E-02 at (9,18,19)
       Min divergence: -0.30E-03 at (8,18,20)
       Max VN number :  0.28E-01 at (18,13,4)
       Mesh    2
       Max CFL number:  0.38E-01 at (4,1,1)
       Max divergence:  0.31E-02 at (16,16,19)
       Min divergence:  0.27E-03 at (19,17,20)
       Max VN number :  0.38E-01 at (11,1,9)
 
       Time Step    56100   May 17, 2026  11:26:21
       Step Size:  0.100E-01 s, Total Time:  560.90847 s
       Pressure Iterations: 1
       Maximum Velocity Error:  0.75E-04 on Mesh 1 at (24,12,4)
       Maximum Pressure Error:  0.71E-01 on Mesh 1 at (23,13,3)
       ---------------------------------------------------------------
       Mesh    1
       Max CFL number:  0.47E-01 at (23,13,1)
       Max divergence:  0.39E-02 at (9,18,19)
       Min divergence: -0.43E-03 at (8,18,20)
       Max VN number :  0.67E-01 at (22,13,2)
       Mesh    2
       Max CFL number:  0.36E-01 at (1,13,1)
       Max divergence:  0.42E-02 at (2,1,9)
       Min divergence:  0.22E-03 at (2,1,10)
       Max VN number :  0.37E-01 at (12,1,9)
 
       Time Step    56200   May 17, 2026  11:26:40
       Step Size:  0.100E-01 s, Total Time:  561.90847 s
       Pressure Iterations: 1
       Maximum Velocity Error:  0.14E-03 on Mesh 2 at (0,12,1)
       Maximum Pressure Error:  0.73E-01 on Mesh 1 at (20,14,3)
       ---------------------------------------------------------------
       Mesh    1
       Max CFL number:  0.45E-01 at (20,13,1)
       Max divergence:  0.37E-02 at (7,17,19)
       Min divergence: -0.54E-03 at (8,18,20)
       Max VN number :  0.26E-01 at (18,13,2)
       Mesh    2
       Max CFL number:  0.38E-01 at (1,12,1)
       Max divergence:  0.34E-02 at (3,1,9)
       Min divergence:  0.41E-03 at (17,18,20)
       Max VN number :  0.31E-01 at (3,1,8)
 
       Time Step    56300   May 17, 2026  11:26:57
       Step Size:  0.100E-01 s, Total Time:  562.90847 s
       Pressure Iterations: 1
       Maximum Velocity Error:  0.89E-04 on Mesh 1 at (24,13,1)
       Maximum Pressure Error:  0.70E-01 on Mesh 1 at (23,13,5)
       ---------------------------------------------------------------
       Mesh    1
       Max CFL number:  0.48E-01 at (23,13,5)
       Max divergence:  0.43E-02 at (23,13,7)
       Min divergence: -0.50E-03 at (8,18,20)
       Max VN number :  0.26E-01 at (23,13,7)
       Mesh    2
       Max CFL number:  0.34E-01 at (19,18,20)
       Max divergence:  0.34E-02 at (14,1,9)
       Min divergence:  0.29E-03 at (17,18,20)
       Max VN number :  0.24E-01 at (1,27,1)
 
       Time Step    56400   May 17, 2026  11:27:12
       Step Size:  0.100E-01 s, Total Time:  563.90847 s
       Pressure Iterations: 1
       Maximum Velocity Error:  0.12E-03 on Mesh 1 at (24,13,1)
       Maximum Pressure Error:  0.81E-01 on Mesh 1 at (23,13,2)
       ---------------------------------------------------------------
       Mesh    1
       Max CFL number:  0.49E-01 at (23,13,3)
       Max divergence:  0.37E-02 at (7,17,19)
       Min divergence: -0.28E-03 at (7,16,20)
       Max VN number :  0.25E-01 at (21,1,2)
       Mesh    2
       Max CFL number:  0.35E-01 at (16,18,20)
       Max divergence:  0.32E-02 at (9,1,9)
       Min divergence:  0.33E-03 at (17,18,20)
       Max VN number :  0.32E-01 at (2,13,2)
 
       Time Step    56500   May 17, 2026  11:27:32
       Step Size:  0.100E-01 s, Total Time:  564.90847 s
       Pressure Iterations: 1
       Maximum Velocity Error:  0.18E-03 on Mesh 2 at (0,11,2)
       Maximum Pressure Error:  0.16E+00 on Mesh 2 at (2,14,2)
       ---------------------------------------------------------------
       Mesh    1
       Max CFL number:  0.43E-01 at (21,5,1)
       Max divergence:  0.36E-02 at (7,17,19)
       Min divergence: -0.34E-03 at (7,16,20)
       Max VN number :  0.30E-01 at (24,13,2)
       Mesh    2
       Max CFL number:  0.40E-01 at (1,13,1)
       Max divergence:  0.34E-02 at (16,15,19)
       Min divergence:  0.26E-03 at (18,15,20)
       Max VN number :  0.32E-01 at (9,1,9)
 
       Time Step    56600   May 17, 2026  11:27:50
       Step Size:  0.100E-01 s, Total Time:  565.90847 s
       Pressure Iterations: 1
       Maximum Velocity Error:  0.12E-03 on Mesh 1 at (24,12,4)
       Maximum Pressure Error:  0.93E-01 on Mesh 1 at (24,14,6)
       ---------------------------------------------------------------
       Mesh    1
       Max CFL number:  0.47E-01 at (23,12,1)
       Max divergence:  0.36E-02 at (8,15,19)
       Min divergence: -0.32E-03 at (7,16,20)
       Max VN number :  0.31E-01 at (24,2,1)
       Mesh    2
       Max CFL number:  0.35E-01 at (16,18,20)
       Max divergence:  0.35E-02 at (16,15,19)
       Min divergence:  0.39E-03 at (18,15,20)
       Max VN number :  0.32E-01 at (20,14,1)
 
       Time Step    56700   May 17, 2026  11:28:04
       Step Size:  0.100E-01 s, Total Time:  566.90847 s
       Pressure Iterations: 1
       Maximum Velocity Error:  0.15E-03 on Mesh 1 at (24,13,3)
       Maximum Pressure Error:  0.12E+00 on Mesh 1 at (24,14,3)
       ---------------------------------------------------------------
       Mesh    1
       Max CFL number:  0.46E-01 at (24,13,1)
       Max divergence:  0.36E-02 at (8,15,19)
       Min divergence: -0.21E-03 at (7,16,20)
       Max VN number :  0.34E-01 at (21,2,1)
       Mesh    2
       Max CFL number:  0.35E-01 at (16,18,20)
       Max divergence:  0.33E-02 at (16,15,19)
       Min divergence:  0.13E-03 at (17,15,20)
       Max VN number :  0.25E-01 at (2,13,4)
 
       Time Step    56800   May 17, 2026  11:28:19
       Step Size:  0.100E-01 s, Total Time:  567.90847 s
       Pressure Iterations: 1
       Maximum Velocity Error:  0.10E-03 on Mesh 1 at (24,5,20)
       Maximum Pressure Error:  0.10E+00 on Mesh 2 at (2,14,15)
       ---------------------------------------------------------------
       Mesh    1
       Max CFL number:  0.46E-01 at (21,13,2)
       Max divergence:  0.35E-02 at (8,15,19)
       Min divergence: -0.87E-03 at (24,13,3)
       Max VN number :  0.43E-01 at (24,13,3)
       Mesh    2
       Max CFL number:  0.41E-01 at (1,13,1)
       Max divergence:  0.32E-02 at (18,18,19)
       Min divergence:  0.25E-03 at (17,15,20)
       Max VN number :  0.31E-01 at (24,1,3)
 
       Time Step    56900   May 17, 2026  11:28:38
       Step Size:  0.100E-01 s, Total Time:  568.90847 s
       Pressure Iterations: 1
       Maximum Velocity Error:  0.98E-04 on Mesh 1 at (24,10,1)
       Maximum Pressure Error:  0.74E-01 on Mesh 1 at (20,14,6)
       ---------------------------------------------------------------
       Mesh    1
       Max CFL number:  0.45E-01 at (23,12,1)
       Max divergence:  0.35E-02 at (10,17,19)
       Min divergence:  0.16E-03 at (7,16,20)
       Max VN number :  0.28E-01 at (20,13,2)
       Mesh    2
       Max CFL number:  0.34E-01 at (19,18,20)
       Max divergence:  0.32E-02 at (18,18,19)
       Min divergence:  0.46E-03 at (20,16,20)
       Max VN number :  0.35E-01 at (24,1,3)
 
       Time Step    57000   May 17, 2026  11:28:52
       Step Size:  0.100E-01 s, Total Time:  569.90847 s
       Pressure Iterations: 1
       Maximum Velocity Error:  0.24E-03 on Mesh 1 at (24,11,1)
       Maximum Pressure Error:  0.11E+01 on Mesh 1 at (20,14,2)
       ---------------------------------------------------------------
       Mesh    1
       Max CFL number:  0.42E-01 at (21,9,1)
       Max divergence:  0.34E-02 at (10,16,19)
       Min divergence:  0.20E-03 at (7,16,20)
       Max VN number :  0.23E-01 at (24,13,2)
       Mesh    2
       Max CFL number:  0.34E-01 at (19,18,20)
       Max divergence:  0.32E-02 at (16,15,19)
       Min divergence:  0.47E-03 at (19,17,20)
       Max VN number :  0.23E-01 at (24,1,3)
 
       Time Step    57100   May 17, 2026  11:29:05
       Step Size:  0.100E-01 s, Total Time:  570.90847 s
       Pressure Iterations: 1
       Maximum Velocity Error:  0.12E-03 on Mesh 1 at (24,10,1)
       Maximum Pressure Error:  0.10E+00 on Mesh 1 at (20,14,3)
       ---------------------------------------------------------------
       Mesh    1
       Max CFL number:  0.44E-01 at (23,13,3)
       Max divergence:  0.35E-02 at (10,16,19)
       Min divergence:  0.28E-03 at (7,16,20)
       Max VN number :  0.25E-01 at (21,2,1)
       Mesh    2
       Max CFL number:  0.37E-01 at (1,8,1)
       Max divergence:  0.32E-02 at (16,15,19)
       Min divergence:  0.50E-03 at (19,17,20)
       Max VN number :  0.33E-01 at (7,1,8)
 
       Time Step    57200   May 17, 2026  11:29:23
       Step Size:  0.100E-01 s, Total Time:  571.90847 s
       Pressure Iterations: 1
       Maximum Velocity Error:  0.76E-04 on Mesh 1 at (24,8,1)
       Maximum Pressure Error:  0.50E-01 on Mesh 1 at (22,13,5)
       ---------------------------------------------------------------
       Mesh    1
       Max CFL number:  0.47E-01 at (23,13,1)
       Max divergence:  0.35E-02 at (10,16,19)
       Min divergence:  0.22E-03 at (7,16,20)
       Max VN number :  0.24E-01 at (24,13,2)
       Mesh    2
       Max CFL number:  0.34E-01 at (1,8,1)
       Max divergence:  0.33E-02 at (16,15,19)
       Min divergence:  0.48E-03 at (17,14,20)
       Max VN number :  0.27E-01 at (18,22,1)
 
       Time Step    57300   May 17, 2026  11:29:39
       Step Size:  0.100E-01 s, Total Time:  572.90847 s
       Pressure Iterations: 1
       Maximum Velocity Error:  0.17E-03 on Mesh 1 at (24,2,1)
       Maximum Pressure Error:  0.11E+00 on Mesh 1 at (20,14,1)
       ---------------------------------------------------------------
       Mesh    1
       Max CFL number:  0.43E-01 at (20,13,3)
       Max divergence:  0.35E-02 at (10,16,19)
       Min divergence:  0.30E-04 at (7,16,20)
       Max VN number :  0.23E-01 at (17,13,4)
       Mesh    2
       Max CFL number:  0.34E-01 at (16,18,20)
       Max divergence:  0.32E-02 at (16,15,19)
       Min divergence:  0.51E-03 at (17,14,20)
       Max VN number :  0.24E-01 at (10,7,1)
 
       Time Step    57400   May 17, 2026  11:29:56
       Step Size:  0.100E-01 s, Total Time:  573.90847 s
       Pressure Iterations: 1
       Maximum Velocity Error:  0.52E-04 on Mesh 1 at (24,13,3)
       Maximum Pressure Error:  0.69E-01 on Mesh 1 at (22,13,5)
       ---------------------------------------------------------------
       Mesh    1
       Max CFL number:  0.47E-01 at (20,13,1)
       Max divergence:  0.35E-02 at (8,15,19)
       Min divergence:  0.23E-04 at (7,16,20)
       Max VN number :  0.26E-01 at (21,4,1)
       Mesh    2
       Max CFL number:  0.34E-01 at (16,18,20)
       Max divergence:  0.31E-02 at (18,15,19)
       Min divergence:  0.60E-03 at (17,14,20)
       Max VN number :  0.27E-01 at (8,13,2)
 
       Time Step    57500   May 17, 2026  11:30:14
       Step Size:  0.100E-01 s, Total Time:  574.90847 s
       Pressure Iterations: 1
       Maximum Velocity Error:  0.77E-04 on Mesh 2 at (0,13,4)
       Maximum Pressure Error:  0.67E-01 on Mesh 1 at (23,13,3)
       ---------------------------------------------------------------
       Mesh    1
       Max CFL number:  0.45E-01 at (23,13,4)
       Max divergence:  0.36E-02 at (8,15,19)
       Min divergence:  0.13E-03 at (7,16,20)
       Max VN number :  0.21E-01 at (14,1,6)
       Mesh    2
       Max CFL number:  0.34E-01 at (16,18,20)
       Max divergence:  0.30E-02 at (18,15,19)
       Min divergence:  0.58E-03 at (16,18,20)
       Max VN number :  0.24E-01 at (6,1,8)
 
       Time Step    57600   May 17, 2026  11:30:30
       Step Size:  0.100E-01 s, Total Time:  575.90847 s
       Pressure Iterations: 1
       Maximum Velocity Error:  0.11E-03 on Mesh 2 at (0,13,2)
       Maximum Pressure Error:  0.83E-01 on Mesh 1 at (22,13,3)
       ---------------------------------------------------------------
       Mesh    1
       Max CFL number:  0.47E-01 at (23,13,2)
       Max divergence:  0.37E-02 at (8,15,19)
       Min divergence: -0.47E-03 at (24,13,3)
       Max VN number :  0.41E-01 at (24,13,3)
       Mesh    2
       Max CFL number:  0.34E-01 at (16,18,20)
       Max divergence:  0.31E-02 at (1,14,15)
       Min divergence:  0.53E-03 at (16,18,20)
       Max VN number :  0.26E-01 at (14,5,1)
 
       Time Step    57700   May 17, 2026  11:30:45
       Step Size:  0.100E-01 s, Total Time:  576.90847 s
       Pressure Iterations: 1
       Maximum Velocity Error:  0.96E-04 on Mesh 1 at (24,12,1)
       Maximum Pressure Error:  0.59E-01 on Mesh 1 at (23,14,1)
       ---------------------------------------------------------------
       Mesh    1
       Max CFL number:  0.48E-01 at (23,12,1)
       Max divergence:  0.37E-02 at (8,15,19)
       Min divergence:  0.33E-03 at (7,16,20)
       Max VN number :  0.38E-01 at (24,13,2)
       Mesh    2
       Max CFL number:  0.34E-01 at (16,18,20)
       Max divergence:  0.32E-02 at (1,14,15)
       Min divergence:  0.65E-03 at (19,15,20)
       Max VN number :  0.20E-01 at (19,11,1)
 
       Time Step    57800   May 17, 2026  11:30:59
       Step Size:  0.100E-01 s, Total Time:  577.90847 s
       Pressure Iterations: 1
       Maximum Velocity Error:  0.16E-03 on Mesh 1 at (24,7,1)
       Maximum Pressure Error:  0.13E+00 on Mesh 2 at (2,14,2)
       ---------------------------------------------------------------
       Mesh    1
       Max CFL number:  0.40E-01 at (21,13,4)
       Max divergence:  0.36E-02 at (8,15,19)
       Min divergence:  0.46E-03 at (9,15,20)
       Max VN number :  0.29E-01 at (24,13,2)
       Mesh    2
       Max CFL number:  0.34E-01 at (16,18,20)
       Max divergence:  0.32E-02 at (1,14,15)
       Min divergence:  0.57E-03 at (19,15,20)
       Max VN number :  0.20E-01 at (2,2,1)
 
       Time Step    57900   May 17, 2026  11:31:16
       Step Size:  0.100E-01 s, Total Time:  578.90847 s
       Pressure Iterations: 1
       Maximum Velocity Error:  0.74E-04 on Mesh 2 at (0,13,5)
       Maximum Pressure Error:  0.58E-01 on Mesh 1 at (24,14,5)
       ---------------------------------------------------------------
       Mesh    1
       Max CFL number:  0.39E-01 at (24,13,4)
       Max divergence:  0.34E-02 at (8,15,19)
       Min divergence:  0.51E-03 at (10,17,20)
       Max VN number :  0.29E-01 at (21,2,1)
       Mesh    2
       Max CFL number:  0.34E-01 at (16,18,20)
       Max divergence:  0.31E-02 at (1,14,15)
       Min divergence:  0.50E-03 at (19,15,20)
       Max VN number :  0.26E-01 at (4,13,2)
 
       Time Step    58000   May 17, 2026  11:31:30
       Step Size:  0.100E-01 s, Total Time:  579.90847 s
       Pressure Iterations: 1
       Maximum Velocity Error:  0.97E-04 on Mesh 1 at (24,5,1)
       Maximum Pressure Error:  0.73E-01 on Mesh 1 at (24,14,3)
       ---------------------------------------------------------------
       Mesh    1
       Max CFL number:  0.42E-01 at (23,13,3)
       Max divergence:  0.33E-02 at (10,18,19)
       Min divergence:  0.64E-03 at (10,17,20)
       Max VN number :  0.29E-01 at (21,2,1)
       Mesh    2
       Max CFL number:  0.34E-01 at (16,18,20)
       Max divergence:  0.31E-02 at (1,14,15)
       Min divergence:  0.61E-03 at (19,16,20)
       Max VN number :  0.31E-01 at (2,13,4)
 
       Time Step    58100   May 17, 2026  11:31:43
       Step Size:  0.100E-01 s, Total Time:  580.90847 s
       Pressure Iterations: 1
       Maximum Velocity Error:  0.62E-04 on Mesh 1 at (24,4,1)
       Maximum Pressure Error:  0.88E-01 on Mesh 1 at (23,14,1)
       ---------------------------------------------------------------
       Mesh    1
       Max CFL number:  0.44E-01 at (23,13,2)
       Max divergence:  0.33E-02 at (10,18,19)
       Min divergence:  0.30E-03 at (24,13,3)
       Max VN number :  0.33E-01 at (24,13,2)
       Mesh    2
       Max CFL number:  0.34E-01 at (16,18,20)
       Max divergence:  0.31E-02 at (1,14,14)
       Min divergence:  0.74E-03 at (17,18,20)
       Max VN number :  0.21E-01 at (2,13,2)
 
       Time Step    58200   May 17, 2026  11:32:02
       Step Size:  0.100E-01 s, Total Time:  581.90847 s
       Pressure Iterations: 1
       Maximum Velocity Error:  0.10E-03 on Mesh 1 at (24,12,1)
       Maximum Pressure Error:  0.60E-01 on Mesh 1 at (20,14,1)
       ---------------------------------------------------------------
       Mesh    1
       Max CFL number:  0.40E-01 at (23,12,1)
       Max divergence:  0.34E-02 at (9,18,19)
       Min divergence:  0.74E-03 at (24,13,2)
       Max VN number :  0.35E-01 at (24,13,2)
       Mesh    2
       Max CFL number:  0.34E-01 at (19,18,20)
       Max divergence:  0.31E-02 at (1,14,14)
       Min divergence:  0.82E-03 at (17,18,20)
       Max VN number :  0.31E-01 at (6,11,1)
 
       Time Step    58300   May 17, 2026  11:32:20
       Step Size:  0.100E-01 s, Total Time:  582.90847 s
       Pressure Iterations: 1
       Maximum Velocity Error:  0.20E-03 on Mesh 1 at (24,11,1)
       Maximum Pressure Error:  0.15E+00 on Mesh 2 at (2,14,8)
       ---------------------------------------------------------------
       Mesh    1
       Max CFL number:  0.38E-01 at (20,13,1)
       Max divergence:  0.36E-02 at (9,18,19)
       Min divergence:  0.88E-03 at (7,16,20)
       Max VN number :  0.34E-01 at (23,2,1)
       Mesh    2
       Max CFL number:  0.34E-01 at (19,18,20)
       Max divergence:  0.32E-02 at (1,14,14)
       Min divergence:  0.99E-03 at (19,17,20)
       Max VN number :  0.25E-01 at (6,11,1)
 
       Time Step    58400   May 17, 2026  11:32:37
       Step Size:  0.100E-01 s, Total Time:  583.90847 s
       Pressure Iterations: 1
       Maximum Velocity Error:  0.96E-04 on Mesh 2 at (0,6,3)
       Maximum Pressure Error:  0.64E-01 on Mesh 1 at (20,14,5)
       ---------------------------------------------------------------
       Mesh    1
       Max CFL number:  0.36E-01 at (22,13,7)
       Max divergence:  0.38E-02 at (9,18,19)
       Min divergence:  0.91E-03 at (8,18,20)
       Max VN number :  0.27E-01 at (24,13,2)
       Mesh    2
       Max CFL number:  0.36E-01 at (1,7,1)
       Max divergence:  0.32E-02 at (1,14,14)
       Min divergence:  0.92E-03 at (19,17,20)
       Max VN number :  0.23E-01 at (3,13,2)
 
       Time Step    58500   May 17, 2026  11:32:52
       Step Size:  0.100E-01 s, Total Time:  584.90847 s
       Pressure Iterations: 1
       Maximum Velocity Error:  0.72E-04 on Mesh 1 at (24,6,1)
       Maximum Pressure Error:  0.52E-01 on Mesh 1 at (22,13,6)
       ---------------------------------------------------------------
       Mesh    1
       Max CFL number:  0.35E-01 at (21,13,2)
       Max divergence:  0.39E-02 at (9,18,19)
       Min divergence:  0.77E-03 at (10,18,20)
       Max VN number :  0.21E-01 at (22,9,1)
       Mesh    2
       Max CFL number:  0.34E-01 at (16,18,20)
       Max divergence:  0.33E-02 at (19,15,19)
       Min divergence:  0.90E-03 at (19,17,20)
       Max VN number :  0.25E-01 at (3,13,2)
 
       Time Step    58600   May 17, 2026  11:33:08
       Step Size:  0.100E-01 s, Total Time:  585.90847 s
       Pressure Iterations: 1
       Maximum Velocity Error:  0.11E-03 on Mesh 1 at (24,3,19)
       Maximum Pressure Error:  0.11E+00 on Mesh 2 at (2,14,15)
       ---------------------------------------------------------------
       Mesh    1
       Max CFL number:  0.35E-01 at (10,18,20)
       Max divergence:  0.40E-02 at (9,18,19)
       Min divergence:  0.60E-03 at (10,18,20)
       Max VN number :  0.25E-01 at (23,7,1)
       Mesh    2
       Max CFL number:  0.34E-01 at (16,18,20)
       Max divergence:  0.35E-02 at (19,15,19)
       Min divergence:  0.70E-03 at (19,15,20)
       Max VN number :  0.31E-01 at (4,5,1)
 
       Time Step    58700   May 17, 2026  11:33:22
       Step Size:  0.100E-01 s, Total Time:  586.90847 s
       Pressure Iterations: 1
       Maximum Velocity Error:  0.73E-04 on Mesh 1 at (24,12,1)
       Maximum Pressure Error:  0.63E-01 on Mesh 1 at (20,14,2)
       ---------------------------------------------------------------
       Mesh    1
       Max CFL number:  0.36E-01 at (20,13,3)
       Max divergence:  0.40E-02 at (9,18,19)
       Min divergence:  0.53E-03 at (10,18,20)
       Max VN number :  0.27E-01 at (20,7,1)
       Mesh    2
       Max CFL number:  0.34E-01 at (16,18,20)
       Max divergence:  0.34E-02 at (19,15,19)
       Min divergence:  0.32E-03 at (19,15,20)
       Max VN number :  0.24E-01 at (4,5,1)
 
       Time Step    58800   May 17, 2026  11:33:42
       Step Size:  0.100E-01 s, Total Time:  587.90847 s
       Pressure Iterations: 1
       Maximum Velocity Error:  0.23E-03 on Mesh 1 at (24,11,4)
       Maximum Pressure Error:  0.11E+01 on Mesh 1 at (20,14,4)
       ---------------------------------------------------------------
       Mesh    1
       Max CFL number:  0.36E-01 at (20,13,1)
       Max divergence:  0.39E-02 at (9,18,19)
       Min divergence:  0.60E-03 at (10,18,20)
       Max VN number :  0.22E-01 at (24,5,1)
       Mesh    2
       Max CFL number:  0.34E-01 at (16,18,20)
       Max divergence:  0.34E-02 at (1,14,14)
       Min divergence:  0.39E-03 at (19,15,20)
       Max VN number :  0.27E-01 at (4,4,1)
 
       Time Step    58900   May 17, 2026  11:34:02
       Step Size:  0.100E-01 s, Total Time:  588.90847 s
       Pressure Iterations: 1
       Maximum Velocity Error:  0.89E-04 on Mesh 1 at (24,13,11)
       Maximum Pressure Error:  0.10E+00 on Mesh 2 at (2,14,15)
       ---------------------------------------------------------------
       Mesh    1
       Max CFL number:  0.34E-01 at (10,18,20)
       Max divergence:  0.38E-02 at (9,18,19)
       Min divergence:  0.69E-03 at (7,16,20)
       Max VN number :  0.17E-01 at (12,11,1)
       Mesh    2
       Max CFL number:  0.34E-01 at (16,18,20)
       Max divergence:  0.34E-02 at (1,14,14)
       Min divergence:  0.64E-03 at (19,15,20)
       Max VN number :  0.41E-01 at (3,11,1)
 
       Time Step    59000   May 17, 2026  11:34:26
       Step Size:  0.100E-01 s, Total Time:  589.90847 s
       Pressure Iterations: 1
       Maximum Velocity Error:  0.35E-04 on Mesh 1 at (24,3,2)
       Maximum Pressure Error:  0.27E-01 on Mesh 1 at (20,14,7)
       ---------------------------------------------------------------
       Mesh    1
       Max CFL number:  0.34E-01 at (10,18,20)
       Max divergence:  0.38E-02 at (9,18,19)
       Min divergence:  0.70E-03 at (10,17,20)
       Max VN number :  0.17E-01 at (19,31,1)
       Mesh    2
       Max CFL number:  0.34E-01 at (19,18,20)
       Max divergence:  0.34E-02 at (1,14,15)
       Min divergence:  0.84E-03 at (19,15,20)
       Max VN number :  0.39E-01 at (3,11,1)
 
       Time Step    59100   May 17, 2026  11:34:44
       Step Size:  0.100E-01 s, Total Time:  590.90847 s
       Pressure Iterations: 1
       Maximum Velocity Error:  0.20E-03 on Mesh 2 at (0,1,1)
       Maximum Pressure Error:  0.77E-01 on Mesh 2 at (2,14,15)
       ---------------------------------------------------------------
       Mesh    1
       Max CFL number:  0.34E-01 at (10,18,20)
       Max divergence:  0.37E-02 at (9,18,19)
       Min divergence:  0.62E-03 at (7,16,20)
       Max VN number :  0.16E-01 at (19,31,1)
       Mesh    2
       Max CFL number:  0.34E-01 at (19,18,20)
       Max divergence:  0.35E-02 at (16,15,19)
       Min divergence:  0.81E-03 at (18,15,20)
       Max VN number :  0.19E-01 at (3,11,1)
 
       Time Step    59200   May 17, 2026  11:35:00
       Step Size:  0.100E-01 s, Total Time:  591.90847 s
       Pressure Iterations: 1
       Maximum Velocity Error:  0.52E-04 on Mesh 1 at (24,1,1)
       Maximum Pressure Error:  0.29E-01 on Mesh 2 at (2,14,15)
       ---------------------------------------------------------------
       Mesh    1
       Max CFL number:  0.34E-01 at (10,18,20)
       Max divergence:  0.37E-02 at (9,18,19)
       Min divergence:  0.56E-03 at (7,16,20)
       Max VN number :  0.29E-01 at (22,2,1)
       Mesh    2
       Max CFL number:  0.34E-01 at (19,18,20)
       Max divergence:  0.36E-02 at (16,15,19)
       Min divergence:  0.83E-03 at (18,15,20)
       Max VN number :  0.17E-01 at (9,6,1)
 
       Time Step    59300   May 17, 2026  11:35:17
       Step Size:  0.100E-01 s, Total Time:  592.90847 s
       Pressure Iterations: 1
       Maximum Velocity Error:  0.44E-04 on Mesh 1 at (24,1,1)
       Maximum Pressure Error:  0.38E-01 on Mesh 1 at (20,14,2)
       ---------------------------------------------------------------
       Mesh    1
       Max CFL number:  0.34E-01 at (10,18,20)
       Max divergence:  0.36E-02 at (9,18,19)
       Min divergence:  0.56E-03 at (7,16,20)
       Max VN number :  0.20E-01 at (13,7,1)
       Mesh    2
       Max CFL number:  0.34E-01 at (16,18,20)
       Max divergence:  0.36E-02 at (16,15,19)
       Min divergence:  0.75E-03 at (17,15,20)
       Max VN number :  0.16E-01 at (10,6,1)
 
       Time Step    59400   May 17, 2026  11:35:35
       Step Size:  0.100E-01 s, Total Time:  593.90847 s
       Pressure Iterations: 1
       Maximum Velocity Error:  0.64E-04 on Mesh 1 at (24,2,19)
       Maximum Pressure Error:  0.66E-01 on Mesh 2 at (2,14,15)
       ---------------------------------------------------------------
       Mesh    1
       Max CFL number:  0.35E-01 at (10,18,20)
       Max divergence:  0.36E-02 at (9,18,19)
       Min divergence:  0.63E-03 at (7,16,20)
       Max VN number :  0.20E-01 at (13,7,1)
       Mesh    2
       Max CFL number:  0.34E-01 at (16,18,20)
       Max divergence:  0.36E-02 at (16,15,19)
       Min divergence:  0.76E-03 at (17,15,20)
       Max VN number :  0.26E-01 at (3,11,1)
 
       Time Step    59500   May 17, 2026  11:35:55
       Step Size:  0.100E-01 s, Total Time:  594.90847 s
       Pressure Iterations: 1
       Maximum Velocity Error:  0.33E-04 on Mesh 1 at (24,11,1)
       Maximum Pressure Error:  0.33E-01 on Mesh 2 at (2,14,15)
       ---------------------------------------------------------------
       Mesh    1
       Max CFL number:  0.35E-01 at (10,18,20)
       Max divergence:  0.36E-02 at (9,18,19)
       Min divergence:  0.78E-03 at (7,16,20)
       Max VN number :  0.17E-01 at (13,7,1)
       Mesh    2
       Max CFL number:  0.34E-01 at (16,18,20)
       Max divergence:  0.35E-02 at (16,15,19)
       Min divergence:  0.11E-02 at (20,16,20)
       Max VN number :  0.38E-01 at (3,11,1)
 
       Time Step    59600   May 17, 2026  11:36:14
       Step Size:  0.100E-01 s, Total Time:  595.90847 s
       Pressure Iterations: 1
       Maximum Velocity Error:  0.13E-03 on Mesh 1 at (24,5,2)
       Maximum Pressure Error:  0.12E+00 on Mesh 2 at (2,14,2)
       ---------------------------------------------------------------
       Mesh    1
       Max CFL number:  0.35E-01 at (10,18,20)
       Max divergence:  0.35E-02 at (9,18,19)
       Min divergence:  0.10E-02 at (7,16,20)
       Max VN number :  0.13E-01 at (21,30,1)
       Mesh    2
       Max CFL number:  0.34E-01 at (16,18,20)
       Max divergence:  0.34E-02 at (16,15,19)
       Min divergence:  0.93E-03 at (19,17,20)
       Max VN number :  0.32E-01 at (3,11,1)
 
       Time Step    59700   May 17, 2026  11:36:30
       Step Size:  0.100E-01 s, Total Time:  596.90847 s
       Pressure Iterations: 1
       Maximum Velocity Error:  0.42E-04 on Mesh 1 at (24,12,1)
       Maximum Pressure Error:  0.33E-01 on Mesh 1 at (24,14,1)
       ---------------------------------------------------------------
       Mesh    1
       Max CFL number:  0.35E-01 at (10,18,20)
       Max divergence:  0.35E-02 at (9,18,19)
       Min divergence:  0.98E-03 at (10,18,20)
       Max VN number :  0.19E-01 at (24,1,6)
       Mesh    2
       Max CFL number:  0.34E-01 at (16,18,20)
       Max divergence:  0.34E-02 at (1,14,15)
       Min divergence:  0.96E-03 at (19,17,20)
       Max VN number :  0.20E-01 at (2,13,9)
 
       Time Step    59800   May 17, 2026  11:36:49
       Step Size:  0.100E-01 s, Total Time:  597.90847 s
       Pressure Iterations: 1
       Maximum Velocity Error:  0.60E-04 on Mesh 1 at (24,12,1)
       Maximum Pressure Error:  0.52E-01 on Mesh 2 at (2,14,15)
       ---------------------------------------------------------------
       Mesh    1
       Max CFL number:  0.34E-01 at (10,18,20)
       Max divergence:  0.35E-02 at (9,18,19)
       Min divergence:  0.89E-03 at (7,16,20)
       Max VN number :  0.22E-01 at (24,1,6)
       Mesh    2
       Max CFL number:  0.34E-01 at (16,18,20)
       Max divergence:  0.34E-02 at (1,14,15)
       Min divergence:  0.11E-02 at (19,17,20)
       Max VN number :  0.22E-01 at (4,13,2)
 
       Time Step    59900   May 17, 2026  11:37:05
       Step Size:  0.100E-01 s, Total Time:  598.90847 s
       Pressure Iterations: 1
       Maximum Velocity Error:  0.45E-04 on Mesh 1 at (24,20,1)
       Maximum Pressure Error:  0.61E-01 on Mesh 2 at (2,19,1)
       ---------------------------------------------------------------
       Mesh    1
       Max CFL number:  0.34E-01 at (10,18,20)
       Max divergence:  0.35E-02 at (9,18,19)
       Min divergence:  0.95E-03 at (7,16,20)
       Max VN number :  0.16E-01 at (15,11,1)
       Mesh    2
       Max CFL number:  0.34E-01 at (16,18,20)
       Max divergence:  0.35E-02 at (1,14,15)
       Min divergence:  0.13E-02 at (19,17,20)
       Max VN number :  0.22E-01 at (18,21,1)
 
       Time Step    60000   May 17, 2026  11:37:23
       Step Size:  0.100E-01 s, Total Time:  599.90847 s
       Pressure Iterations: 1
       Maximum Velocity Error:  0.63E-04 on Mesh 1 at (24,1,17)
       Maximum Pressure Error:  0.56E-01 on Mesh 2 at (2,14,15)
       ---------------------------------------------------------------
       Mesh    1
       Max CFL number:  0.34E-01 at (10,18,20)
       Max divergence:  0.35E-02 at (9,18,19)
       Min divergence:  0.10E-02 at (10,18,20)
       Max VN number :  0.17E-01 at (4,18,20)
       Mesh    2
       Max CFL number:  0.34E-01 at (16,18,20)
       Max divergence:  0.35E-02 at (1,14,15)
       Min divergence:  0.14E-02 at (19,17,20)
       Max VN number :  0.24E-01 at (18,21,1)
 
       Time Step    60010   May 17, 2026  11:37:25
       Step Size:  0.153E-02 s, Total Time:  600.00000 s
       Pressure Iterations: 1
       Maximum Velocity Error:  0.27E-04 on Mesh 1 at (24,13,1)
       Maximum Pressure Error:  0.16E+00 on Mesh 2 at (2,14,1)
       ---------------------------------------------------------------
       Mesh    1
       Max CFL number:  0.53E-02 at (10,18,20)
       Max divergence:  0.35E-02 at (10,18,19)
       Min divergence:  0.99E-03 at (10,18,20)
       Max VN number :  0.27E-02 at (4,18,20)
       Mesh    2
       Max CFL number:  0.52E-02 at (16,18,20)
       Max divergence:  0.35E-02 at (1,14,15)
       Min divergence:  0.14E-02 at (19,17,20)
       Max VN number :  0.37E-02 at (18,21,1)
 


 DEVICE Activation Times

         1    H2_SENSOR_CAB4            F         No Activation


 Time Stepping Wall Clock Time (s):     8575.218
 Total Elapsed Wall Clock Time (s):     8579.358

STOP: FDS completed successfully (CHID: eqix_preview)
