
 Fire Dynamics Simulator

 Current Date     : June 15, 2026  18:35:47
 Revision         : FDS-6.10.1-0-g12efa16-release
 Revision Date    : Wed Apr 2 17:38:58 2025 -0400
 Compiler         : Intel(R) Fortran Compiler for applications running on Intel(R) 64, Version 2025.1.0 Build 20250317
 Compilation Date : Fri-04/04/2025-08:49-AM

 Number of MPI Processes:  2

 MPI version: 3.1
 MPI library version: Intel(R) MPI Library 2021.6 for Windows* OS

 Hypre library version: v2.32.0
 Sundials library version: v6.7.0

 Job TITLE        : EQIX SG4-4A PREVIEW -- 600s coarse mesh
 Job ID string    : eqix_corrected


 Grid Dimensions, Mesh     1

   Cells in the X Direction            24
   Cells in the Y Direction            33
   Cells in the Z Direction            20
   Number of Grid Cells             15840


 Physical Dimensions, Mesh     1

   Length (m)                       3.700
   Width  (m)                       5.000
   Height (m)                       3.000

 Grid Dimensions, Mesh     2

   Cells in the X Direction            25
   Cells in the Y Direction            33
   Cells in the Z Direction            20
   Number of Grid Cells             16500


 Physical Dimensions, Mesh     2

   Length (m)                       3.800
   Width  (m)                       5.000
   Height (m)                       3.000

 Miscellaneous Parameters

   Total Number of Grid Cells       32340
   Maximum Cell Aspect Ratio        1.028
   Initial Time Step (s)            0.010
   CFL Velocity Norm                    2
   Simulation Start Time (s)          0.0
   Simulation End Time (s)          600.0
   Background Pressure (Pa)     101325.00
   Ambient Temperature (C)          20.00

   3D Cartesian
   VLES Calculation
   Eddy Viscosity Model:  Deardorff (C_DEARDORFF = 0.10)
   Surface INERT Eddy Viscosity Model:  WALE (C_WALE = 0.60)
   Surface CABINET_SURF Eddy Viscosity Model:  WALE (C_WALE = 0.60)
   Surface CONCRETE Eddy Viscosity Model:  WALE (C_WALE = 0.60)
   Surface TR_FIRE_SURF Eddy Viscosity Model:  WALE (C_WALE = 0.60)
   Surface EXHAUST_VENT Eddy Viscosity Model:  WALE (C_WALE = 0.60)
   Turbulent Prandtl Number:         0.50
   Turbulent Schmidt Number:         0.50


 Pressure solver information

   Solver:                            FFT
   Velocity tolerance (m/s):    7.558E-02
   Press eqn res tol (1/s^2):   8.752E+02
   Max pressure iterations:            10


 Background Stratification

      Z (m)     P_0 (Pa)    TMP_0 (C)
   ------------------------------------
        2.92    101290.71     20.00
        2.77    101292.47     20.00
        2.62    101294.23     20.00
        2.47    101295.99     20.00
        2.33    101297.74     20.00
        2.17    101299.50     20.00
        2.02    101301.26     20.00
        1.88    101303.02     20.00
        1.72    101304.78     20.00
        1.57    101306.53     20.00
        1.42    101308.29     20.00
        1.27    101310.05     20.00
        1.12    101311.81     20.00
        0.97    101313.57     20.00
        0.82    101315.32     20.00
        0.68    101317.08     20.00
        0.52    101318.84     20.00
        0.38    101320.60     20.00
        0.22    101322.36     20.00
        0.07    101324.11     20.00


 Mass Fraction Transformation Matrix to Convert Species Mixtures (Columns) to Primitive Species (Rows)

                         AIR       PROPANE   PRODUCTS  HYDROGEN  HYDROGEN
   NITROGEN              0.762470  0.000000  0.714755  0.000000  0.000000
   OXYGEN                0.230997  0.000000  0.000000  0.000000  0.000000
   CARBON DIOXIDE        0.000591  0.000000  0.172528  0.000000  0.000000
   WATER VAPOR           0.005941  0.000000  0.107836  0.000000  0.000000
   CARBON MONOXIDE       0.000000  0.000000  0.001189  0.000000  0.000000
   SOOT                  0.000000  0.000000  0.003692  0.000000  0.000000
   HYDROGEN CYANIDE      0.000000  0.000000  0.000000  0.000000  0.000000
   HYDROGEN FLUORIDE     0.000000  0.000000  0.000000  1.000000  0.000000
   HYDROGEN              0.000000  0.000000  0.000000  0.000000  1.000000
   PROPANE               0.000000  1.000000  0.000000  0.000000  0.000000


 Primitive Species Information

   NITROGEN
   Gas Species
   Molecular Weight (g/mol)                28.01340
   Ambient Density (kg/m^3)                1.165
           Enthalpy of Formation (J/kg)  0.000E+00

   OXYGEN
   Gas Species
   Molecular Weight (g/mol)                31.99880
   Ambient Density (kg/m^3)                1.330
           Enthalpy of Formation (J/kg)  0.000E+00

   CARBON DIOXIDE
   Gas Species
   Molecular Weight (g/mol)                44.00950
   Ambient Density (kg/m^3)                1.830
           Enthalpy of Formation (J/kg) -8.941E+06

   WATER VAPOR
   Gas Species
   Molecular Weight (g/mol)                18.01528
   Ambient Density (kg/m^3)                0.749
           Enthalpy of Formation (J/kg) -1.342E+07

   CARBON MONOXIDE
   Gas Species
   Molecular Weight (g/mol)                28.01010
   Ambient Density (kg/m^3)                1.164
           Enthalpy of Formation (J/kg) -3.946E+06

   SOOT
   Gas Species
   Molecular Weight (g/mol)                12.01070
   Ambient Density (kg/m^3)                0.499
           Enthalpy of Formation (J/kg)  0.000E+00

   HYDROGEN CYANIDE
   Gas Species
   Molecular Weight (g/mol)                27.02534
   Ambient Density (kg/m^3)                1.123
           Enthalpy of Formation (J/kg)  4.924E+06

   HYDROGEN FLUORIDE
   Gas Species
   Molecular Weight (g/mol)                20.00634
   Ambient Density (kg/m^3)                0.832
           Enthalpy of Formation (J/kg) -1.366E+07

   HYDROGEN
   Gas Species
   Molecular Weight (g/mol)                 2.01588
   Ambient Density (kg/m^3)                0.084
           Enthalpy of Formation (J/kg)  0.000E+00

   PROPANE
   Gas Species
   Molecular Weight (g/mol)                44.09562
   Ambient Density (kg/m^3)                1.833
           Enthalpy of Formation (J/kg) -2.374E+06


 Tracked (Lumped) Species Information

   AIR
   Molecular Weight (g/mol)            28.75198
   Ambient Density (kg/m^3)            1.195
   Initial Mass Fraction               1.000
   Enthalpy of Formation (J/kg)     -8.504E+04

   Sub Species                    Mass Fraction     Mole Fraction
   NITROGEN                       7.624699E-01      7.825727E-01
   OXYGEN                         2.309974E-01      2.075588E-01
   CARBON DIOXIDE                 5.914650E-04      3.864118E-04
   WATER VAPOR                    5.941209E-03      9.482037E-03
 
     Viscosity (kg/m/s) Ambient,  293 K:  1.796E-05
                                  500 K:  2.612E-05
                                 1000 K:  4.125E-05
                                 1500 K:  5.371E-05
                                 2000 K:  6.476E-05
   Therm. Cond. (W/m/K) Ambient,  293 K:  2.556E-02
                                  500 K:  3.814E-02
                                 1000 K:  6.686E-02
                                 1500 K:  9.249E-02
                                 2000 K:  1.153E-01
        Enthalpy (J/kg) Ambient,  293 K: -9.012E+04
                                  500 K:  1.222E+05
                                 1000 K:  6.721E+05
                                 1500 K:  1.270E+06
                                 2000 K:  1.896E+06
    Spec. Heat (J/kg/K) Ambient,  293 K:  1.016E+03
                                  500 K:  1.042E+03
                                 1000 K:  1.156E+03
                                 1500 K:  1.229E+03
                                 2000 K:  1.270E+03
   Diff. Coeff. (m^2/s) Ambient,  293 K:  1.991E-05
                                  500 K:  4.961E-05
                                 1000 K:  1.580E-04
                                 1500 K:  3.095E-04
                                 2000 K:  4.984E-04
     Gibbs Energy Amb. (kJ/mol),  293 K: -5.873E+01
                                  500 K: -1.007E+02
                                 1000 K: -2.117E+02
                                 1500 K: -3.312E+02
                                 2000 K: -4.568E+02

   PROPANE
   Molecular Weight (g/mol)            44.09562
   Ambient Density (kg/m^3)            1.833
   Initial Mass Fraction               0.000
   Enthalpy of Formation (J/kg)     -2.374E+06

   Sub Species                    Mass Fraction     Mole Fraction
   PROPANE                        1.000000E+00      1.000000E+00
 
     Viscosity (kg/m/s) Ambient,  293 K:  8.079E-06
                                  500 K:  1.310E-05
                                 1000 K:  2.234E-05
                                 1500 K:  2.955E-05
                                 2000 K:  3.574E-05
   Therm. Cond. (W/m/K) Ambient,  293 K:  1.821E-02
                                  500 K:  4.581E-02
                                 1000 K:  1.212E-01
                                 1500 K:  1.890E-01
                                 2000 K:  2.465E-01
        Enthalpy (J/kg) Ambient,  293 K: -2.382E+06
                                  500 K: -1.946E+06
                                 1000 K: -2.769E+05
                                 1500 K:  1.900E+06
                                 2000 K:  4.336E+06
    Spec. Heat (J/kg/K) Ambient,  293 K:  1.646E+03
                                  500 K:  2.553E+03
                                 1000 K:  3.960E+03
                                 1500 K:  4.669E+03
                                 2000 K:  5.034E+03
   Diff. Coeff. (m^2/s) Ambient,  293 K:  1.110E-05
                                  500 K:  2.862E-05
                                 1000 K:  9.316E-05
                                 1500 K:  1.833E-04
                                 2000 K:  2.954E-04
     Gibbs Energy Amb. (kJ/mol),  293 K: -1.839E+02
                                  500 K: -2.447E+02
                                 1000 K: -4.295E+02
                                 1500 K: -6.584E+02
                                 2000 K: -9.217E+02

   PRODUCTS
   Molecular Weight (g/mol)            27.95587
   Ambient Density (kg/m^3)            1.162
   Initial Mass Fraction               0.000
   Enthalpy of Formation (J/kg)     -2.995E+06

   Sub Species                    Mass Fraction     Mole Fraction
   NITROGEN                       7.147554E-01      7.132876E-01
   CARBON DIOXIDE                 1.725275E-01      1.095936E-01
   WATER VAPOR                    1.078359E-01      1.673383E-01
   CARBON MONOXIDE                1.188999E-03      1.186697E-03
   SOOT                           3.692154E-03      8.593786E-03
   HYDROGEN CYANIDE               0.000000E+00      0.000000E+00
 
     Viscosity (kg/m/s) Ambient,  293 K:  1.608E-05
                                  500 K:  2.383E-05
                                 1000 K:  3.887E-05
                                 1500 K:  5.136E-05
                                 2000 K:  6.238E-05
   Therm. Cond. (W/m/K) Ambient,  293 K:  2.337E-02
                                  500 K:  3.616E-02
                                 1000 K:  6.719E-02
                                 1500 K:  9.649E-02
                                 2000 K:  1.228E-01
        Enthalpy (J/kg) Ambient,  293 K: -3.000E+06
                                  500 K: -2.769E+06
                                 1000 K: -2.156E+06
                                 1500 K: -1.476E+06
                                 2000 K: -7.536E+05
    Spec. Heat (J/kg/K) Ambient,  293 K:  1.092E+03
                                  500 K:  1.146E+03
                                 1000 K:  1.302E+03
                                 1500 K:  1.410E+03
                                 2000 K:  1.473E+03
   Diff. Coeff. (m^2/s) Ambient,  293 K:  1.958E-05
                                  500 K:  4.972E-05
                                 1000 K:  1.606E-04
                                 1500 K:  3.159E-04
                                 2000 K:  5.096E-04
     Gibbs Energy Amb. (kJ/mol),  293 K: -1.511E+02
                                  500 K: -1.931E+02
                                 1000 K: -3.051E+02
                                 1500 K: -4.268E+02
                                 2000 K: -5.552E+02

   HYDROGEN FLUORIDE
   Molecular Weight (g/mol)            20.00634
   Ambient Density (kg/m^3)            0.832
   Initial Mass Fraction               0.000
   Enthalpy of Formation (J/kg)     -1.366E+07

   Sub Species                    Mass Fraction     Mole Fraction
   HYDROGEN FLUORIDE              1.000000E+00      1.000000E+00
 
     Viscosity (kg/m/s) Ambient,  293 K:  1.217E-05
                                  500 K:  2.059E-05
                                 1000 K:  3.675E-05
                                 1500 K:  4.948E-05
                                 2000 K:  6.031E-05
   Therm. Cond. (W/m/K) Ambient,  293 K:  2.496E-02
                                  500 K:  4.228E-02
                                 1000 K:  7.805E-02
                                 1500 K:  1.124E-01
                                 2000 K:  1.447E-01
        Enthalpy (J/kg) Ambient,  293 K: -1.367E+07
                                  500 K: -1.337E+07
                                 1000 K: -1.263E+07
                                 1500 K: -1.185E+07
                                 2000 K: -1.102E+07
    Spec. Heat (J/kg/K) Ambient,  293 K:  1.456E+03
                                  500 K:  1.458E+03
                                 1000 K:  1.508E+03
                                 1500 K:  1.612E+03
                                 2000 K:  1.703E+03
   Diff. Coeff. (m^2/s) Ambient,  293 K:  2.094E-05
                                  500 K:  5.488E-05
                                 1000 K:  1.804E-04
                                 1500 K:  3.561E-04
                                 2000 K:  5.745E-04
     Gibbs Energy Amb. (kJ/mol),  293 K: -3.242E+02
                                  500 K: -3.618E+02
                                 1000 K: -4.619E+02
                                 1500 K: -5.699E+02
                                 2000 K: -6.833E+02

   HYDROGEN
   Molecular Weight (g/mol)             2.01588
   Ambient Density (kg/m^3)            0.084
   Initial Mass Fraction               0.000
   Enthalpy of Formation (J/kg)      0.000E+00

   Sub Species                    Mass Fraction     Mole Fraction
   HYDROGEN                       1.000000E+00      1.000000E+00
 
     Viscosity (kg/m/s) Ambient,  293 K:  8.741E-06
                                  500 K:  1.251E-05
                                 1000 K:  1.963E-05
                                 1500 K:  2.554E-05
                                 2000 K:  3.078E-05
   Therm. Cond. (W/m/K) Ambient,  293 K:  1.810E-01
                                  500 K:  2.631E-01
                                 1000 K:  4.264E-01
                                 1500 K:  5.932E-01
                                 2000 K:  7.585E-01
        Enthalpy (J/kg) Ambient,  293 K: -7.148E+04
                                  500 K:  2.918E+06
                                 1000 K:  1.026E+07
                                 1500 K:  1.800E+07
                                 2000 K:  2.627E+07
    Spec. Heat (J/kg/K) Ambient,  293 K:  1.429E+04
                                  500 K:  1.451E+04
                                 1000 K:  1.498E+04
                                 1500 K:  1.602E+04
                                 2000 K:  1.700E+04
   Diff. Coeff. (m^2/s) Ambient,  293 K:  7.267E-05
                                  500 K:  1.799E-04
                                 1000 K:  5.707E-04
                                 1500 K:  1.117E-03
                                 2000 K:  1.799E-03
     Gibbs Energy Amb. (kJ/mol),  293 K: -3.829E+01
                                  500 K: -6.699E+01
                                 1000 K: -1.455E+02
                                 1500 K: -2.320E+02
                                 2000 K: -3.239E+02


 Gas Phase Reaction Information

   Solver Details:  

      ODE Solver:  EXPLICIT EULER

      Fuel                                           Heat of Combustion (kJ/kg)
      PROPANE                                                        44209.6414
      EPUMO2:                                                        12776.2374

      Primitive Species Stoich. Coeff.
      Species ID                                                          Molar
      OXYGEN                                                          -4.768434
      CARBON DIOXIDE                                                   2.753478
      WATER VAPOR                                                      4.000000
      CARBON MONOXIDE                                                  0.029911
      SOOT                                                             0.216610
      PROPANE                                                         -1.000000

      Tracked (Lumped) Species Stoich. Coeff.
      Species ID                                             Molar         Mass
      AIR                                               -22.973892   -14.979832
      PROPANE                                            -1.000000    -1.000000
      PRODUCTS                                           25.205458    15.979832

      Reaction Kinetics

      Fast chemistry

      Extinction Model:  EXTINCTION 1
      Auto-Ignition Temperature (C):            -273.1
      Critical Flame Temperature (C):           1447.0

      Prescribed Radiative Fraction:             0.290


 Material Information

   1 STEEL
     Emissivity:                                  0.900
     Density (kg/m3):                            7850.0
     Specific Heat (kJ/kg/K) Ambient,  293 K:  4.600E-01
                                       350 K:  4.600E-01
                                       500 K:  4.600E-01
                                       800 K:  4.600E-01
     Therm. Cond. (W/m/K) Ambient,     293 K:  4.580E+01
                                       350 K:  4.580E+01
                                       500 K:  4.580E+01
                                       800 K:  4.580E+01
     Enthalpy (kJ/kg) Ambient,         293 K:  1.348E+02
                                       350 K:  1.610E+02
                                       500 K:  2.300E+02
                                       800 K:  3.680E+02


 Surface Conditions

   0 INERT (DEFAULT)

   1 CABINET_SURF
     Material List
          1  STEEL
     Layer  1
        Thickness   (m):  0.00200
        Density (kg/m3):  7850.00
        STEEL, Mass fraction:    1.00
     Reaction products considered from the first -1.00 layers.
     Total surface density    15.700 kg/m2
     Solid Phase Node, Layer, Coordinates(m):
                    0      1       0.0000000
                    1      1       0.0020000
     Exposed Backing

   2 CONCRETE

   3 TR_FIRE_SURF
     HRR Per Unit Area (kW/m2)        419.6
     PROPANE Mass Flux (kg/s/m2)   9.491E-03
     HYDROGEN FLUORIDE Mass Flux (kg/s/m2)   1.810E-04
     HYDROGEN Mass Flux (kg/s/m2)   9.060E-05

   4 EXHAUST_VENT
     Normal Velocity (m/s)         0.390
     AIR Mass Fraction         1.000

   5 OPEN
     Passive Vent to Atmosphere

   6 MIRROR
     Symmetry Plane

   7 INTERPOLATED

   8 PERIODIC

   9 HVAC

  10 MASSLESS TRACER

  11 DROPLET

  12 MASSLESS TARGET

  13 PERIODIC FLOW ONLY


 Lagrangian Particle Classes


 Cut-off Density and Temperature

    Minimum Temperature:  -259.1 C
    Maximum Temperature:  2726.8 C
    Minimum Density:  1.638E-02 kg/m3
    Maximum Density:  7.677E+01 kg/m3


 Device Information

   1 ID: H2_SENSOR_CAB4
     QUANTITY: MASS FRACTION
     Species ID: HYDROGEN
     Coordinates (X,Y,Z):    3.300000E+00    1.500000E+00    2.800000E+00
     TEMPORAL STATISTIC: TIME AVERAGE
   2 ID: HF_NORTH_AISLE_BZ
     QUANTITY: MASS FRACTION
     Species ID: HYDROGEN FLUORIDE
     Coordinates (X,Y,Z):    3.750000E+00    3.300000E+00    1.500000E+00
     TEMPORAL STATISTIC: TIME AVERAGE
   3 ID: HF_DOOR_BZ
     QUANTITY: MASS FRACTION
     Species ID: HYDROGEN FLUORIDE
     Coordinates (X,Y,Z):    7.200000E+00    4.500000E+00    1.500000E+00
     TEMPORAL STATISTIC: TIME AVERAGE
   4 ID: HF_CEILING_CAB4
     QUANTITY: MASS FRACTION
     Species ID: HYDROGEN FLUORIDE
     Coordinates (X,Y,Z):    3.750000E+00    1.500000E+00    2.800000E+00
     TEMPORAL STATISTIC: TIME AVERAGE
   5 ID: TEMP_PLUME_CAB4
     QUANTITY: TEMPERATURE
     Coordinates (X,Y,Z):    3.300000E+00    1.500000E+00    2.500000E+00
     TEMPORAL STATISTIC: TIME AVERAGE
   6 ID: TOTAL_HRR
     QUANTITY: HRRPUV
     Coordinates (X,Y,Z):    3.750000E+00    2.500000E+00    1.500000E+00
     SPATIAL STATISTIC: VOLUME INTEGRAL
     TEMPORAL STATISTIC: TIME AVERAGE


 Slice File Information, Mesh     1

   1 Nodes:   0  24   0  33  10  10, Quantity: HYDROGEN FLUORIDE MASS FRACTION
   2 Nodes:   0  24   0  33  10  10, Quantity: TEMPERATURE
   3 Nodes:   0  24   0  33  10  10, Quantity: U-VELOCITY
   4 Nodes:   0  24   0  33  18  18, Quantity: HYDROGEN FLUORIDE MASS FRACTION
   5 Nodes:   0  24   0  33  18  18, Quantity: TEMPERATURE
   6 Nodes:   0  24  10  10   0  20, Quantity: HYDROGEN FLUORIDE MASS FRACTION
   7 Nodes:   0  24  10  10   0  20, Quantity: TEMPERATURE
   8 Nodes:   0  24  10  10   0  20, Quantity: U-VELOCITY
   9 Nodes:  21  21   0  33   0  20, Quantity: HYDROGEN FLUORIDE MASS FRACTION
  10 Nodes:  21  21   0  33   0  20, Quantity: TEMPERATURE
  11 Nodes:  21  21   0  33   0  20, Quantity: HRRPUV
  12 Nodes:   0  24   0  33  10  10, Quantity: HYDROGEN MASS FRACTION
  13 Nodes:   0  24   0  33  18  18, Quantity: HYDROGEN MASS FRACTION


 Boundary File Information

   1 Quantity: WALL TEMPERATURE
   2 Quantity: TOTAL HEAT FLUX


 Radiation Model Information

   Number of control angles  104
   Time step increment         3
   Angle increment             5
   Theta band N_phi   Solid angle
     1:        4     0.120
     2:       12     0.114
     3:       16     0.127
     4:       20     0.120
     5:       20     0.120
     6:       16     0.127
     7:       12     0.114
     8:        4     0.120
   Using gray gas absorption.
   Mean beam length  1.000E-01 m


 Pressure Zone Information

   1 Volume: 1.0122E+02 m3, Cells: 29100, Mesh: 2, Indices: (25,33,20)
 
 

 Run Time Diagnostics

       Time Step        1   June 15, 2026  18:35:48
       Step Size:  0.100E-01 s, Total Time:    0.01000 s
       Pressure Iterations: 1
       Maximum Velocity Error:  0.29E-02 on Mesh 2 at (0,18,10)
       Maximum Pressure Error:  0.28E-02 on Mesh 1 at (1,15,20)
       ---------------------------------------------------------------
       Mesh    1
       Max CFL number:  0.17E-02 at (11,23,3)
       Max divergence:  0.31E-04 at (4,20,2)
       Min divergence:  0.17E-04 at (1,33,20)
       Max VN number :  0.23E-02 at (16,25,20)
       Mesh    2
       Max CFL number:  0.16E-02 at (8,8,12)
       Max divergence:  0.31E-04 at (7,2,2)
       Min divergence:  0.18E-04 at (1,1,20)
       Max VN number :  0.19E-02 at (19,14,3)
 
       Time Step        2   June 15, 2026  18:35:48
       Step Size:  0.100E-01 s, Total Time:    0.02000 s
       Pressure Iterations: 1
       Maximum Velocity Error:  0.14E-02 on Mesh 1 at (19,16,15)
       Maximum Pressure Error:  0.42E-03 on Mesh 1 at (1,19,20)
       ---------------------------------------------------------------
       Mesh    1
       Max CFL number:  0.17E-02 at (11,23,3)
       Max divergence:  0.59E-04 at (4,20,2)
       Min divergence:  0.50E-04 at (1,1,20)
       Max VN number :  0.23E-02 at (16,25,20)
       Mesh    2
       Max CFL number:  0.16E-02 at (8,8,12)
       Max divergence:  0.59E-04 at (7,2,2)
       Min divergence:  0.51E-04 at (25,33,20)
       Max VN number :  0.16E-02 at (5,4,1)
 
       Time Step        3   June 15, 2026  18:35:48
       Step Size:  0.100E-01 s, Total Time:    0.03000 s
       Pressure Iterations: 1
       Maximum Velocity Error:  0.14E-02 on Mesh 2 at (0,19,3)
       Maximum Pressure Error:  0.19E-03 on Mesh 1 at (1,14,14)
       ---------------------------------------------------------------
       Mesh    1
       Max CFL number:  0.17E-02 at (11,23,3)
       Max divergence:  0.88E-04 at (4,20,2)
       Min divergence:  0.79E-04 at (1,1,20)
       Max VN number :  0.23E-02 at (16,25,20)
       Mesh    2
       Max CFL number:  0.17E-02 at (17,16,20)
       Max divergence:  0.88E-04 at (7,2,2)
       Min divergence:  0.80E-04 at (25,33,20)
       Max VN number :  0.16E-02 at (5,4,1)
 
       Time Step        4   June 15, 2026  18:35:48
       Step Size:  0.100E-01 s, Total Time:    0.04000 s
       Pressure Iterations: 1
       Maximum Velocity Error:  0.90E-03 on Mesh 2 at (0,16,8)
       Maximum Pressure Error:  0.14E-03 on Mesh 1 at (1,33,20)
       ---------------------------------------------------------------
       Mesh    1
       Max CFL number:  0.17E-02 at (9,17,20)
       Max divergence:  0.12E-03 at (4,20,2)
       Min divergence:  0.11E-03 at (1,33,20)
       Max VN number :  0.23E-02 at (16,25,20)
       Mesh    2
       Max CFL number:  0.18E-02 at (17,16,20)
       Max divergence:  0.12E-03 at (7,2,2)
       Min divergence:  0.11E-03 at (25,1,20)
       Max VN number :  0.16E-02 at (5,4,1)
 
       Time Step        5   June 15, 2026  18:35:49
       Step Size:  0.100E-01 s, Total Time:    0.05000 s
       Pressure Iterations: 1
       Maximum Velocity Error:  0.68E-03 on Mesh 2 at (0,18,11)
       Maximum Pressure Error:  0.13E-03 on Mesh 1 at (1,33,20)
       ---------------------------------------------------------------
       Mesh    1
       Max CFL number:  0.19E-02 at (8,18,20)
       Max divergence:  0.15E-03 at (4,20,2)
       Min divergence:  0.14E-03 at (1,33,20)
       Max VN number :  0.23E-02 at (16,25,20)
       Mesh    2
       Max CFL number:  0.20E-02 at (17,16,20)
       Max divergence:  0.14E-03 at (7,2,2)
       Min divergence:  0.14E-03 at (25,1,20)
       Max VN number :  0.16E-02 at (5,4,1)
 
       Time Step        6   June 15, 2026  18:35:49
       Step Size:  0.100E-01 s, Total Time:    0.06000 s
       Pressure Iterations: 1
       Maximum Velocity Error:  0.60E-03 on Mesh 2 at (0,16,1)
       Maximum Pressure Error:  0.11E-03 on Mesh 1 at (1,33,20)
       ---------------------------------------------------------------
       Mesh    1
       Max CFL number:  0.22E-02 at (8,18,20)
       Max divergence:  0.17E-03 at (4,20,2)
       Min divergence:  0.17E-03 at (1,33,20)
       Max VN number :  0.23E-02 at (16,25,20)
       Mesh    2
       Max CFL number:  0.21E-02 at (17,16,20)
       Max divergence:  0.17E-03 at (7,2,2)
       Min divergence:  0.17E-03 at (25,1,20)
       Max VN number :  0.16E-02 at (20,17,20)
 
       Time Step        7   June 15, 2026  18:35:49
       Step Size:  0.100E-01 s, Total Time:    0.07000 s
       Pressure Iterations: 1
       Maximum Velocity Error:  0.40E-03 on Mesh 2 at (0,16,8)
       Maximum Pressure Error:  0.77E-04 on Mesh 1 at (1,33,20)
       ---------------------------------------------------------------
       Mesh    1
       Max CFL number:  0.25E-02 at (8,18,20)
       Max divergence:  0.20E-03 at (4,20,2)
       Min divergence:  0.19E-03 at (1,33,20)
       Max VN number :  0.23E-02 at (16,25,20)
       Mesh    2
       Max CFL number:  0.23E-02 at (17,15,20)
       Max divergence:  0.20E-03 at (17,16,19)
       Min divergence:  0.20E-03 at (25,33,20)
       Max VN number :  0.16E-02 at (5,4,1)
 
       Time Step        8   June 15, 2026  18:35:49
       Step Size:  0.100E-01 s, Total Time:    0.08000 s
       Pressure Iterations: 1
       Maximum Velocity Error:  0.49E-03 on Mesh 2 at (0,17,8)
       Maximum Pressure Error:  0.48E-04 on Mesh 1 at (1,33,20)
       ---------------------------------------------------------------
       Mesh    1
       Max CFL number:  0.28E-02 at (10,18,20)
       Max divergence:  0.23E-03 at (9,17,19)
       Min divergence:  0.22E-03 at (1,33,20)
       Max VN number :  0.23E-02 at (16,25,20)
       Mesh    2
       Max CFL number:  0.26E-02 at (17,15,20)
       Max divergence:  0.23E-03 at (17,16,19)
       Min divergence:  0.22E-03 at (25,33,20)
       Max VN number :  0.16E-02 at (5,4,1)
 
       Time Step        9   June 15, 2026  18:35:49
       Step Size:  0.100E-01 s, Total Time:    0.09000 s
       Pressure Iterations: 1
       Maximum Velocity Error:  0.46E-03 on Mesh 2 at (0,17,8)
       Maximum Pressure Error:  0.33E-04 on Mesh 1 at (1,1,20)
       ---------------------------------------------------------------
       Mesh    1
       Max CFL number:  0.31E-02 at (10,18,20)
       Max divergence:  0.26E-03 at (9,17,19)
       Min divergence:  0.25E-03 at (1,33,20)
       Max VN number :  0.23E-02 at (16,25,20)
       Mesh    2
       Max CFL number:  0.29E-02 at (17,15,20)
       Max divergence:  0.26E-03 at (17,16,19)
       Min divergence:  0.25E-03 at (25,33,20)
       Max VN number :  0.16E-02 at (5,4,1)
 
       Time Step       10   June 15, 2026  18:35:49
       Step Size:  0.100E-01 s, Total Time:    0.10000 s
       Pressure Iterations: 1
       Maximum Velocity Error:  0.39E-03 on Mesh 2 at (0,16,9)
       Maximum Pressure Error:  0.30E-04 on Mesh 1 at (1,1,20)
       ---------------------------------------------------------------
       Mesh    1
       Max CFL number:  0.34E-02 at (10,18,20)
       Max divergence:  0.29E-03 at (9,17,19)
       Min divergence:  0.28E-03 at (1,1,20)
       Max VN number :  0.23E-02 at (16,25,20)
       Mesh    2
       Max CFL number:  0.32E-02 at (17,15,20)
       Max divergence:  0.29E-03 at (17,16,19)
       Min divergence:  0.28E-03 at (25,33,20)
       Max VN number :  0.16E-02 at (5,4,1)
 
       Time Step       20   June 15, 2026  18:35:51
       Step Size:  0.100E-01 s, Total Time:    0.20000 s
       Pressure Iterations: 1
       Maximum Velocity Error:  0.17E-03 on Mesh 2 at (0,17,2)
       Maximum Pressure Error:  0.13E-04 on Mesh 2 at (1,1,20)
       ---------------------------------------------------------------
       Mesh    1
       Max CFL number:  0.64E-02 at (10,18,20)
       Max divergence:  0.57E-03 at (9,17,19)
       Min divergence:  0.56E-03 at (1,1,20)
       Max VN number :  0.24E-02 at (16,25,20)
       Mesh    2
       Max CFL number:  0.62E-02 at (16,15,20)
       Max divergence:  0.57E-03 at (17,16,19)
       Min divergence:  0.56E-03 at (25,1,20)
       Max VN number :  0.16E-02 at (5,4,1)
 
       Time Step       30   June 15, 2026  18:35:52
       Step Size:  0.100E-01 s, Total Time:    0.30000 s
       Pressure Iterations: 1
       Maximum Velocity Error:  0.98E-04 on Mesh 2 at (0,16,1)
       Maximum Pressure Error:  0.80E-05 on Mesh 2 at (2,14,15)
       ---------------------------------------------------------------
       Mesh    1
       Max CFL number:  0.94E-02 at (10,18,20)
       Max divergence:  0.84E-03 at (9,17,19)
       Min divergence:  0.83E-03 at (8,25,19)
       Max VN number :  0.24E-02 at (16,25,20)
       Mesh    2
       Max CFL number:  0.91E-02 at (16,15,20)
       Max divergence:  0.84E-03 at (17,16,19)
       Min divergence:  0.83E-03 at (3,7,19)
       Max VN number :  0.18E-02 at (16,15,20)
 
       Time Step       40   June 15, 2026  18:35:54
       Step Size:  0.100E-01 s, Total Time:    0.40000 s
       Pressure Iterations: 1
       Maximum Velocity Error:  0.79E-04 on Mesh 1 at (24,20,1)
       Maximum Pressure Error:  0.13E-04 on Mesh 2 at (2,19,1)
       ---------------------------------------------------------------
       Mesh    1
       Max CFL number:  0.12E-01 at (10,18,20)
       Max divergence:  0.11E-02 at (9,17,19)
       Min divergence:  0.11E-02 at (8,25,19)
       Max VN number :  0.24E-02 at (16,25,20)
       Mesh    2
       Max CFL number:  0.12E-01 at (16,15,20)
       Max divergence:  0.11E-02 at (17,16,19)
       Min divergence:  0.11E-02 at (3,7,19)
       Max VN number :  0.23E-02 at (16,15,20)
 
       Time Step       50   June 15, 2026  18:35:56
       Step Size:  0.100E-01 s, Total Time:    0.50000 s
       Pressure Iterations: 1
       Maximum Velocity Error:  0.65E-04 on Mesh 1 at (24,1,1)
       Maximum Pressure Error:  0.13E-04 on Mesh 1 at (8,19,15)
       ---------------------------------------------------------------
       Mesh    1
       Max CFL number:  0.15E-01 at (10,18,20)
       Max divergence:  0.13E-02 at (9,17,19)
       Min divergence:  0.13E-02 at (14,8,2)
       Max VN number :  0.27E-02 at (10,18,20)
       Mesh    2
       Max CFL number:  0.14E-01 at (16,15,20)
       Max divergence:  0.13E-02 at (17,16,19)
       Min divergence:  0.13E-02 at (3,7,19)
       Max VN number :  0.27E-02 at (16,15,20)
 
       Time Step       60   June 15, 2026  18:35:58
       Step Size:  0.100E-01 s, Total Time:    0.60000 s
       Pressure Iterations: 1
       Maximum Velocity Error:  0.44E-04 on Mesh 1 at (24,33,20)
       Maximum Pressure Error:  0.19E-04 on Mesh 1 at (8,14,15)
       ---------------------------------------------------------------
       Mesh    1
       Max CFL number:  0.17E-01 at (10,18,20)
       Max divergence:  0.15E-02 at (9,17,19)
       Min divergence:  0.15E-02 at (14,8,2)
       Max VN number :  0.31E-02 at (10,18,20)
       Mesh    2
       Max CFL number:  0.17E-01 at (16,15,20)
       Max divergence:  0.15E-02 at (17,16,19)
       Min divergence:  0.15E-02 at (3,7,19)
       Max VN number :  0.31E-02 at (16,15,20)
 
       Time Step       70   June 15, 2026  18:36:01
       Step Size:  0.100E-01 s, Total Time:    0.70000 s
       Pressure Iterations: 1
       Maximum Velocity Error:  0.61E-04 on Mesh 1 at (24,33,1)
       Maximum Pressure Error:  0.30E-04 on Mesh 2 at (18,14,15)
       ---------------------------------------------------------------
       Mesh    1
       Max CFL number:  0.19E-01 at (10,18,20)
       Max divergence:  0.17E-02 at (9,17,19)
       Min divergence:  0.17E-02 at (14,8,2)
       Max VN number :  0.35E-02 at (10,18,20)
       Mesh    2
       Max CFL number:  0.19E-01 at (16,15,20)
       Max divergence:  0.17E-02 at (17,16,19)
       Min divergence:  0.17E-02 at (3,7,19)
       Max VN number :  0.35E-02 at (16,15,20)
 
       Time Step       80   June 15, 2026  18:36:03
       Step Size:  0.100E-01 s, Total Time:    0.80000 s
       Pressure Iterations: 1
       Maximum Velocity Error:  0.49E-04 on Mesh 1 at (24,1,1)
       Maximum Pressure Error:  0.32E-04 on Mesh 1 at (8,19,15)
       ---------------------------------------------------------------
       Mesh    1
       Max CFL number:  0.21E-01 at (10,18,20)
       Max divergence:  0.19E-02 at (9,17,19)
       Min divergence:  0.19E-02 at (14,8,2)
       Max VN number :  0.38E-02 at (10,18,20)
       Mesh    2
       Max CFL number:  0.21E-01 at (16,15,20)
       Max divergence:  0.19E-02 at (17,16,19)
       Min divergence:  0.19E-02 at (3,7,19)
       Max VN number :  0.38E-02 at (16,15,20)
 
       Time Step       90   June 15, 2026  18:36:05
       Step Size:  0.100E-01 s, Total Time:    0.90000 s
       Pressure Iterations: 1
       Maximum Velocity Error:  0.53E-04 on Mesh 1 at (24,13,1)
       Maximum Pressure Error:  0.44E-04 on Mesh 1 at (8,19,15)
       ---------------------------------------------------------------
       Mesh    1
       Max CFL number:  0.23E-01 at (10,18,20)
       Max divergence:  0.21E-02 at (9,17,19)
       Min divergence:  0.20E-02 at (14,8,2)
       Max VN number :  0.41E-02 at (10,18,20)
       Mesh    2
       Max CFL number:  0.22E-01 at (16,15,20)
       Max divergence:  0.21E-02 at (17,16,19)
       Min divergence:  0.20E-02 at (2,8,2)
       Max VN number :  0.40E-02 at (16,15,20)
 
       Time Step      100   June 15, 2026  18:36:07
       Step Size:  0.100E-01 s, Total Time:    1.00000 s
       Pressure Iterations: 1
       Maximum Velocity Error:  0.51E-04 on Mesh 1 at (24,33,1)
       Maximum Pressure Error:  0.53E-04 on Mesh 1 at (8,14,15)
       ---------------------------------------------------------------
       Mesh    1
       Max CFL number:  0.24E-01 at (10,18,20)
       Max divergence:  0.22E-02 at (9,17,19)
       Min divergence:  0.22E-02 at (14,8,2)
       Max VN number :  0.43E-02 at (10,18,20)
       Mesh    2
       Max CFL number:  0.24E-01 at (16,15,20)
       Max divergence:  0.22E-02 at (17,16,19)
       Min divergence:  0.22E-02 at (2,8,2)
       Max VN number :  0.43E-02 at (16,15,20)
 
       Time Step      200   June 15, 2026  18:36:23
       Step Size:  0.100E-01 s, Total Time:    2.00000 s
       Pressure Iterations: 1
       Maximum Velocity Error:  0.53E-04 on Mesh 1 at (24,33,1)
       Maximum Pressure Error:  0.13E-03 on Mesh 2 at (2,19,1)
       ---------------------------------------------------------------
       Mesh    1
       Max CFL number:  0.30E-01 at (10,18,20)
       Max divergence:  0.28E-02 at (7,16,1)
       Min divergence:  0.28E-02 at (7,3,19)
       Max VN number :  0.52E-02 at (10,18,20)
       Mesh    2
       Max CFL number:  0.30E-01 at (16,18,20)
       Max divergence:  0.28E-02 at (1,16,1)
       Min divergence:  0.28E-02 at (21,2,19)
       Max VN number :  0.52E-02 at (16,18,20)
 
       Time Step      300   June 15, 2026  18:36:39
       Step Size:  0.100E-01 s, Total Time:    3.00000 s
       Pressure Iterations: 1
       Maximum Velocity Error:  0.53E-04 on Mesh 1 at (24,33,1)
       Maximum Pressure Error:  0.23E-03 on Mesh 2 at (2,19,1)
       ---------------------------------------------------------------
       Mesh    1
       Max CFL number:  0.31E-01 at (10,18,20)
       Max divergence:  0.29E-02 at (7,17,1)
       Min divergence:  0.28E-02 at (10,18,20)
       Max VN number :  0.53E-02 at (10,18,20)
       Mesh    2
       Max CFL number:  0.31E-01 at (16,18,20)
       Max divergence:  0.29E-02 at (1,16,1)
       Min divergence:  0.28E-02 at (16,18,20)
       Max VN number :  0.54E-02 at (16,18,20)
 
       Time Step      400   June 15, 2026  18:36:53
       Step Size:  0.100E-01 s, Total Time:    4.00000 s
       Pressure Iterations: 1
       Maximum Velocity Error:  0.53E-04 on Mesh 1 at (24,20,1)
       Maximum Pressure Error:  0.33E-03 on Mesh 2 at (2,19,1)
       ---------------------------------------------------------------
       Mesh    1
       Max CFL number:  0.31E-01 at (10,15,20)
       Max divergence:  0.29E-02 at (7,17,1)
       Min divergence:  0.28E-02 at (10,18,20)
       Max VN number :  0.53E-02 at (10,18,20)
       Mesh    2
       Max CFL number:  0.31E-01 at (16,18,20)
       Max divergence:  0.30E-02 at (1,17,1)
       Min divergence:  0.28E-02 at (16,18,20)
       Max VN number :  0.54E-02 at (16,18,20)
 
       Time Step      500   June 15, 2026  18:37:08
       Step Size:  0.100E-01 s, Total Time:    5.00000 s
       Pressure Iterations: 1
       Maximum Velocity Error:  0.53E-04 on Mesh 1 at (24,13,1)
       Maximum Pressure Error:  0.43E-03 on Mesh 2 at (2,19,1)
       ---------------------------------------------------------------
       Mesh    1
       Max CFL number:  0.31E-01 at (10,15,20)
       Max divergence:  0.30E-02 at (7,17,1)
       Min divergence:  0.28E-02 at (10,15,20)
       Max VN number :  0.53E-02 at (10,15,20)
       Mesh    2
       Max CFL number:  0.31E-01 at (16,18,20)
       Max divergence:  0.30E-02 at (7,16,1)
       Min divergence:  0.28E-02 at (16,15,20)
       Max VN number :  0.53E-02 at (16,18,20)
 
       Time Step      600   June 15, 2026  18:37:24
       Step Size:  0.100E-01 s, Total Time:    6.00000 s
       Pressure Iterations: 1
       Maximum Velocity Error:  0.54E-04 on Mesh 1 at (24,13,1)
       Maximum Pressure Error:  0.54E-03 on Mesh 2 at (2,19,1)
       ---------------------------------------------------------------
       Mesh    1
       Max CFL number:  0.31E-01 at (10,15,20)
       Max divergence:  0.30E-02 at (19,17,1)
       Min divergence:  0.28E-02 at (10,15,20)
       Max VN number :  0.53E-02 at (10,15,20)
       Mesh    2
       Max CFL number:  0.31E-01 at (16,15,20)
       Max divergence:  0.30E-02 at (7,16,1)
       Min divergence:  0.28E-02 at (16,18,20)
       Max VN number :  0.53E-02 at (16,18,20)
 
       Time Step      700   June 15, 2026  18:37:39
       Step Size:  0.100E-01 s, Total Time:    7.00000 s
       Pressure Iterations: 1
       Maximum Velocity Error:  0.54E-04 on Mesh 1 at (24,13,1)
       Maximum Pressure Error:  0.64E-03 on Mesh 2 at (2,19,1)
       ---------------------------------------------------------------
       Mesh    1
       Max CFL number:  0.31E-01 at (10,15,20)
       Max divergence:  0.31E-02 at (19,17,1)
       Min divergence:  0.28E-02 at (7,18,20)
       Max VN number :  0.53E-02 at (10,15,20)
       Mesh    2
       Max CFL number:  0.31E-01 at (16,18,20)
       Max divergence:  0.31E-02 at (7,16,1)
       Min divergence:  0.28E-02 at (19,18,20)
       Max VN number :  0.53E-02 at (16,15,20)
 
       Time Step      800   June 15, 2026  18:37:51
       Step Size:  0.100E-01 s, Total Time:    8.00000 s
       Pressure Iterations: 1
       Maximum Velocity Error:  0.54E-04 on Mesh 1 at (24,13,1)
       Maximum Pressure Error:  0.75E-03 on Mesh 2 at (2,19,1)
       ---------------------------------------------------------------
       Mesh    1
       Max CFL number:  0.31E-01 at (10,15,20)
       Max divergence:  0.31E-02 at (19,19,1)
       Min divergence:  0.28E-02 at (7,18,20)
       Max VN number :  0.54E-02 at (7,18,20)
       Mesh    2
       Max CFL number:  0.31E-01 at (16,18,20)
       Max divergence:  0.31E-02 at (7,17,1)
       Min divergence:  0.28E-02 at (19,18,20)
       Max VN number :  0.53E-02 at (16,15,20)
 
       Time Step      900   June 15, 2026  18:38:04
       Step Size:  0.100E-01 s, Total Time:    9.00000 s
       Pressure Iterations: 1
       Maximum Velocity Error:  0.54E-04 on Mesh 1 at (24,13,1)
       Maximum Pressure Error:  0.86E-03 on Mesh 2 at (2,19,1)
       ---------------------------------------------------------------
       Mesh    1
       Max CFL number:  0.31E-01 at (10,18,20)
       Max divergence:  0.31E-02 at (13,19,1)
       Min divergence:  0.28E-02 at (7,18,20)
       Max VN number :  0.54E-02 at (7,18,20)
       Mesh    2
       Max CFL number:  0.31E-01 at (16,18,20)
       Max divergence:  0.31E-02 at (7,17,1)
       Min divergence:  0.28E-02 at (19,18,20)
       Max VN number :  0.54E-02 at (16,15,20)
 
       Time Step     1000   June 15, 2026  18:38:16
       Step Size:  0.100E-01 s, Total Time:   10.00000 s
       Pressure Iterations: 1
       Maximum Velocity Error:  0.54E-04 on Mesh 1 at (24,13,1)
       Maximum Pressure Error:  0.97E-03 on Mesh 2 at (2,19,1)
       ---------------------------------------------------------------
       Mesh    1
       Max CFL number:  0.31E-01 at (10,18,20)
       Max divergence:  0.32E-02 at (13,19,1)
       Min divergence:  0.28E-02 at (7,15,20)
       Max VN number :  0.54E-02 at (7,18,20)
       Mesh    2
       Max CFL number:  0.31E-01 at (16,18,20)
       Max divergence:  0.32E-02 at (1,14,1)
       Min divergence:  0.28E-02 at (19,18,20)
       Max VN number :  0.54E-02 at (16,15,20)
 
       Time Step     1100   June 15, 2026  18:38:30
       Step Size:  0.100E-01 s, Total Time:   11.00000 s
       Pressure Iterations: 1
       Maximum Velocity Error:  0.55E-04 on Mesh 1 at (24,13,1)
       Maximum Pressure Error:  0.11E-02 on Mesh 2 at (2,19,1)
       ---------------------------------------------------------------
       Mesh    1
       Max CFL number:  0.31E-01 at (10,18,20)
       Max divergence:  0.32E-02 at (19,19,1)
       Min divergence:  0.28E-02 at (7,18,16)
       Max VN number :  0.54E-02 at (7,18,20)
       Mesh    2
       Max CFL number:  0.31E-01 at (16,18,20)
       Max divergence:  0.32E-02 at (1,14,1)
       Min divergence:  0.28E-02 at (19,18,20)
       Max VN number :  0.54E-02 at (16,15,20)
 
       Time Step     1200   June 15, 2026  18:38:42
       Step Size:  0.100E-01 s, Total Time:   12.00000 s
       Pressure Iterations: 1
       Maximum Velocity Error:  0.55E-04 on Mesh 1 at (24,13,1)
       Maximum Pressure Error:  0.12E-02 on Mesh 2 at (2,19,1)
       ---------------------------------------------------------------
       Mesh    1
       Max CFL number:  0.31E-01 at (10,18,20)
       Max divergence:  0.33E-02 at (19,19,1)
       Min divergence:  0.28E-02 at (7,18,16)
       Max VN number :  0.54E-02 at (10,18,20)
       Mesh    2
       Max CFL number:  0.31E-01 at (16,18,20)
       Max divergence:  0.33E-02 at (1,14,1)
       Min divergence:  0.28E-02 at (19,15,20)
       Max VN number :  0.54E-02 at (16,15,20)
 
       Time Step     1300   June 15, 2026  18:38:53
       Step Size:  0.100E-01 s, Total Time:   13.00000 s
       Pressure Iterations: 1
       Maximum Velocity Error:  0.55E-04 on Mesh 1 at (24,1,1)
       Maximum Pressure Error:  0.13E-02 on Mesh 2 at (2,19,1)
       ---------------------------------------------------------------
       Mesh    1
       Max CFL number:  0.31E-01 at (10,18,20)
       Max divergence:  0.33E-02 at (19,19,1)
       Min divergence:  0.28E-02 at (7,18,16)
       Max VN number :  0.54E-02 at (10,18,20)
       Mesh    2
       Max CFL number:  0.31E-01 at (16,18,20)
       Max divergence:  0.33E-02 at (1,14,1)
       Min divergence:  0.28E-02 at (1,19,16)
       Max VN number :  0.54E-02 at (16,18,20)
 
       Time Step     1400   June 15, 2026  18:39:07
       Step Size:  0.100E-01 s, Total Time:   14.00000 s
       Pressure Iterations: 1
       Maximum Velocity Error:  0.55E-04 on Mesh 1 at (24,1,1)
       Maximum Pressure Error:  0.14E-02 on Mesh 2 at (2,19,1)
       ---------------------------------------------------------------
       Mesh    1
       Max CFL number:  0.31E-01 at (10,18,20)
       Max divergence:  0.34E-02 at (19,19,1)
       Min divergence:  0.28E-02 at (7,18,16)
       Max VN number :  0.55E-02 at (12,19,16)
       Mesh    2
       Max CFL number:  0.31E-01 at (16,18,20)
       Max divergence:  0.33E-02 at (1,14,1)
       Min divergence:  0.28E-02 at (1,19,16)
       Max VN number :  0.54E-02 at (16,18,20)
 
       Time Step     1500   June 15, 2026  18:39:19
       Step Size:  0.100E-01 s, Total Time:   15.00000 s
       Pressure Iterations: 1
       Maximum Velocity Error:  0.55E-04 on Mesh 1 at (24,1,1)
       Maximum Pressure Error:  0.15E-02 on Mesh 2 at (18,19,1)
       ---------------------------------------------------------------
       Mesh    1
       Max CFL number:  0.31E-01 at (10,18,20)
       Max divergence:  0.34E-02 at (19,19,1)
       Min divergence:  0.27E-02 at (7,18,16)
       Max VN number :  0.58E-02 at (12,19,16)
       Mesh    2
       Max CFL number:  0.31E-01 at (16,18,20)
       Max divergence:  0.34E-02 at (7,14,1)
       Min divergence:  0.27E-02 at (7,19,16)
       Max VN number :  0.53E-02 at (16,15,20)
 
       Time Step     1600   June 15, 2026  18:39:32
       Step Size:  0.100E-01 s, Total Time:   16.00000 s
       Pressure Iterations: 1
       Maximum Velocity Error:  0.55E-04 on Mesh 1 at (24,1,1)
       Maximum Pressure Error:  0.16E-02 on Mesh 2 at (18,19,1)
       ---------------------------------------------------------------
       Mesh    1
       Max CFL number:  0.31E-01 at (10,15,20)
       Max divergence:  0.35E-02 at (19,19,1)
       Min divergence:  0.27E-02 at (19,14,16)
       Max VN number :  0.57E-02 at (12,19,16)
       Mesh    2
       Max CFL number:  0.31E-01 at (16,18,20)
       Max divergence:  0.35E-02 at (1,14,1)
       Min divergence:  0.27E-02 at (7,19,16)
       Max VN number :  0.53E-02 at (16,15,20)
 
       Time Step     1700   June 15, 2026  18:39:44
       Step Size:  0.100E-01 s, Total Time:   17.00000 s
       Pressure Iterations: 1
       Maximum Velocity Error:  0.56E-04 on Mesh 1 at (24,1,1)
       Maximum Pressure Error:  0.17E-02 on Mesh 2 at (18,19,1)
       ---------------------------------------------------------------
       Mesh    1
       Max CFL number:  0.31E-01 at (10,15,20)
       Max divergence:  0.35E-02 at (19,14,1)
       Min divergence:  0.27E-02 at (19,14,16)
       Max VN number :  0.54E-02 at (10,15,20)
       Mesh    2
       Max CFL number:  0.31E-01 at (16,18,20)
       Max divergence:  0.35E-02 at (1,14,1)
       Min divergence:  0.26E-02 at (1,14,16)
       Max VN number :  0.52E-02 at (16,18,20)
 
       Time Step     1800   June 15, 2026  18:39:56
       Step Size:  0.100E-01 s, Total Time:   18.00000 s
       Pressure Iterations: 1
       Maximum Velocity Error:  0.56E-04 on Mesh 1 at (24,17,20)
       Maximum Pressure Error:  0.19E-02 on Mesh 2 at (18,19,1)
       ---------------------------------------------------------------
       Mesh    1
       Max CFL number:  0.31E-01 at (10,15,20)
       Max divergence:  0.35E-02 at (19,14,1)
       Min divergence:  0.26E-02 at (13,18,17)
       Max VN number :  0.57E-02 at (11,14,16)
       Mesh    2
       Max CFL number:  0.31E-01 at (16,18,20)
       Max divergence:  0.35E-02 at (1,19,1)
       Min divergence:  0.26E-02 at (1,19,17)
       Max VN number :  0.55E-02 at (7,14,2)
 
       Time Step     1900   June 15, 2026  18:40:09
       Step Size:  0.100E-01 s, Total Time:   19.00000 s
       Pressure Iterations: 1
       Maximum Velocity Error:  0.57E-04 on Mesh 1 at (24,17,20)
       Maximum Pressure Error:  0.20E-02 on Mesh 2 at (18,19,1)
       ---------------------------------------------------------------
       Mesh    1
       Max CFL number:  0.31E-01 at (10,15,20)
       Max divergence:  0.36E-02 at (19,14,1)
       Min divergence:  0.25E-02 at (13,18,17)
       Max VN number :  0.70E-02 at (11,14,16)
       Mesh    2
       Max CFL number:  0.31E-01 at (16,18,20)
       Max divergence:  0.36E-02 at (1,19,1)
       Min divergence:  0.25E-02 at (7,18,17)
       Max VN number :  0.61E-02 at (7,15,16)
 
       Time Step     2000   June 15, 2026  18:40:18
       Step Size:  0.100E-01 s, Total Time:   20.00000 s
       Pressure Iterations: 1
       Maximum Velocity Error:  0.61E-04 on Mesh 1 at (24,17,20)
       Maximum Pressure Error:  0.21E-02 on Mesh 2 at (18,19,1)
       ---------------------------------------------------------------
       Mesh    1
       Max CFL number:  0.31E-01 at (10,15,20)
       Max divergence:  0.36E-02 at (19,19,1)
       Min divergence:  0.25E-02 at (19,15,17)
       Max VN number :  0.84E-02 at (11,14,16)
       Mesh    2
       Max CFL number:  0.31E-01 at (16,15,20)
       Max divergence:  0.36E-02 at (1,19,1)
       Min divergence:  0.24E-02 at (7,18,17)
       Max VN number :  0.73E-02 at (1,18,16)
 
       Time Step     2100   June 15, 2026  18:40:26
       Step Size:  0.100E-01 s, Total Time:   21.00000 s
       Pressure Iterations: 1
       Maximum Velocity Error:  0.69E-04 on Mesh 1 at (24,17,20)
       Maximum Pressure Error:  0.22E-02 on Mesh 2 at (18,14,1)
       ---------------------------------------------------------------
       Mesh    1
       Max CFL number:  0.31E-01 at (10,18,20)
       Max divergence:  0.37E-02 at (19,14,1)
       Min divergence:  0.24E-02 at (19,17,18)
       Max VN number :  0.97E-02 at (11,19,16)
       Mesh    2
       Max CFL number:  0.31E-01 at (16,15,20)
       Max divergence:  0.37E-02 at (1,19,1)
       Min divergence:  0.24E-02 at (7,15,18)
       Max VN number :  0.79E-02 at (1,18,16)
 
       Time Step     2200   June 15, 2026  18:40:35
       Step Size:  0.100E-01 s, Total Time:   22.00000 s
       Pressure Iterations: 1
       Maximum Velocity Error:  0.82E-04 on Mesh 1 at (24,16,20)
       Maximum Pressure Error:  0.23E-02 on Mesh 2 at (18,14,1)
       ---------------------------------------------------------------
       Mesh    1
       Max CFL number:  0.32E-01 at (10,18,20)
       Max divergence:  0.37E-02 at (19,19,1)
       Min divergence:  0.23E-02 at (13,18,17)
       Max VN number :  0.12E-01 at (1,19,19)
       Mesh    2
       Max CFL number:  0.31E-01 at (16,15,20)
       Max divergence:  0.37E-02 at (1,19,1)
       Min divergence:  0.23E-02 at (1,16,19)
       Max VN number :  0.90E-02 at (1,17,16)
 
       Time Step     2300   June 15, 2026  18:40:44
       Step Size:  0.100E-01 s, Total Time:   23.00000 s
       Pressure Iterations: 1
       Maximum Velocity Error:  0.82E-04 on Mesh 1 at (24,17,20)
       Maximum Pressure Error:  0.24E-02 on Mesh 2 at (18,14,1)
       ---------------------------------------------------------------
       Mesh    1
       Max CFL number:  0.32E-01 at (10,18,20)
       Max divergence:  0.38E-02 at (19,19,1)
       Min divergence:  0.22E-02 at (13,18,17)
       Max VN number :  0.22E-01 at (1,19,19)
       Mesh    2
       Max CFL number:  0.31E-01 at (16,15,20)
       Max divergence:  0.38E-02 at (7,14,1)
       Min divergence:  0.23E-02 at (7,18,17)
       Max VN number :  0.13E-01 at (6,17,20)
 
       Time Step     2400   June 15, 2026  18:40:53
       Step Size:  0.100E-01 s, Total Time:   24.00000 s
       Pressure Iterations: 1
       Maximum Velocity Error:  0.82E-04 on Mesh 1 at (24,16,20)
       Maximum Pressure Error:  0.26E-02 on Mesh 2 at (2,19,1)
       ---------------------------------------------------------------
       Mesh    1
       Max CFL number:  0.32E-01 at (10,15,20)
       Max divergence:  0.38E-02 at (13,19,1)
       Min divergence:  0.21E-02 at (7,17,17)
       Max VN number :  0.26E-01 at (1,14,19)
       Mesh    2
       Max CFL number:  0.36E-01 at (1,16,16)
       Max divergence:  0.38E-02 at (7,14,1)
       Min divergence:  0.21E-02 at (1,17,16)
       Max VN number :  0.23E-01 at (6,15,20)
 
       Time Step     2500   June 15, 2026  18:41:03
       Step Size:  0.100E-01 s, Total Time:   25.00000 s
       Pressure Iterations: 1
       Maximum Velocity Error:  0.82E-04 on Mesh 1 at (24,16,20)
       Maximum Pressure Error:  0.27E-02 on Mesh 2 at (2,19,1)
       ---------------------------------------------------------------
       Mesh    1
       Max CFL number:  0.32E-01 at (10,15,20)
       Max divergence:  0.39E-02 at (13,19,1)
       Min divergence:  0.19E-02 at (7,17,17)
       Max VN number :  0.27E-01 at (14,18,20)
       Mesh    2
       Max CFL number:  0.42E-01 at (1,16,16)
       Max divergence:  0.39E-02 at (7,14,1)
       Min divergence:  0.17E-02 at (1,16,16)
       Max VN number :  0.23E-01 at (6,14,20)
 
       Time Step     2600   June 15, 2026  18:41:12
       Step Size:  0.100E-01 s, Total Time:   26.00000 s
       Pressure Iterations: 1
       Maximum Velocity Error:  0.63E-04 on Mesh 1 at (24,13,20)
       Maximum Pressure Error:  0.28E-02 on Mesh 2 at (2,19,1)
       ---------------------------------------------------------------
       Mesh    1
       Max CFL number:  0.32E-01 at (10,15,20)
       Max divergence:  0.39E-02 at (13,19,1)
       Min divergence:  0.16E-02 at (7,16,17)
       Max VN number :  0.28E-01 at (14,18,20)
       Mesh    2
       Max CFL number:  0.46E-01 at (1,16,16)
       Max divergence:  0.39E-02 at (7,14,1)
       Min divergence:  0.13E-02 at (1,16,16)
       Max VN number :  0.17E-01 at (1,16,16)
 
       Time Step     2700   June 15, 2026  18:41:21
       Step Size:  0.100E-01 s, Total Time:   27.00000 s
       Pressure Iterations: 1
       Maximum Velocity Error:  0.64E-04 on Mesh 1 at (24,20,20)
       Maximum Pressure Error:  0.29E-02 on Mesh 2 at (2,19,1)
       ---------------------------------------------------------------
       Mesh    1
       Max CFL number:  0.34E-01 at (19,16,20)
       Max divergence:  0.40E-02 at (13,19,1)
       Min divergence:  0.15E-02 at (19,16,17)
       Max VN number :  0.30E-01 at (20,17,20)
       Mesh    2
       Max CFL number:  0.42E-01 at (1,16,16)
       Max divergence:  0.40E-02 at (7,14,1)
       Min divergence:  0.12E-02 at (1,16,16)
       Max VN number :  0.28E-01 at (1,15,20)
 
       Time Step     2800   June 15, 2026  18:41:30
       Step Size:  0.100E-01 s, Total Time:   28.00000 s
       Pressure Iterations: 1
       Maximum Velocity Error:  0.73E-04 on Mesh 1 at (24,16,20)
       Maximum Pressure Error:  0.31E-02 on Mesh 2 at (18,14,1)
       ---------------------------------------------------------------
       Mesh    1
       Max CFL number:  0.36E-01 at (19,16,20)
       Max divergence:  0.41E-02 at (13,19,1)
       Min divergence:  0.16E-02 at (19,17,17)
       Max VN number :  0.33E-01 at (20,17,20)
       Mesh    2
       Max CFL number:  0.41E-01 at (1,16,16)
       Max divergence:  0.41E-02 at (7,14,1)
       Min divergence:  0.13E-02 at (1,16,16)
       Max VN number :  0.31E-01 at (1,15,20)
 
       Time Step     2900   June 15, 2026  18:41:40
       Step Size:  0.100E-01 s, Total Time:   29.00000 s
       Pressure Iterations: 1
       Maximum Velocity Error:  0.78E-04 on Mesh 1 at (24,16,20)
       Maximum Pressure Error:  0.32E-02 on Mesh 2 at (18,14,1)
       ---------------------------------------------------------------
       Mesh    1
       Max CFL number:  0.36E-01 at (1,16,18)
       Max divergence:  0.41E-02 at (13,19,1)
       Min divergence:  0.15E-02 at (13,16,16)
       Max VN number :  0.31E-01 at (1,15,19)
       Mesh    2
       Max CFL number:  0.44E-01 at (1,16,16)
       Max divergence:  0.41E-02 at (7,14,1)
       Min divergence:  0.12E-02 at (1,16,16)
       Max VN number :  0.30E-01 at (1,15,20)
 
       Time Step     3000   June 15, 2026  18:41:51
       Step Size:  0.100E-01 s, Total Time:   30.00000 s
       Pressure Iterations: 1
       Maximum Velocity Error:  0.71E-04 on Mesh 1 at (24,16,20)
       Maximum Pressure Error:  0.33E-02 on Mesh 2 at (2,14,1)
       ---------------------------------------------------------------
       Mesh    1
       Max CFL number:  0.37E-01 at (1,16,20)
       Max divergence:  0.42E-02 at (13,19,1)
       Min divergence:  0.15E-02 at (13,16,16)
       Max VN number :  0.34E-01 at (1,15,19)
       Mesh    2
       Max CFL number:  0.43E-01 at (1,16,16)
       Max divergence:  0.42E-02 at (7,14,1)
       Min divergence:  0.12E-02 at (1,16,16)
       Max VN number :  0.28E-01 at (4,19,20)
 
       Time Step     3100   June 15, 2026  18:42:01
       Step Size:  0.100E-01 s, Total Time:   31.00000 s
       Pressure Iterations: 1
       Maximum Velocity Error:  0.64E-04 on Mesh 1 at (24,9,20)
       Maximum Pressure Error:  0.34E-02 on Mesh 2 at (2,14,1)
       ---------------------------------------------------------------
       Mesh    1
       Max CFL number:  0.38E-01 at (13,16,18)
       Max divergence:  0.42E-02 at (13,19,1)
       Min divergence:  0.13E-02 at (7,16,17)
       Max VN number :  0.35E-01 at (1,15,19)
       Mesh    2
       Max CFL number:  0.40E-01 at (1,16,16)
       Max divergence:  0.42E-02 at (7,14,1)
       Min divergence:  0.12E-02 at (1,16,16)
       Max VN number :  0.28E-01 at (1,18,20)
 
       Time Step     3200   June 15, 2026  18:42:10
       Step Size:  0.100E-01 s, Total Time:   32.00000 s
       Pressure Iterations: 1
       Maximum Velocity Error:  0.76E-04 on Mesh 1 at (24,16,19)
       Maximum Pressure Error:  0.36E-02 on Mesh 2 at (2,19,1)
       ---------------------------------------------------------------
       Mesh    1
       Max CFL number:  0.39E-01 at (19,16,20)
       Max divergence:  0.42E-02 at (7,19,1)
       Min divergence:  0.12E-02 at (7,16,17)
       Max VN number :  0.38E-01 at (1,15,19)
       Mesh    2
       Max CFL number:  0.41E-01 at (1,16,16)
       Max divergence:  0.43E-02 at (7,14,1)
       Min divergence:  0.13E-02 at (1,16,17)
       Max VN number :  0.30E-01 at (1,18,20)
 
       Time Step     3300   June 15, 2026  18:42:19
       Step Size:  0.100E-01 s, Total Time:   33.00000 s
       Pressure Iterations: 1
       Maximum Velocity Error:  0.85E-04 on Mesh 1 at (24,15,20)
       Maximum Pressure Error:  0.37E-02 on Mesh 2 at (2,14,1)
       ---------------------------------------------------------------
       Mesh    1
       Max CFL number:  0.41E-01 at (19,17,20)
       Max divergence:  0.43E-02 at (7,19,1)
       Min divergence:  0.11E-02 at (13,16,17)
       Max VN number :  0.41E-01 at (1,18,19)
       Mesh    2
       Max CFL number:  0.43E-01 at (1,16,16)
       Max divergence:  0.43E-02 at (7,14,1)
       Min divergence:  0.14E-02 at (7,16,17)
       Max VN number :  0.34E-01 at (14,19,20)
 
       Time Step     3400   June 15, 2026  18:42:27
       Step Size:  0.100E-01 s, Total Time:   34.00000 s
       Pressure Iterations: 1
       Maximum Velocity Error:  0.12E-03 on Mesh 1 at (24,15,20)
       Maximum Pressure Error:  0.38E-02 on Mesh 2 at (2,14,1)
       ---------------------------------------------------------------
       Mesh    1
       Max CFL number:  0.42E-01 at (19,17,18)
       Max divergence:  0.43E-02 at (7,19,1)
       Min divergence:  0.92E-03 at (19,16,16)
       Max VN number :  0.43E-01 at (1,18,19)
       Mesh    2
       Max CFL number:  0.46E-01 at (1,16,16)
       Max divergence:  0.43E-02 at (7,19,1)
       Min divergence:  0.12E-02 at (7,17,17)
       Max VN number :  0.37E-01 at (15,15,20)
 
       Time Step     3500   June 15, 2026  18:42:37
       Step Size:  0.100E-01 s, Total Time:   35.00000 s
       Pressure Iterations: 1
       Maximum Velocity Error:  0.92E-04 on Mesh 1 at (24,17,20)
       Maximum Pressure Error:  0.40E-02 on Mesh 2 at (7,16,2)
       ---------------------------------------------------------------
       Mesh    1
       Max CFL number:  0.43E-01 at (19,16,18)
       Max divergence:  0.44E-02 at (7,14,1)
       Min divergence:  0.83E-03 at (19,16,16)
       Max VN number :  0.43E-01 at (1,15,19)
       Mesh    2
       Max CFL number:  0.51E-01 at (1,17,16)
       Max divergence:  0.44E-02 at (7,19,1)
       Min divergence:  0.42E-03 at (1,17,16)
       Max VN number :  0.45E-01 at (2,15,20)
 
       Time Step     3600   June 15, 2026  18:42:45
       Step Size:  0.100E-01 s, Total Time:   36.00000 s
       Pressure Iterations: 1
       Maximum Velocity Error:  0.12E-03 on Mesh 1 at (24,17,20)
       Maximum Pressure Error:  0.42E-02 on Mesh 1 at (13,15,15)
       ---------------------------------------------------------------
       Mesh    1
       Max CFL number:  0.47E-01 at (19,16,20)
       Max divergence:  0.44E-02 at (7,14,1)
       Min divergence:  0.73E-03 at (13,16,16)
       Max VN number :  0.41E-01 at (1,15,19)
       Mesh    2
       Max CFL number:  0.54E-01 at (1,17,16)
       Max divergence:  0.44E-02 at (7,14,1)
       Min divergence:  0.39E-03 at (1,17,16)
       Max VN number :  0.23E-01 at (4,17,20)
 
       Time Step     3700   June 15, 2026  18:42:54
       Step Size:  0.100E-01 s, Total Time:   37.00000 s
       Pressure Iterations: 1
       Maximum Velocity Error:  0.87E-04 on Mesh 1 at (24,17,20)
       Maximum Pressure Error:  0.41E-02 on Mesh 2 at (8,14,1)
       ---------------------------------------------------------------
       Mesh    1
       Max CFL number:  0.48E-01 at (19,16,20)
       Max divergence:  0.45E-02 at (7,14,1)
       Min divergence:  0.94E-03 at (13,16,17)
       Max VN number :  0.40E-01 at (1,15,19)
       Mesh    2
       Max CFL number:  0.52E-01 at (1,17,16)
       Max divergence:  0.45E-02 at (1,19,1)
       Min divergence:  0.13E-03 at (1,17,16)
       Max VN number :  0.22E-01 at (1,17,16)
 
       Time Step     3800   June 15, 2026  18:43:03
       Step Size:  0.100E-01 s, Total Time:   38.00000 s
       Pressure Iterations: 1
       Maximum Velocity Error:  0.73E-04 on Mesh 1 at (24,16,18)
       Maximum Pressure Error:  0.42E-02 on Mesh 2 at (8,19,1)
       ---------------------------------------------------------------
       Mesh    1
       Max CFL number:  0.48E-01 at (19,16,20)
       Max divergence:  0.46E-02 at (7,14,1)
       Min divergence:  0.12E-02 at (7,16,19)
       Max VN number :  0.39E-01 at (1,15,19)
       Mesh    2
       Max CFL number:  0.48E-01 at (1,17,16)
       Max divergence:  0.46E-02 at (1,19,1)
       Min divergence:  0.66E-04 at (1,17,16)
       Max VN number :  0.21E-01 at (15,15,20)
 
       Time Step     3900   June 15, 2026  18:43:11
       Step Size:  0.100E-01 s, Total Time:   39.00000 s
       Pressure Iterations: 1
       Maximum Velocity Error:  0.11E-03 on Mesh 1 at (24,16,20)
       Maximum Pressure Error:  0.43E-02 on Mesh 1 at (13,17,15)
       ---------------------------------------------------------------
       Mesh    1
       Max CFL number:  0.46E-01 at (19,16,20)
       Max divergence:  0.46E-02 at (7,14,1)
       Min divergence:  0.10E-02 at (7,17,16)
       Max VN number :  0.41E-01 at (1,18,19)
       Mesh    2
       Max CFL number:  0.51E-01 at (1,17,16)
       Max divergence:  0.47E-02 at (1,19,1)
       Min divergence:  0.72E-03 at (1,17,16)
       Max VN number :  0.27E-01 at (15,15,20)
 
       Time Step     4000   June 15, 2026  18:43:20
       Step Size:  0.100E-01 s, Total Time:   40.00000 s
       Pressure Iterations: 1
       Maximum Velocity Error:  0.11E-03 on Mesh 1 at (24,16,20)
       Maximum Pressure Error:  0.49E-02 on Mesh 1 at (19,15,14)
       ---------------------------------------------------------------
       Mesh    1
       Max CFL number:  0.44E-01 at (7,16,20)
       Max divergence:  0.47E-02 at (7,14,1)
       Min divergence:  0.76E-03 at (7,17,17)
       Max VN number :  0.44E-01 at (1,15,19)
       Mesh    2
       Max CFL number:  0.53E-01 at (1,17,16)
       Max divergence:  0.48E-02 at (1,19,1)
       Min divergence:  0.62E-03 at (1,17,16)
       Max VN number :  0.33E-01 at (15,15,20)
 
       Time Step     4100   June 15, 2026  18:43:28
       Step Size:  0.100E-01 s, Total Time:   41.00000 s
       Pressure Iterations: 1
       Maximum Velocity Error:  0.75E-04 on Mesh 1 at (24,16,17)
       Maximum Pressure Error:  0.78E-02 on Mesh 1 at (19,15,15)
       ---------------------------------------------------------------
       Mesh    1
       Max CFL number:  0.45E-01 at (7,17,20)
       Max divergence:  0.48E-02 at (7,14,1)
       Min divergence:  0.55E-03 at (13,17,17)
       Max VN number :  0.46E-01 at (1,18,19)
       Mesh    2
       Max CFL number:  0.49E-01 at (1,17,16)
       Max divergence:  0.49E-02 at (1,19,1)
       Min divergence:  0.28E-03 at (1,16,16)
       Max VN number :  0.34E-01 at (15,15,20)
 
       Time Step     4200   June 15, 2026  18:43:38
       Step Size:  0.100E-01 s, Total Time:   42.00000 s
       Pressure Iterations: 1
       Maximum Velocity Error:  0.10E-03 on Mesh 1 at (24,16,19)
       Maximum Pressure Error:  0.47E-02 on Mesh 2 at (2,14,1)
       ---------------------------------------------------------------
       Mesh    1
       Max CFL number:  0.46E-01 at (7,17,20)
       Max divergence:  0.49E-02 at (13,14,5)
       Min divergence:  0.33E-03 at (19,15,16)
       Max VN number :  0.52E-01 at (8,18,20)
       Mesh    2
       Max CFL number:  0.51E-01 at (1,16,16)
       Max divergence:  0.50E-02 at (1,19,1)
       Min divergence:  0.36E-03 at (1,17,16)
       Max VN number :  0.32E-01 at (1,18,20)
 
       Time Step     4300   June 15, 2026  18:43:46
       Step Size:  0.100E-01 s, Total Time:   43.00000 s
       Pressure Iterations: 1
       Maximum Velocity Error:  0.11E-03 on Mesh 1 at (24,16,20)
       Maximum Pressure Error:  0.59E-02 on Mesh 1 at (19,15,20)
       ---------------------------------------------------------------
       Mesh    1
       Max CFL number:  0.52E-01 at (19,15,18)
       Max divergence:  0.49E-02 at (13,15,5)
       Min divergence:  0.24E-04 at (19,15,16)
       Max VN number :  0.53E-01 at (1,14,19)
       Mesh    2
       Max CFL number:  0.53E-01 at (1,17,16)
       Max divergence:  0.51E-02 at (1,18,1)
       Min divergence: -0.16E-03 at (1,17,16)
       Max VN number :  0.42E-01 at (18,7,20)
 
       Time Step     4400   June 15, 2026  18:43:55
       Step Size:  0.100E-01 s, Total Time:   44.00000 s
       Pressure Iterations: 1
       Maximum Velocity Error:  0.92E-04 on Mesh 1 at (24,17,17)
       Maximum Pressure Error:  0.10E-01 on Mesh 1 at (13,15,15)
       ---------------------------------------------------------------
       Mesh    1
       Max CFL number:  0.50E-01 at (19,15,20)
       Max divergence:  0.50E-02 at (13,14,1)
       Min divergence: -0.52E-03 at (13,16,16)
       Max VN number :  0.52E-01 at (1,19,19)
       Mesh    2
       Max CFL number:  0.60E-01 at (1,17,16)
       Max divergence:  0.53E-02 at (1,18,1)
       Min divergence: -0.66E-03 at (1,17,16)
       Max VN number :  0.43E-01 at (18,7,20)
 
       Time Step     4500   June 15, 2026  18:44:04
       Step Size:  0.100E-01 s, Total Time:   45.00000 s
       Pressure Iterations: 1
       Maximum Velocity Error:  0.12E-03 on Mesh 1 at (24,17,20)
       Maximum Pressure Error:  0.61E-02 on Mesh 1 at (14,14,15)
       ---------------------------------------------------------------
       Mesh    1
       Max CFL number:  0.49E-01 at (13,15,17)
       Max divergence:  0.51E-02 at (13,14,1)
       Min divergence: -0.50E-03 at (13,15,16)
       Max VN number :  0.44E-01 at (1,19,19)
       Mesh    2
       Max CFL number:  0.60E-01 at (1,17,16)
       Max divergence:  0.53E-02 at (1,18,1)
       Min divergence: -0.45E-03 at (1,17,16)
       Max VN number :  0.36E-01 at (18,7,20)
 
       Time Step     4600   June 15, 2026  18:44:13
       Step Size:  0.100E-01 s, Total Time:   46.00000 s
       Pressure Iterations: 1
       Maximum Velocity Error:  0.11E-03 on Mesh 1 at (24,17,20)
       Maximum Pressure Error:  0.11E-01 on Mesh 1 at (7,15,13)
       ---------------------------------------------------------------
       Mesh    1
       Max CFL number:  0.51E-01 at (7,17,20)
       Max divergence:  0.53E-02 at (1,14,19)
       Min divergence: -0.53E-03 at (13,15,16)
       Max VN number :  0.47E-01 at (1,14,19)
       Mesh    2
       Max CFL number:  0.54E-01 at (1,17,16)
       Max divergence:  0.53E-02 at (1,19,1)
       Min divergence: -0.15E-03 at (1,17,16)
       Max VN number :  0.38E-01 at (17,7,20)
 
       Time Step     4700   June 15, 2026  18:44:22
       Step Size:  0.100E-01 s, Total Time:   47.00000 s
       Pressure Iterations: 1
       Maximum Velocity Error:  0.12E-03 on Mesh 1 at (24,16,19)
       Maximum Pressure Error:  0.17E-01 on Mesh 1 at (7,15,15)
       ---------------------------------------------------------------
       Mesh    1
       Max CFL number:  0.50E-01 at (7,18,20)
       Max divergence:  0.57E-02 at (1,18,19)
       Min divergence: -0.23E-03 at (13,15,16)
       Max VN number :  0.50E-01 at (14,15,20)
       Mesh    2
       Max CFL number:  0.53E-01 at (1,16,16)
       Max divergence:  0.54E-02 at (1,19,1)
       Min divergence: -0.41E-03 at (7,17,16)
       Max VN number :  0.38E-01 at (17,7,20)
 
       Time Step     4800   June 15, 2026  18:44:30
       Step Size:  0.100E-01 s, Total Time:   48.00000 s
       Pressure Iterations: 1
       Maximum Velocity Error:  0.97E-04 on Mesh 1 at (24,16,20)
       Maximum Pressure Error:  0.16E-01 on Mesh 1 at (7,14,15)
       ---------------------------------------------------------------
       Mesh    1
       Max CFL number:  0.58E-01 at (7,15,16)
       Max divergence:  0.60E-02 at (1,18,19)
       Min divergence: -0.22E-02 at (7,15,17)
       Max VN number :  0.46E-01 at (1,18,19)
       Mesh    2
       Max CFL number:  0.56E-01 at (1,16,16)
       Max divergence:  0.55E-02 at (1,19,1)
       Min divergence: -0.55E-03 at (1,16,16)
       Max VN number :  0.40E-01 at (16,7,20)
 
       Time Step     4900   June 15, 2026  18:44:40
       Step Size:  0.100E-01 s, Total Time:   49.00000 s
       Pressure Iterations: 1
       Maximum Velocity Error:  0.93E-04 on Mesh 1 at (24,16,19)
       Maximum Pressure Error:  0.23E-01 on Mesh 1 at (13,18,15)
       ---------------------------------------------------------------
       Mesh    1
       Max CFL number:  0.58E-01 at (7,15,20)
       Max divergence:  0.64E-02 at (1,18,17)
       Min divergence: -0.23E-02 at (7,14,16)
       Max VN number :  0.48E-01 at (1,18,17)
       Mesh    2
       Max CFL number:  0.57E-01 at (7,18,18)
       Max divergence:  0.56E-02 at (1,19,1)
       Min divergence: -0.23E-03 at (1,16,16)
       Max VN number :  0.45E-01 at (15,27,20)
 
       Time Step     5000   June 15, 2026  18:44:48
       Step Size:  0.100E-01 s, Total Time:   50.00000 s
       Pressure Iterations: 1
       Maximum Velocity Error:  0.11E-03 on Mesh 1 at (12,18,15)
       Maximum Pressure Error:  0.24E-01 on Mesh 1 at (13,18,15)
       ---------------------------------------------------------------
       Mesh    1
       Max CFL number:  0.72E-01 at (13,18,16)
       Max divergence:  0.56E-02 at (13,15,1)
       Min divergence: -0.51E-03 at (13,18,17)
       Max VN number :  0.47E-01 at (1,17,19)
       Mesh    2
       Max CFL number:  0.56E-01 at (1,16,16)
       Max divergence:  0.58E-02 at (7,19,15)
       Min divergence:  0.11E-03 at (7,17,16)
       Max VN number :  0.41E-01 at (15,27,20)
 
       Time Step     5100   June 15, 2026  18:44:57
       Step Size:  0.100E-01 s, Total Time:   51.00000 s
       Pressure Iterations: 1
       Maximum Velocity Error:  0.13E-03 on Mesh 1 at (24,17,17)
       Maximum Pressure Error:  0.15E-01 on Mesh 1 at (13,17,14)
       ---------------------------------------------------------------
       Mesh    1
       Max CFL number:  0.55E-01 at (13,18,18)
       Max divergence:  0.57E-02 at (13,14,1)
       Min divergence: -0.15E-02 at (7,17,16)
       Max VN number :  0.42E-01 at (1,18,19)
       Mesh    2
       Max CFL number:  0.55E-01 at (1,16,16)
       Max divergence:  0.57E-02 at (1,14,1)
       Min divergence: -0.25E-03 at (7,16,16)
       Max VN number :  0.39E-01 at (4,5,20)
 
       Time Step     5200   June 15, 2026  18:45:07
       Step Size:  0.100E-01 s, Total Time:   52.00000 s
       Pressure Iterations: 1
       Maximum Velocity Error:  0.15E-03 on Mesh 1 at (24,16,17)
       Maximum Pressure Error:  0.12E-01 on Mesh 1 at (13,18,15)
       ---------------------------------------------------------------
       Mesh    1
       Max CFL number:  0.62E-01 at (7,17,18)
       Max divergence:  0.58E-02 at (13,14,1)
       Min divergence: -0.16E-02 at (13,17,16)
       Max VN number :  0.51E-01 at (1,18,19)
       Mesh    2
       Max CFL number:  0.66E-01 at (7,15,16)
       Max divergence:  0.60E-02 at (1,19,15)
       Min divergence: -0.40E-03 at (7,15,17)
       Max VN number :  0.36E-01 at (1,15,9)
 
       Time Step     5300   June 15, 2026  18:45:17
       Step Size:  0.100E-01 s, Total Time:   53.00000 s
       Pressure Iterations: 1
       Maximum Velocity Error:  0.25E-03 on Mesh 1 at (24,15,18)
       Maximum Pressure Error:  0.16E-01 on Mesh 1 at (13,17,15)
       ---------------------------------------------------------------
       Mesh    1
       Max CFL number:  0.57E-01 at (19,15,20)
       Max divergence:  0.60E-02 at (7,15,1)
       Min divergence: -0.16E-02 at (7,15,16)
       Max VN number :  0.49E-01 at (1,18,19)
       Mesh    2
       Max CFL number:  0.62E-01 at (1,16,16)
       Max divergence:  0.63E-02 at (7,15,1)
       Min divergence: -0.12E-02 at (7,16,17)
       Max VN number :  0.37E-01 at (16,6,20)
 
       Time Step     5400   June 15, 2026  18:45:25
       Step Size:  0.100E-01 s, Total Time:   54.00000 s
       Pressure Iterations: 1
       Maximum Velocity Error:  0.19E-03 on Mesh 1 at (24,15,20)
       Maximum Pressure Error:  0.12E-01 on Mesh 2 at (7,15,15)
       ---------------------------------------------------------------
       Mesh    1
       Max CFL number:  0.55E-01 at (7,15,18)
       Max divergence:  0.62E-02 at (13,14,1)
       Min divergence: -0.86E-03 at (7,15,18)
       Max VN number :  0.51E-01 at (1,19,19)
       Mesh    2
       Max CFL number:  0.53E-01 at (7,16,18)
       Max divergence:  0.59E-02 at (7,15,1)
       Min divergence: -0.12E-02 at (7,16,17)
       Max VN number :  0.40E-01 at (2,16,20)
 
       Time Step     5500   June 15, 2026  18:45:35
       Step Size:  0.100E-01 s, Total Time:   55.00000 s
       Pressure Iterations: 1
       Maximum Velocity Error:  0.13E-03 on Mesh 1 at (24,15,16)
       Maximum Pressure Error:  0.24E-01 on Mesh 2 at (7,17,15)
       ---------------------------------------------------------------
       Mesh    1
       Max CFL number:  0.58E-01 at (19,17,20)
       Max divergence:  0.63E-02 at (1,16,19)
       Min divergence: -0.37E-03 at (19,16,16)
       Max VN number :  0.49E-01 at (1,16,19)
       Mesh    2
       Max CFL number:  0.57E-01 at (1,16,16)
       Max divergence:  0.59E-02 at (7,16,1)
       Min divergence: -0.22E-03 at (7,15,16)
       Max VN number :  0.44E-01 at (1,15,15)
 
       Time Step     5600   June 15, 2026  18:45:44
       Step Size:  0.100E-01 s, Total Time:   56.00000 s
       Pressure Iterations: 1
       Maximum Velocity Error:  0.26E-03 on Mesh 1 at (24,18,17)
       Maximum Pressure Error:  0.98E-02 on Mesh 1 at (13,17,6)
       ---------------------------------------------------------------
       Mesh    1
       Max CFL number:  0.55E-01 at (19,16,18)
       Max divergence:  0.63E-02 at (13,15,1)
       Min divergence: -0.10E-02 at (19,16,16)
       Max VN number :  0.54E-01 at (1,16,19)
       Mesh    2
       Max CFL number:  0.58E-01 at (1,17,16)
       Max divergence:  0.60E-02 at (7,14,1)
       Min divergence: -0.79E-03 at (7,15,17)
       Max VN number :  0.43E-01 at (15,28,20)
 
       Time Step     5700   June 15, 2026  18:45:53
       Step Size:  0.100E-01 s, Total Time:   57.00000 s
       Pressure Iterations: 1
       Maximum Velocity Error:  0.29E-03 on Mesh 1 at (24,18,19)
       Maximum Pressure Error:  0.11E-01 on Mesh 1 at (7,15,14)
       ---------------------------------------------------------------
       Mesh    1
       Max CFL number:  0.57E-01 at (19,16,18)
       Max divergence:  0.63E-02 at (13,14,1)
       Min divergence: -0.54E-03 at (19,16,17)
       Max VN number :  0.59E-01 at (1,16,19)
       Mesh    2
       Max CFL number:  0.66E-01 at (1,17,16)
       Max divergence:  0.60E-02 at (7,14,1)
       Min divergence: -0.19E-03 at (7,17,17)
       Max VN number :  0.44E-01 at (15,28,20)
 
       Time Step     5800   June 15, 2026  18:46:01
       Step Size:  0.100E-01 s, Total Time:   58.00000 s
       Pressure Iterations: 1
       Maximum Velocity Error:  0.17E-03 on Mesh 1 at (24,17,17)
       Maximum Pressure Error:  0.14E-01 on Mesh 1 at (19,15,15)
       ---------------------------------------------------------------
       Mesh    1
       Max CFL number:  0.56E-01 at (19,16,15)
       Max divergence:  0.64E-02 at (1,16,19)
       Min divergence: -0.23E-03 at (7,16,16)
       Max VN number :  0.50E-01 at (1,16,19)
       Mesh    2
       Max CFL number:  0.58E-01 at (1,18,16)
       Max divergence:  0.62E-02 at (1,17,1)
       Min divergence: -0.12E-02 at (1,18,16)
       Max VN number :  0.44E-01 at (16,28,20)
 
       Time Step     5900   June 15, 2026  18:46:11
       Step Size:  0.100E-01 s, Total Time:   59.00000 s
       Pressure Iterations: 1
       Maximum Velocity Error:  0.19E-03 on Mesh 2 at (0,17,16)
       Maximum Pressure Error:  0.15E-01 on Mesh 2 at (7,17,13)
       ---------------------------------------------------------------
       Mesh    1
       Max CFL number:  0.56E-01 at (19,16,15)
       Max divergence:  0.64E-02 at (19,15,1)
       Min divergence: -0.11E-02 at (7,15,16)
       Max VN number :  0.52E-01 at (1,13,19)
       Mesh    2
       Max CFL number:  0.58E-01 at (1,18,16)
       Max divergence:  0.63E-02 at (7,19,1)
       Min divergence: -0.29E-03 at (7,16,17)
       Max VN number :  0.44E-01 at (7,16,4)
 
       Time Step     6000   June 15, 2026  18:46:20
       Step Size:  0.100E-01 s, Total Time:   60.00000 s
       Pressure Iterations: 1
       Maximum Velocity Error:  0.42E-03 on Mesh 1 at (24,19,17)
       Maximum Pressure Error:  0.16E-01 on Mesh 1 at (13,14,12)
       ---------------------------------------------------------------
       Mesh    1
       Max CFL number:  0.63E-01 at (1,16,20)
       Max divergence:  0.65E-02 at (19,15,1)
       Min divergence: -0.12E-02 at (19,16,16)
       Max VN number :  0.56E-01 at (1,14,17)
       Mesh    2
       Max CFL number:  0.65E-01 at (1,19,16)
       Max divergence:  0.65E-02 at (7,19,1)
       Min divergence: -0.87E-03 at (1,19,16)
       Max VN number :  0.48E-01 at (20,17,20)
 
       Time Step     6100   June 15, 2026  18:46:28
       Step Size:  0.100E-01 s, Total Time:   61.00000 s
       Pressure Iterations: 1
       Maximum Velocity Error:  0.24E-03 on Mesh 2 at (0,19,17)
       Maximum Pressure Error:  0.25E-01 on Mesh 1 at (13,14,14)
       ---------------------------------------------------------------
       Mesh    1
       Max CFL number:  0.61E-01 at (7,14,19)
       Max divergence:  0.17E-01 at (22,13,1)
       Min divergence: -0.26E-03 at (19,16,17)
       Max VN number :  0.45E-01 at (1,16,19)
       Mesh    2
       Max CFL number:  0.58E-01 at (1,18,16)
       Max divergence:  0.66E-02 at (1,14,8)
       Min divergence: -0.82E-03 at (1,18,16)
       Max VN number :  0.44E-01 at (7,16,6)
 
       Time Step     6200   June 15, 2026  18:46:38
       Step Size:  0.100E-01 s, Total Time:   62.00000 s
       Pressure Iterations: 1
       Maximum Velocity Error:  0.26E-03 on Mesh 1 at (24,18,19)
       Maximum Pressure Error:  0.23E-01 on Mesh 1 at (20,14,15)
       ---------------------------------------------------------------
       Mesh    1
       Max CFL number:  0.64E-01 at (13,14,17)
       Max divergence:  0.25E-01 at (21,13,3)
       Min divergence: -0.15E-02 at (23,13,17)
       Max VN number :  0.62E-01 at (8,15,20)
       Mesh    2
       Max CFL number:  0.61E-01 at (1,17,16)
       Max divergence:  0.65E-02 at (7,14,1)
       Min divergence: -0.25E-03 at (1,17,17)
       Max VN number :  0.39E-01 at (9,3,20)
 
       Time Step     6300   June 15, 2026  18:46:47
       Step Size:  0.100E-01 s, Total Time:   63.00000 s
       Pressure Iterations: 1
       Maximum Velocity Error:  0.24E-03 on Mesh 1 at (24,17,20)
       Maximum Pressure Error:  0.48E-01 on Mesh 1 at (20,14,15)
       ---------------------------------------------------------------
       Mesh    1
       Max CFL number:  0.57E-01 at (13,14,18)
       Max divergence:  0.32E-01 at (21,13,4)
       Min divergence: -0.98E-02 at (23,13,16)
       Max VN number :  0.56E-01 at (24,18,16)
       Mesh    2
       Max CFL number:  0.63E-01 at (1,17,16)
       Max divergence:  0.66E-02 at (7,14,1)
       Min divergence:  0.90E-04 at (1,16,16)
       Max VN number :  0.52E-01 at (17,20,9)
 
       Time Step     6400   June 15, 2026  18:46:55
       Step Size:  0.100E-01 s, Total Time:   64.00000 s
       Pressure Iterations: 1
       Maximum Velocity Error:  0.29E-03 on Mesh 1 at (21,13,14)
       Maximum Pressure Error:  0.11E+00 on Mesh 1 at (21,13,14)
       ---------------------------------------------------------------
       Mesh    1
       Max CFL number:  0.85E-01 at (22,13,14)
       Max divergence:  0.49E-01 at (21,13,6)
       Min divergence: -0.30E-01 at (23,13,17)
       Max VN number :  0.50E-01 at (23,18,16)
       Mesh    2
       Max CFL number:  0.57E-01 at (1,16,16)
       Max divergence:  0.70E-02 at (7,18,1)
       Min divergence: -0.14E-02 at (1,16,16)
       Max VN number :  0.44E-01 at (7,16,10)
 
       Time Step     6500   June 15, 2026  18:47:04
       Step Size:  0.100E-01 s, Total Time:   65.00000 s
       Pressure Iterations: 1
       Maximum Velocity Error:  0.29E-03 on Mesh 1 at (24,16,20)
       Maximum Pressure Error:  0.13E+00 on Mesh 1 at (21,13,20)
       ---------------------------------------------------------------
       Mesh    1
       Max CFL number:  0.12E+00 at (21,13,20)
       Max divergence:  0.55E-01 at (22,13,5)
       Min divergence: -0.61E-01 at (22,13,17)
       Max VN number :  0.96E-01 at (21,14,20)
       Mesh    2
       Max CFL number:  0.61E-01 at (1,16,16)
       Max divergence:  0.94E-02 at (1,13,19)
       Min divergence: -0.46E-02 at (1,13,20)
       Max VN number :  0.40E-01 at (18,4,20)
 
       Time Step     6600   June 15, 2026  18:47:14
       Step Size:  0.100E-01 s, Total Time:   66.00000 s
       Pressure Iterations: 1
       Maximum Velocity Error:  0.62E-03 on Mesh 1 at (24,12,20)
       Maximum Pressure Error:  0.12E+00 on Mesh 1 at (23,13,15)
       ---------------------------------------------------------------
       Mesh    1
       Max CFL number:  0.12E+00 at (22,13,17)
       Max divergence:  0.70E-01 at (20,13,8)
       Min divergence: -0.60E-01 at (22,13,17)
       Max VN number :  0.78E-01 at (24,14,20)
       Mesh    2
       Max CFL number:  0.62E-01 at (1,18,16)
       Max divergence:  0.11E-01 at (1,13,19)
       Min divergence: -0.27E-02 at (1,17,16)
       Max VN number :  0.49E-01 at (7,19,15)
 
       Time Step     6700   June 15, 2026  18:47:23
       Step Size:  0.100E-01 s, Total Time:   67.00000 s
       Pressure Iterations: 1
       Maximum Velocity Error:  0.67E-03 on Mesh 1 at (24,5,20)
       Maximum Pressure Error:  0.23E+00 on Mesh 1 at (21,13,20)
       ---------------------------------------------------------------
       Mesh    1
       Max CFL number:  0.12E+00 at (21,13,18)
       Max divergence:  0.86E-01 at (20,13,14)
       Min divergence: -0.65E-01 at (21,13,18)
       Max VN number :  0.11E+00 at (20,3,20)
       Mesh    2
       Max CFL number:  0.80E-01 at (1,17,16)
       Max divergence:  0.12E-01 at (1,14,19)
       Min divergence: -0.58E-02 at (2,16,20)
       Max VN number :  0.53E-01 at (2,3,20)
 
       Time Step     6800   June 15, 2026  18:47:31
       Step Size:  0.100E-01 s, Total Time:   68.00000 s
       Pressure Iterations: 1
       Maximum Velocity Error:  0.13E-02 on Mesh 1 at (24,13,20)
       Maximum Pressure Error:  0.41E+00 on Mesh 1 at (20,13,14)
       ---------------------------------------------------------------
       Mesh    1
       Max CFL number:  0.14E+00 at (22,13,18)
       Max divergence:  0.95E-01 at (23,13,14)
       Min divergence: -0.71E-01 at (21,13,17)
       Max VN number :  0.60E-01 at (7,18,20)
       Mesh    2
       Max CFL number:  0.74E-01 at (1,14,20)
       Max divergence:  0.11E-01 at (1,16,19)
       Min divergence: -0.14E-01 at (5,15,20)
       Max VN number :  0.60E-01 at (5,14,20)
 
       Time Step     6900   June 15, 2026  18:47:41
       Step Size:  0.100E-01 s, Total Time:   69.00000 s
       Pressure Iterations: 1
       Maximum Velocity Error:  0.68E-03 on Mesh 1 at (21,13,15)
       Maximum Pressure Error:  0.32E+00 on Mesh 1 at (21,13,15)
       ---------------------------------------------------------------
       Mesh    1
       Max CFL number:  0.16E+00 at (20,13,20)
       Max divergence:  0.10E+00 at (21,13,6)
       Min divergence: -0.85E-01 at (22,13,17)
       Max VN number :  0.63E-01 at (1,9,19)
       Mesh    2
       Max CFL number:  0.73E-01 at (1,16,16)
       Max divergence:  0.12E-01 at (1,16,19)
       Min divergence: -0.86E-02 at (1,17,20)
       Max VN number :  0.88E-01 at (7,15,20)
 
       Time Step     7000   June 15, 2026  18:47:50
       Step Size:  0.100E-01 s, Total Time:   70.00000 s
       Pressure Iterations: 1
       Maximum Velocity Error:  0.92E-03 on Mesh 1 at (24,16,20)
       Maximum Pressure Error:  0.20E+00 on Mesh 1 at (23,13,15)
       ---------------------------------------------------------------
       Mesh    1
       Max CFL number:  0.15E+00 at (22,13,16)
       Max divergence:  0.11E+00 at (21,13,4)
       Min divergence: -0.98E-01 at (22,13,18)
       Max VN number :  0.84E-01 at (23,15,16)
       Mesh    2
       Max CFL number:  0.71E-01 at (6,14,20)
       Max divergence:  0.21E-01 at (1,13,19)
       Min divergence: -0.17E-01 at (1,13,20)
       Max VN number :  0.45E-01 at (1,13,20)
 
       Time Step     7100   June 15, 2026  18:47:58
       Step Size:  0.100E-01 s, Total Time:   71.00000 s
       Pressure Iterations: 1
       Maximum Velocity Error:  0.72E-03 on Mesh 1 at (24,1,20)
       Maximum Pressure Error:  0.28E+00 on Mesh 1 at (21,13,14)
       ---------------------------------------------------------------
       Mesh    1
       Max CFL number:  0.16E+00 at (22,13,15)
       Max divergence:  0.12E+00 at (21,13,2)
       Min divergence: -0.12E+00 at (22,13,18)
       Max VN number :  0.58E-01 at (22,13,16)
       Mesh    2
       Max CFL number:  0.75E-01 at (1,15,20)
       Max divergence:  0.13E-01 at (1,15,19)
       Min divergence: -0.99E-02 at (1,15,20)
       Max VN number :  0.42E-01 at (3,32,20)
 
       Time Step     7200   June 15, 2026  18:48:08
       Step Size:  0.100E-01 s, Total Time:   72.00000 s
       Pressure Iterations: 1
       Maximum Velocity Error:  0.76E-03 on Mesh 1 at (24,13,20)
       Maximum Pressure Error:  0.24E+00 on Mesh 1 at (20,13,20)
       ---------------------------------------------------------------
       Mesh    1
       Max CFL number:  0.16E+00 at (21,13,17)
       Max divergence:  0.15E+00 at (22,13,3)
       Min divergence: -0.12E+00 at (21,13,19)
       Max VN number :  0.66E-01 at (20,12,20)
       Mesh    2
       Max CFL number:  0.78E-01 at (4,15,20)
       Max divergence:  0.22E-01 at (1,16,19)
       Min divergence: -0.16E-01 at (1,15,20)
       Max VN number :  0.54E-01 at (8,2,20)
 
       Time Step     7300   June 15, 2026  18:48:17
       Step Size:  0.100E-01 s, Total Time:   73.00000 s
       Pressure Iterations: 1
       Maximum Velocity Error:  0.58E-03 on Mesh 1 at (24,15,20)
       Maximum Pressure Error:  0.19E+00 on Mesh 1 at (20,13,10)
       ---------------------------------------------------------------
       Mesh    1
       Max CFL number:  0.17E+00 at (21,13,18)
       Max divergence:  0.15E+00 at (23,13,3)
       Min divergence: -0.14E+00 at (21,13,19)
       Max VN number :  0.63E-01 at (19,32,20)
       Mesh    2
       Max CFL number:  0.69E-01 at (7,17,20)
       Max divergence:  0.16E-01 at (1,13,19)
       Min divergence: -0.13E-01 at (9,16,20)
       Max VN number :  0.67E-01 at (8,16,20)
 
       Time Step     7400   June 15, 2026  18:48:26
       Step Size:  0.100E-01 s, Total Time:   74.00000 s
       Pressure Iterations: 1
       Maximum Velocity Error:  0.16E-02 on Mesh 1 at (22,13,12)
       Maximum Pressure Error:  0.13E+01 on Mesh 1 at (20,13,20)
       ---------------------------------------------------------------
       Mesh    1
       Max CFL number:  0.18E+00 at (20,13,18)
       Max divergence:  0.21E+00 at (20,13,12)
       Min divergence: -0.16E+00 at (20,13,18)
       Max VN number :  0.77E-01 at (11,1,14)
       Mesh    2
       Max CFL number:  0.76E-01 at (2,22,20)
       Max divergence:  0.19E-01 at (1,15,19)
       Min divergence: -0.89E-02 at (5,14,19)
       Max VN number :  0.60E-01 at (14,28,20)
 
       Time Step     7500   June 15, 2026  18:48:34
       Step Size:  0.100E-01 s, Total Time:   75.00000 s
       Pressure Iterations: 1
       Maximum Velocity Error:  0.13E-02 on Mesh 1 at (24,12,20)
       Maximum Pressure Error:  0.81E+00 on Mesh 1 at (20,13,11)
       ---------------------------------------------------------------
       Mesh    1
       Max CFL number:  0.20E+00 at (22,13,18)
       Max divergence:  0.19E+00 at (23,13,7)
       Min divergence: -0.19E+00 at (22,13,19)
       Max VN number :  0.82E-01 at (23,12,20)
       Mesh    2
       Max CFL number:  0.71E-01 at (2,28,20)
       Max divergence:  0.16E-01 at (1,13,20)
       Min divergence: -0.16E-01 at (6,14,19)
       Max VN number :  0.52E-01 at (16,1,18)
 
       Time Step     7600   June 15, 2026  18:48:44
       Step Size:  0.100E-01 s, Total Time:   76.00000 s
       Pressure Iterations: 1
       Maximum Velocity Error:  0.15E-02 on Mesh 1 at (24,13,12)
       Maximum Pressure Error:  0.13E+01 on Mesh 1 at (20,13,20)
       ---------------------------------------------------------------
       Mesh    1
       Max CFL number:  0.22E+00 at (20,13,20)
       Max divergence:  0.19E+00 at (22,13,5)
       Min divergence: -0.13E+00 at (21,13,18)
       Max VN number :  0.81E-01 at (1,11,19)
       Mesh    2
       Max CFL number:  0.84E-01 at (1,11,20)
       Max divergence:  0.25E-01 at (1,13,11)
       Min divergence: -0.16E-01 at (3,17,20)
       Max VN number :  0.64E-01 at (12,1,15)
 
       Time Step     7700   June 15, 2026  18:48:53
       Step Size:  0.100E-01 s, Total Time:   77.00000 s
       Pressure Iterations: 1
       Maximum Velocity Error:  0.19E-02 on Mesh 2 at (0,13,19)
       Maximum Pressure Error:  0.71E+00 on Mesh 1 at (22,13,13)
       ---------------------------------------------------------------
       Mesh    1
       Max CFL number:  0.19E+00 at (21,13,18)
       Max divergence:  0.21E+00 at (22,13,2)
       Min divergence: -0.20E+00 at (21,13,19)
       Max VN number :  0.84E-01 at (1,11,19)
       Mesh    2
       Max CFL number:  0.73E-01 at (1,15,20)
       Max divergence:  0.24E-01 at (1,14,19)
       Min divergence: -0.11E-01 at (1,16,20)
       Max VN number :  0.55E-01 at (12,1,15)
 
       Time Step     7800   June 15, 2026  18:49:01
       Step Size:  0.100E-01 s, Total Time:   78.00000 s
       Pressure Iterations: 1
       Maximum Velocity Error:  0.32E-02 on Mesh 1 at (20,13,15)
       Maximum Pressure Error:  0.19E+01 on Mesh 1 at (20,13,15)
       ---------------------------------------------------------------
       Mesh    1
       Max CFL number:  0.22E+00 at (22,13,20)
       Max divergence:  0.22E+00 at (23,13,4)
       Min divergence: -0.23E+00 at (22,13,19)
       Max VN number :  0.73E-01 at (22,13,19)
       Mesh    2
       Max CFL number:  0.99E-01 at (1,10,20)
       Max divergence:  0.21E-01 at (1,9,19)
       Min divergence: -0.17E-01 at (1,9,20)
       Max VN number :  0.72E-01 at (13,9,20)
 
       Time Step     7900   June 15, 2026  18:49:11
       Step Size:  0.100E-01 s, Total Time:   79.00000 s
       Pressure Iterations: 1
       Maximum Velocity Error:  0.18E-02 on Mesh 1 at (24,13,16)
       Maximum Pressure Error:  0.18E+01 on Mesh 1 at (22,13,20)
       ---------------------------------------------------------------
       Mesh    1
       Max CFL number:  0.19E+00 at (21,13,20)
       Max divergence:  0.23E+00 at (23,13,7)
       Min divergence: -0.19E+00 at (21,13,19)
       Max VN number :  0.79E-01 at (4,8,20)
       Mesh    2
       Max CFL number:  0.85E-01 at (5,5,20)
       Max divergence:  0.19E-01 at (8,20,19)
       Min divergence: -0.12E-01 at (3,17,20)
       Max VN number :  0.54E-01 at (24,1,15)
 
       Time Step     8000   June 15, 2026  18:49:20
       Step Size:  0.100E-01 s, Total Time:   80.00000 s
       Pressure Iterations: 1
       Maximum Velocity Error:  0.23E-02 on Mesh 1 at (24,13,8)
       Maximum Pressure Error:  0.10E+01 on Mesh 1 at (22,13,15)
       ---------------------------------------------------------------
       Mesh    1
       Max CFL number:  0.20E+00 at (21,13,18)
       Max divergence:  0.34E+00 at (22,13,8)
       Min divergence: -0.20E+00 at (21,13,19)
       Max VN number :  0.12E+00 at (22,13,8)
       Mesh    2
       Max CFL number:  0.84E-01 at (1,16,20)
       Max divergence:  0.77E-01 at (1,13,9)
       Min divergence: -0.16E-01 at (1,18,20)
       Max VN number :  0.53E-01 at (25,1,14)
 
       Time Step     8100   June 15, 2026  18:49:29
       Step Size:  0.100E-01 s, Total Time:   81.00000 s
       Pressure Iterations: 1
       Maximum Velocity Error:  0.39E-02 on Mesh 1 at (24,13,19)
       Maximum Pressure Error:  0.14E+01 on Mesh 1 at (20,13,17)
       ---------------------------------------------------------------
       Mesh    1
       Max CFL number:  0.20E+00 at (21,13,20)
       Max divergence:  0.33E+00 at (22,13,15)
       Min divergence: -0.19E+00 at (21,13,19)
       Max VN number :  0.74E-01 at (2,8,20)
       Mesh    2
       Max CFL number:  0.92E-01 at (1,10,20)
       Max divergence:  0.38E-01 at (1,13,19)
       Min divergence: -0.15E-01 at (1,16,20)
       Max VN number :  0.71E-01 at (23,8,20)
 
       Time Step     8200   June 15, 2026  18:49:38
       Step Size:  0.100E-01 s, Total Time:   82.00000 s
       Pressure Iterations: 1
       Maximum Velocity Error:  0.43E-02 on Mesh 1 at (24,12,20)
       Maximum Pressure Error:  0.32E+01 on Mesh 1 at (20,13,20)
       ---------------------------------------------------------------
       Mesh    1
       Max CFL number:  0.20E+00 at (20,13,15)
       Max divergence:  0.27E+00 at (23,13,10)
       Min divergence: -0.18E+00 at (24,13,20)
       Max VN number :  0.79E-01 at (24,13,20)
       Mesh    2
       Max CFL number:  0.11E+00 at (1,10,20)
       Max divergence:  0.39E-01 at (1,13,19)
       Min divergence: -0.29E-01 at (1,8,20)
       Max VN number :  0.69E-01 at (22,26,20)
 
       Time Step     8300   June 15, 2026  18:49:47
       Step Size:  0.100E-01 s, Total Time:   83.00000 s
       Pressure Iterations: 1
       Maximum Velocity Error:  0.17E-02 on Mesh 1 at (20,13,15)
       Maximum Pressure Error:  0.62E+01 on Mesh 1 at (22,13,20)
       ---------------------------------------------------------------
       Mesh    1
       Max CFL number:  0.23E+00 at (21,13,20)
       Max divergence:  0.28E+00 at (22,13,1)
       Min divergence: -0.26E+00 at (21,13,19)
       Max VN number :  0.89E-01 at (7,15,20)
       Mesh    2
       Max CFL number:  0.81E-01 at (4,18,20)
       Max divergence:  0.16E-01 at (5,17,19)
       Min divergence: -0.16E-01 at (7,5,20)
       Max VN number :  0.79E-01 at (24,26,20)
 
       Time Step     8400   June 15, 2026  18:49:56
       Step Size:  0.100E-01 s, Total Time:   84.00000 s
       Pressure Iterations: 1
       Maximum Velocity Error:  0.23E-02 on Mesh 1 at (24,7,20)
       Maximum Pressure Error:  0.23E+01 on Mesh 1 at (21,13,20)
       ---------------------------------------------------------------
       Mesh    1
       Max CFL number:  0.21E+00 at (21,13,15)
       Max divergence:  0.32E+00 at (23,13,14)
       Min divergence: -0.24E+00 at (21,13,19)
       Max VN number :  0.99E-01 at (22,2,20)
       Mesh    2
       Max CFL number:  0.10E+00 at (2,19,20)
       Max divergence:  0.33E-01 at (3,19,19)
       Min divergence: -0.35E-01 at (1,2,20)
       Max VN number :  0.69E-01 at (24,24,20)
 
       Time Step     8500   June 15, 2026  18:50:04
       Step Size:  0.100E-01 s, Total Time:   85.00000 s
       Pressure Iterations: 1
       Maximum Velocity Error:  0.32E-02 on Mesh 1 at (24,12,20)
       Maximum Pressure Error:  0.24E+01 on Mesh 1 at (20,13,14)
       ---------------------------------------------------------------
       Mesh    1
       Max CFL number:  0.23E+00 at (21,13,16)
       Max divergence:  0.32E+00 at (22,13,8)
       Min divergence: -0.25E+00 at (22,13,19)
       Max VN number :  0.87E-01 at (21,13,16)
       Mesh    2
       Max CFL number:  0.89E-01 at (1,11,20)
       Max divergence:  0.26E-01 at (1,14,19)
       Min divergence: -0.22E-01 at (1,19,20)
       Max VN number :  0.85E-01 at (24,23,20)
 
       Time Step     8600   June 15, 2026  18:50:14
       Step Size:  0.100E-01 s, Total Time:   86.00000 s
       Pressure Iterations: 1
       Maximum Velocity Error:  0.25E-02 on Mesh 1 at (21,13,14)
       Maximum Pressure Error:  0.65E+01 on Mesh 1 at (20,13,20)
       ---------------------------------------------------------------
       Mesh    1
       Max CFL number:  0.24E+00 at (20,13,18)
       Max divergence:  0.44E+00 at (21,13,13)
       Min divergence: -0.24E+00 at (21,13,19)
       Max VN number :  0.93E-01 at (20,13,18)
       Mesh    2
       Max CFL number:  0.87E-01 at (4,17,20)
       Max divergence:  0.35E-01 at (1,13,19)
       Min divergence: -0.15E-01 at (1,12,18)
       Max VN number :  0.73E-01 at (24,4,20)
 
       Time Step     8700   June 15, 2026  18:50:23
       Step Size:  0.100E-01 s, Total Time:   87.00000 s
       Pressure Iterations: 1
       Maximum Velocity Error:  0.36E-02 on Mesh 1 at (22,13,15)
       Maximum Pressure Error:  0.24E+01 on Mesh 1 at (20,13,20)
       ---------------------------------------------------------------
       Mesh    1
       Max CFL number:  0.22E+00 at (22,13,16)
       Max divergence:  0.35E+00 at (21,13,14)
       Min divergence: -0.26E+00 at (21,13,19)
       Max VN number :  0.98E-01 at (21,1,15)
       Mesh    2
       Max CFL number:  0.96E-01 at (1,10,20)
       Max divergence:  0.29E-01 at (1,16,19)
       Min divergence: -0.18E-01 at (1,17,20)
       Max VN number :  0.84E-01 at (24,22,20)
 
       Time Step     8800   June 15, 2026  18:50:32
       Step Size:  0.100E-01 s, Total Time:   88.00000 s
       Pressure Iterations: 1
       Maximum Velocity Error:  0.53E-02 on Mesh 1 at (22,13,15)
       Maximum Pressure Error:  0.40E+01 on Mesh 1 at (22,13,15)
       ---------------------------------------------------------------
       Mesh    1
       Max CFL number:  0.23E+00 at (22,13,16)
       Max divergence:  0.34E+00 at (22,13,1)
       Min divergence: -0.33E+00 at (22,13,17)
       Max VN number :  0.10E+00 at (22,13,16)
       Mesh    2
       Max CFL number:  0.90E-01 at (1,20,20)
       Max divergence:  0.26E-01 at (1,16,19)
       Min divergence: -0.25E-01 at (1,22,20)
       Max VN number :  0.78E-01 at (8,2,20)
 
       Time Step     8900   June 15, 2026  18:50:41
       Step Size:  0.100E-01 s, Total Time:   89.00000 s
       Pressure Iterations: 1
       Maximum Velocity Error:  0.30E-02 on Mesh 1 at (24,6,20)
       Maximum Pressure Error:  0.30E+01 on Mesh 1 at (22,13,20)
       ---------------------------------------------------------------
       Mesh    1
       Max CFL number:  0.24E+00 at (20,13,20)
       Max divergence:  0.38E+00 at (22,13,4)
       Min divergence: -0.30E+00 at (20,13,18)
       Max VN number :  0.94E-01 at (20,13,16)
       Mesh    2
       Max CFL number:  0.11E+00 at (4,1,20)
       Max divergence:  0.35E-01 at (1,15,19)
       Min divergence: -0.26E-01 at (1,2,20)
       Max VN number :  0.68E-01 at (23,22,20)
 
       Time Step     9000   June 15, 2026  18:50:51
       Step Size:  0.100E-01 s, Total Time:   90.00000 s
       Pressure Iterations: 1
       Maximum Velocity Error:  0.14E-02 on Mesh 1 at (24,21,20)
       Maximum Pressure Error:  0.22E+01 on Mesh 1 at (21,13,20)
       ---------------------------------------------------------------
       Mesh    1
       Max CFL number:  0.25E+00 at (20,13,18)
       Max divergence:  0.39E+00 at (22,13,4)
       Min divergence: -0.35E+00 at (20,13,19)
       Max VN number :  0.83E-01 at (20,13,16)
       Mesh    2
       Max CFL number:  0.87E-01 at (1,8,20)
       Max divergence:  0.23E-01 at (1,16,19)
       Min divergence: -0.22E-01 at (8,1,16)
       Max VN number :  0.67E-01 at (23,19,20)
 
       Time Step     9100   June 15, 2026  18:51:00
       Step Size:  0.100E-01 s, Total Time:   91.00000 s
       Pressure Iterations: 1
       Maximum Velocity Error:  0.13E-02 on Mesh 1 at (18,14,12)
       Maximum Pressure Error:  0.28E+01 on Mesh 1 at (19,13,20)
       ---------------------------------------------------------------
       Mesh    1
       Max CFL number:  0.22E+00 at (20,13,16)
       Max divergence:  0.41E+00 at (22,13,8)
       Min divergence: -0.27E+00 at (21,13,19)
       Max VN number :  0.87E-01 at (18,32,20)
       Mesh    2
       Max CFL number:  0.93E-01 at (4,3,20)
       Max divergence:  0.25E-01 at (1,15,19)
       Min divergence: -0.20E-01 at (1,24,20)
       Max VN number :  0.82E-01 at (2,2,20)
 
       Time Step     9200   June 15, 2026  18:51:08
       Step Size:  0.100E-01 s, Total Time:   92.00000 s
       Pressure Iterations: 1
       Maximum Velocity Error:  0.14E-02 on Mesh 1 at (21,13,15)
       Maximum Pressure Error:  0.50E+01 on Mesh 1 at (21,13,20)
       ---------------------------------------------------------------
       Mesh    1
       Max CFL number:  0.23E+00 at (20,13,17)
       Max divergence:  0.46E+00 at (22,13,12)
       Min divergence: -0.31E+00 at (20,13,19)
       Max VN number :  0.13E+00 at (21,14,20)
       Mesh    2
       Max CFL number:  0.90E-01 at (8,1,20)
       Max divergence:  0.23E-01 at (1,16,19)
       Min divergence: -0.18E-01 at (1,2,20)
       Max VN number :  0.67E-01 at (2,2,20)
 
       Time Step     9300   June 15, 2026  18:51:18
       Step Size:  0.100E-01 s, Total Time:   93.00000 s
       Pressure Iterations: 1
       Maximum Velocity Error:  0.21E-02 on Mesh 1 at (24,3,20)
       Maximum Pressure Error:  0.32E+01 on Mesh 1 at (22,13,20)
       ---------------------------------------------------------------
       Mesh    1
       Max CFL number:  0.26E+00 at (20,13,17)
       Max divergence:  0.51E+00 at (22,13,7)
       Min divergence: -0.33E+00 at (20,13,19)
       Max VN number :  0.96E-01 at (20,13,17)
       Mesh    2
       Max CFL number:  0.86E-01 at (1,5,20)
       Max divergence:  0.25E-01 at (1,18,19)
       Min divergence: -0.23E-01 at (1,17,20)
       Max VN number :  0.73E-01 at (6,31,20)
 
       Time Step     9400   June 15, 2026  18:51:27
       Step Size:  0.100E-01 s, Total Time:   94.00000 s
       Pressure Iterations: 1
       Maximum Velocity Error:  0.16E-02 on Mesh 1 at (24,11,20)
       Maximum Pressure Error:  0.33E+01 on Mesh 1 at (19,13,20)
       ---------------------------------------------------------------
       Mesh    1
       Max CFL number:  0.26E+00 at (20,13,18)
       Max divergence:  0.52E+00 at (22,13,2)
       Min divergence: -0.34E+00 at (20,13,19)
       Max VN number :  0.93E-01 at (20,13,16)
       Mesh    2
       Max CFL number:  0.83E-01 at (7,1,20)
       Max divergence:  0.30E-01 at (19,1,17)
       Min divergence: -0.20E-01 at (5,2,16)
       Max VN number :  0.60E-01 at (19,1,17)
 
       Time Step     9500   June 15, 2026  18:51:35
       Step Size:  0.100E-01 s, Total Time:   95.00000 s
       Pressure Iterations: 1
       Maximum Velocity Error:  0.30E-02 on Mesh 1 at (24,1,20)
       Maximum Pressure Error:  0.52E+01 on Mesh 1 at (21,13,20)
       ---------------------------------------------------------------
       Mesh    1
       Max CFL number:  0.28E+00 at (20,13,18)
       Max divergence:  0.57E+00 at (22,13,14)
       Min divergence: -0.42E+00 at (20,13,19)
       Max VN number :  0.12E+00 at (13,32,20)
       Mesh    2
       Max CFL number:  0.97E-01 at (1,5,20)
       Max divergence:  0.49E-01 at (1,13,19)
       Min divergence: -0.31E-01 at (1,1,14)
       Max VN number :  0.65E-01 at (7,1,14)
 
       Time Step     9600   June 15, 2026  18:51:46
       Step Size:  0.100E-01 s, Total Time:   96.00000 s
       Pressure Iterations: 1
       Maximum Velocity Error:  0.34E-02 on Mesh 1 at (24,4,20)
       Maximum Pressure Error:  0.26E+01 on Mesh 1 at (21,13,20)
       ---------------------------------------------------------------
       Mesh    1
       Max CFL number:  0.29E+00 at (20,13,18)
       Max divergence:  0.62E+00 at (22,13,6)
       Min divergence: -0.49E+00 at (20,13,19)
       Max VN number :  0.98E-01 at (20,13,19)
       Mesh    2
       Max CFL number:  0.91E-01 at (1,10,20)
       Max divergence:  0.33E-01 at (1,14,19)
       Min divergence: -0.33E-01 at (1,10,20)
       Max VN number :  0.71E-01 at (8,1,15)
 
       Time Step     9700   June 15, 2026  18:51:55
       Step Size:  0.100E-01 s, Total Time:   97.00000 s
       Pressure Iterations: 1
       Maximum Velocity Error:  0.18E-02 on Mesh 1 at (24,17,20)
       Maximum Pressure Error:  0.37E+01 on Mesh 1 at (19,13,20)
       ---------------------------------------------------------------
       Mesh    1
       Max CFL number:  0.29E+00 at (20,13,18)
       Max divergence:  0.73E+00 at (22,13,9)
       Min divergence: -0.54E+00 at (20,13,19)
       Max VN number :  0.11E+00 at (20,13,16)
       Mesh    2
       Max CFL number:  0.96E-01 at (1,15,20)
       Max divergence:  0.47E-01 at (1,12,19)
       Min divergence: -0.34E-01 at (1,15,20)
       Max VN number :  0.62E-01 at (11,1,14)
 
       Time Step     9800   June 15, 2026  18:52:04
       Step Size:  0.100E-01 s, Total Time:   98.00000 s
       Pressure Iterations: 1
       Maximum Velocity Error:  0.31E-02 on Mesh 1 at (20,13,15)
       Maximum Pressure Error:  0.62E+01 on Mesh 1 at (21,12,20)
       ---------------------------------------------------------------
       Mesh    1
       Max CFL number:  0.30E+00 at (20,13,18)
       Max divergence:  0.81E+00 at (21,13,12)
       Min divergence: -0.47E+00 at (20,13,19)
       Max VN number :  0.11E+00 at (20,3,20)
       Mesh    2
       Max CFL number:  0.99E-01 at (1,15,20)
       Max divergence:  0.33E-01 at (1,14,19)
       Min divergence: -0.33E-01 at (1,17,20)
       Max VN number :  0.69E-01 at (18,1,18)
 
       Time Step     9900   June 15, 2026  18:52:13
       Step Size:  0.100E-01 s, Total Time:   99.00000 s
       Pressure Iterations: 1
       Maximum Velocity Error:  0.85E-02 on Mesh 1 at (22,13,12)
       Maximum Pressure Error:  0.77E+01 on Mesh 1 at (22,13,12)
       ---------------------------------------------------------------
       Mesh    1
       Max CFL number:  0.30E+00 at (20,13,18)
       Max divergence:  0.81E+00 at (23,13,12)
       Min divergence: -0.52E+00 at (21,13,19)
       Max VN number :  0.98E-01 at (20,15,16)
       Mesh    2
       Max CFL number:  0.13E+00 at (1,12,20)
       Max divergence:  0.62E-01 at (1,13,19)
       Min divergence: -0.42E-01 at (1,12,20)
       Max VN number :  0.73E-01 at (1,2,20)
 
       Time Step    10000   June 15, 2026  18:52:22
       Step Size:  0.100E-01 s, Total Time:  100.00000 s
       Pressure Iterations: 1
       Maximum Velocity Error:  0.36E-02 on Mesh 2 at (0,25,20)
       Maximum Pressure Error:  0.10E+02 on Mesh 1 at (19,13,20)
       ---------------------------------------------------------------
       Mesh    1
       Max CFL number:  0.31E+00 at (20,13,16)
       Max divergence:  0.77E+00 at (22,13,1)
       Min divergence: -0.32E+00 at (20,13,18)
       Max VN number :  0.13E+00 at (2,27,20)
       Mesh    2
       Max CFL number:  0.11E+00 at (1,10,20)
       Max divergence:  0.48E-01 at (1,16,19)
       Min divergence: -0.39E-01 at (1,16,20)
       Max VN number :  0.72E-01 at (11,4,20)
 
       Time Step    10100   June 15, 2026  18:52:31
       Step Size:  0.100E-01 s, Total Time:  101.00000 s
       Pressure Iterations: 1
       Maximum Velocity Error:  0.60E-02 on Mesh 1 at (21,13,14)
       Maximum Pressure Error:  0.13E+02 on Mesh 1 at (22,13,20)
       ---------------------------------------------------------------
       Mesh    1
       Max CFL number:  0.33E+00 at (20,13,16)
       Max divergence:  0.84E+00 at (22,13,13)
       Min divergence: -0.65E+00 at (20,13,19)
       Max VN number :  0.17E+00 at (21,2,20)
       Mesh    2
       Max CFL number:  0.11E+00 at (1,12,20)
       Max divergence:  0.99E-01 at (1,13,19)
       Min divergence: -0.37E-01 at (1,16,20)
       Max VN number :  0.76E-01 at (21,1,17)
 
       Time Step    10200   June 15, 2026  18:52:40
       Step Size:  0.100E-01 s, Total Time:  102.00000 s
       Pressure Iterations: 1
       Maximum Velocity Error:  0.84E-02 on Mesh 1 at (24,18,20)
       Maximum Pressure Error:  0.50E+01 on Mesh 1 at (19,13,20)
       ---------------------------------------------------------------
       Mesh    1
       Max CFL number:  0.31E+00 at (20,13,18)
       Max divergence:  0.88E+00 at (22,13,16)
       Min divergence: -0.50E+00 at (21,13,19)
       Max VN number :  0.12E+00 at (17,2,20)
       Mesh    2
       Max CFL number:  0.14E+00 at (3,5,20)
       Max divergence:  0.80E-01 at (1,13,19)
       Min divergence: -0.64E-01 at (1,16,20)
       Max VN number :  0.90E-01 at (2,4,20)
 
       Time Step    10300   June 15, 2026  18:52:49
       Step Size:  0.100E-01 s, Total Time:  103.00000 s
       Pressure Iterations: 1
       Maximum Velocity Error:  0.18E-01 on Mesh 1 at (24,13,20)
       Maximum Pressure Error:  0.22E+02 on Mesh 1 at (20,13,20)
       ---------------------------------------------------------------
       Mesh    1
       Max CFL number:  0.34E+00 at (20,13,20)
       Max divergence:  0.89E+00 at (23,13,14)
       Min divergence: -0.78E+00 at (20,13,19)
       Max VN number :  0.14E+00 at (20,13,19)
       Mesh    2
       Max CFL number:  0.15E+00 at (1,12,20)
       Max divergence:  0.20E+00 at (1,13,19)
       Min divergence: -0.16E+00 at (1,12,20)
       Max VN number :  0.10E+00 at (4,2,20)
 
       Time Step    10400   June 15, 2026  18:52:58
       Step Size:  0.100E-01 s, Total Time:  104.00000 s
       Pressure Iterations: 1
       Maximum Velocity Error:  0.47E-02 on Mesh 1 at (21,13,14)
       Maximum Pressure Error:  0.80E+01 on Mesh 1 at (19,13,20)
       ---------------------------------------------------------------
       Mesh    1
       Max CFL number:  0.34E+00 at (20,13,16)
       Max divergence:  0.94E+00 at (23,13,10)
       Min divergence: -0.45E+00 at (21,13,19)
       Max VN number :  0.17E+00 at (6,28,20)
       Mesh    2
       Max CFL number:  0.11E+00 at (1,14,20)
       Max divergence:  0.74E-01 at (1,13,19)
       Min divergence: -0.68E-01 at (1,16,20)
       Max VN number :  0.10E+00 at (15,1,16)
 
       Time Step    10500   June 15, 2026  18:53:07
       Step Size:  0.100E-01 s, Total Time:  105.00000 s
       Pressure Iterations: 1
       Maximum Velocity Error:  0.48E-02 on Mesh 2 at (0,7,20)
       Maximum Pressure Error:  0.72E+01 on Mesh 1 at (22,13,20)
       ---------------------------------------------------------------
       Mesh    1
       Max CFL number:  0.35E+00 at (20,13,18)
       Max divergence:  0.10E+01 at (20,13,16)
       Min divergence: -0.62E+00 at (21,13,19)
       Max VN number :  0.14E+00 at (22,15,16)
       Mesh    2
       Max CFL number:  0.13E+00 at (1,15,20)
       Max divergence:  0.66E-01 at (1,16,19)
       Min divergence: -0.72E-01 at (1,16,20)
       Max VN number :  0.11E+00 at (16,1,17)
 
       Time Step    10600   June 15, 2026  18:53:16
       Step Size:  0.100E-01 s, Total Time:  106.00000 s
       Pressure Iterations: 1
       Maximum Velocity Error:  0.66E-02 on Mesh 1 at (24,13,15)
       Maximum Pressure Error:  0.98E+01 on Mesh 1 at (21,13,20)
       ---------------------------------------------------------------
       Mesh    1
       Max CFL number:  0.34E+00 at (21,13,16)
       Max divergence:  0.12E+01 at (20,13,16)
       Min divergence: -0.69E+00 at (20,13,19)
       Max VN number :  0.16E+00 at (13,16,20)
       Mesh    2
       Max CFL number:  0.12E+00 at (1,17,20)
       Max divergence:  0.66E-01 at (1,19,19)
       Min divergence: -0.69E-01 at (1,18,20)
       Max VN number :  0.71E-01 at (10,31,20)
 
       Time Step    10700   June 15, 2026  18:53:25
       Step Size:  0.100E-01 s, Total Time:  107.00000 s
       Pressure Iterations: 1
       Maximum Velocity Error:  0.56E-02 on Mesh 1 at (24,22,20)
       Maximum Pressure Error:  0.41E+01 on Mesh 1 at (22,13,16)
       ---------------------------------------------------------------
       Mesh    1
       Max CFL number:  0.35E+00 at (20,13,18)
       Max divergence:  0.11E+01 at (21,13,16)
       Min divergence: -0.73E+00 at (20,13,19)
       Max VN number :  0.14E+00 at (4,28,20)
       Mesh    2
       Max CFL number:  0.14E+00 at (2,20,20)
       Max divergence:  0.11E+00 at (1,12,19)
       Min divergence: -0.65E-01 at (2,21,20)
       Max VN number :  0.83E-01 at (24,7,20)
 
       Time Step    10800   June 15, 2026  18:53:34
       Step Size:  0.100E-01 s, Total Time:  108.00000 s
       Pressure Iterations: 1
       Maximum Velocity Error:  0.90E-02 on Mesh 1 at (24,9,20)
       Maximum Pressure Error:  0.12E+02 on Mesh 1 at (22,13,20)
       ---------------------------------------------------------------
       Mesh    1
       Max CFL number:  0.32E+00 at (21,13,16)
       Max divergence:  0.13E+01 at (21,13,16)
       Min divergence: -0.57E+00 at (20,13,19)
       Max VN number :  0.15E+00 at (8,22,20)
       Mesh    2
       Max CFL number:  0.14E+00 at (1,14,20)
       Max divergence:  0.14E+00 at (1,12,19)
       Min divergence: -0.91E-01 at (1,15,20)
       Max VN number :  0.86E-01 at (21,3,20)
 
       Time Step    10900   June 15, 2026  18:53:44
       Step Size:  0.100E-01 s, Total Time:  109.00000 s
       Pressure Iterations: 1
       Maximum Velocity Error:  0.21E-01 on Mesh 1 at (22,13,13)
       Maximum Pressure Error:  0.31E+02 on Mesh 1 at (23,13,12)
       ---------------------------------------------------------------
       Mesh    1
       Max CFL number:  0.38E+00 at (20,13,16)
       Max divergence:  0.20E+01 at (22,13,15)
       Min divergence: -0.62E+00 at (20,13,19)
       Max VN number :  0.13E+00 at (20,13,16)
       Mesh    2
       Max CFL number:  0.14E+00 at (1,17,20)
       Max divergence:  0.15E+00 at (1,13,19)
       Min divergence: -0.71E-01 at (1,15,18)
       Max VN number :  0.87E-01 at (5,1,14)
 
       Time Step    11000   June 15, 2026  18:53:53
       Step Size:  0.100E-01 s, Total Time:  110.00000 s
       Pressure Iterations: 1
       Maximum Velocity Error:  0.90E-02 on Mesh 1 at (24,4,20)
       Maximum Pressure Error:  0.11E+02 on Mesh 1 at (20,13,20)
       ---------------------------------------------------------------
       Mesh    1
       Max CFL number:  0.36E+00 at (22,13,18)
       Max divergence:  0.13E+01 at (21,13,16)
       Min divergence: -0.96E+00 at (22,13,19)
       Max VN number :  0.13E+00 at (21,13,16)
       Mesh    2
       Max CFL number:  0.14E+00 at (2,3,20)
       Max divergence:  0.12E+00 at (1,13,19)
       Min divergence: -0.90E-01 at (1,15,20)
       Max VN number :  0.89E-01 at (6,2,20)
 
       Time Step    11100   June 15, 2026  18:54:01
       Step Size:  0.100E-01 s, Total Time:  111.00000 s
       Pressure Iterations: 1
       Maximum Velocity Error:  0.72E-02 on Mesh 1 at (23,13,15)
       Maximum Pressure Error:  0.11E+02 on Mesh 1 at (19,13,20)
       ---------------------------------------------------------------
       Mesh    1
       Max CFL number:  0.38E+00 at (22,13,16)
       Max divergence:  0.16E+01 at (22,13,16)
       Min divergence: -0.93E+00 at (22,13,19)
       Max VN number :  0.19E+00 at (19,14,13)
       Mesh    2
       Max CFL number:  0.14E+00 at (1,14,20)
       Max divergence:  0.95E-01 at (2,14,19)
       Min divergence: -0.10E+00 at (3,1,14)
       Max VN number :  0.79E-01 at (17,3,20)
 
       Time Step    11200   June 15, 2026  18:54:11
       Step Size:  0.100E-01 s, Total Time:  112.00000 s
       Pressure Iterations: 1
       Maximum Velocity Error:  0.73E-02 on Mesh 1 at (24,23,20)
       Maximum Pressure Error:  0.49E+01 on Mesh 1 at (20,12,20)
       ---------------------------------------------------------------
       Mesh    1
       Max CFL number:  0.38E+00 at (21,13,16)
       Max divergence:  0.15E+01 at (20,13,16)
       Min divergence: -0.71E+00 at (20,13,19)
       Max VN number :  0.16E+00 at (16,12,20)
       Mesh    2
       Max CFL number:  0.14E+00 at (1,15,20)
       Max divergence:  0.11E+00 at (1,13,19)
       Min divergence: -0.85E-01 at (1,16,18)
       Max VN number :  0.13E+00 at (16,3,20)
 
       Time Step    11300   June 15, 2026  18:54:20
       Step Size:  0.100E-01 s, Total Time:  113.00000 s
       Pressure Iterations: 1
       Maximum Velocity Error:  0.62E-02 on Mesh 1 at (24,13,15)
       Maximum Pressure Error:  0.15E+02 on Mesh 1 at (23,13,16)
       ---------------------------------------------------------------
       Mesh    1
       Max CFL number:  0.35E+00 at (20,13,20)
       Max divergence:  0.13E+01 at (20,13,16)
       Min divergence: -0.79E+00 at (21,13,19)
       Max VN number :  0.19E+00 at (9,22,20)
       Mesh    2
       Max CFL number:  0.16E+00 at (1,12,20)
       Max divergence:  0.14E+00 at (1,13,19)
       Min divergence: -0.11E+00 at (1,13,20)
       Max VN number :  0.80E-01 at (10,32,20)
 
       Time Step    11400   June 15, 2026  18:54:29
       Step Size:  0.100E-01 s, Total Time:  114.00000 s
       Pressure Iterations: 1
       Maximum Velocity Error:  0.76E-02 on Mesh 1 at (21,13,15)
       Maximum Pressure Error:  0.92E+01 on Mesh 1 at (21,13,15)
       ---------------------------------------------------------------
       Mesh    1
       Max CFL number:  0.37E+00 at (20,13,20)
       Max divergence:  0.13E+01 at (21,13,10)
       Min divergence: -0.10E+01 at (21,13,19)
       Max VN number :  0.20E+00 at (20,15,16)
       Mesh    2
       Max CFL number:  0.15E+00 at (1,14,20)
       Max divergence:  0.16E+00 at (1,12,19)
       Min divergence: -0.10E+00 at (1,11,20)
       Max VN number :  0.93E-01 at (17,1,17)
 
       Time Step    11500   June 15, 2026  18:54:38
       Step Size:  0.100E-01 s, Total Time:  115.00000 s
       Pressure Iterations: 1
       Maximum Velocity Error:  0.94E-02 on Mesh 1 at (24,13,10)
       Maximum Pressure Error:  0.16E+02 on Mesh 1 at (22,13,20)
       ---------------------------------------------------------------
       Mesh    1
       Max CFL number:  0.38E+00 at (21,13,16)
       Max divergence:  0.15E+01 at (23,13,11)
       Min divergence: -0.83E+00 at (21,13,19)
       Max VN number :  0.22E+00 at (20,12,20)
       Mesh    2
       Max CFL number:  0.14E+00 at (2,31,20)
       Max divergence:  0.19E+00 at (1,13,9)
       Min divergence: -0.73E-01 at (1,11,20)
       Max VN number :  0.71E-01 at (11,33,14)
 
       Time Step    11600   June 15, 2026  18:54:48
       Step Size:  0.100E-01 s, Total Time:  116.00000 s
       Pressure Iterations: 1
       Maximum Velocity Error:  0.92E-02 on Mesh 1 at (20,13,12)
       Maximum Pressure Error:  0.13E+02 on Mesh 1 at (20,13,12)
       ---------------------------------------------------------------
       Mesh    1
       Max CFL number:  0.37E+00 at (20,13,16)
       Max divergence:  0.14E+01 at (20,13,16)
       Min divergence: -0.82E+00 at (20,13,19)
       Max VN number :  0.24E+00 at (24,13,12)
       Mesh    2
       Max CFL number:  0.16E+00 at (1,11,20)
       Max divergence:  0.14E+00 at (1,13,14)
       Min divergence: -0.92E-01 at (1,13,12)
       Max VN number :  0.12E+00 at (14,3,20)
 
       Time Step    11700   June 15, 2026  18:54:57
       Step Size:  0.100E-01 s, Total Time:  117.00000 s
       Pressure Iterations: 1
       Maximum Velocity Error:  0.21E-01 on Mesh 1 at (24,13,20)
       Maximum Pressure Error:  0.11E+02 on Mesh 1 at (23,13,20)
       ---------------------------------------------------------------
       Mesh    1
       Max CFL number:  0.38E+00 at (20,13,18)
       Max divergence:  0.14E+01 at (22,13,5)
       Min divergence: -0.74E+00 at (20,13,18)
       Max VN number :  0.20E+00 at (19,15,13)
       Mesh    2
       Max CFL number:  0.14E+00 at (1,3,20)
       Max divergence:  0.16E+00 at (1,12,19)
       Min divergence: -0.16E+00 at (1,13,16)
       Max VN number :  0.11E+00 at (24,1,15)
 
       Time Step    11800   June 15, 2026  18:55:06
       Step Size:  0.100E-01 s, Total Time:  118.00000 s
       Pressure Iterations: 1
       Maximum Velocity Error:  0.15E-01 on Mesh 1 at (24,10,20)
       Maximum Pressure Error:  0.74E+02 on Mesh 1 at (20,13,20)
       ---------------------------------------------------------------
       Mesh    1
       Max CFL number:  0.46E+00 at (20,13,18)
       Max divergence:  0.28E+01 at (20,13,16)
       Min divergence: -0.97E+00 at (20,13,18)
       Max VN number :  0.18E+00 at (20,13,18)
       Mesh    2
       Max CFL number:  0.20E+00 at (1,12,20)
       Max divergence:  0.28E+00 at (1,12,19)
       Min divergence: -0.25E+00 at (1,11,20)
       Max VN number :  0.10E+00 at (1,12,20)
 
       Time Step    11900   June 15, 2026  18:55:15
       Step Size:  0.100E-01 s, Total Time:  119.00000 s
       Pressure Iterations: 1
       Maximum Velocity Error:  0.40E-01 on Mesh 1 at (22,13,13)
       Maximum Pressure Error:  0.61E+02 on Mesh 1 at (22,13,13)
       ---------------------------------------------------------------
       Mesh    1
       Max CFL number:  0.41E+00 at (22,13,11)
       Max divergence:  0.23E+01 at (20,13,14)
       Min divergence: -0.72E+00 at (18,13,17)
       Max VN number :  0.17E+00 at (21,1,19)
       Mesh    2
       Max CFL number:  0.17E+00 at (1,26,20)
       Max divergence:  0.13E+00 at (1,13,11)
       Min divergence: -0.13E+00 at (1,26,20)
       Max VN number :  0.85E-01 at (8,32,20)
 
       Time Step    12000   June 15, 2026  18:55:24
       Step Size:  0.100E-01 s, Total Time:  120.00000 s
       Pressure Iterations: 1
       Maximum Velocity Error:  0.13E-01 on Mesh 1 at (20,13,13)
       Maximum Pressure Error:  0.21E+02 on Mesh 1 at (21,13,20)
       ---------------------------------------------------------------
       Mesh    1
       Max CFL number:  0.40E+00 at (20,13,16)
       Max divergence:  0.22E+01 at (21,13,16)
       Min divergence: -0.11E+01 at (21,13,19)
       Max VN number :  0.22E+00 at (18,14,20)
       Mesh    2
       Max CFL number:  0.17E+00 at (4,6,20)
       Max divergence:  0.11E+00 at (1,12,19)
       Min divergence: -0.78E-01 at (1,14,20)
       Max VN number :  0.10E+00 at (5,31,20)
 
       Time Step    12100   June 15, 2026  18:55:33
       Step Size:  0.100E-01 s, Total Time:  121.00000 s
       Pressure Iterations: 1
       Maximum Velocity Error:  0.24E-01 on Mesh 1 at (22,13,14)
       Maximum Pressure Error:  0.33E+02 on Mesh 1 at (23,13,18)
       ---------------------------------------------------------------
       Mesh    1
       Max CFL number:  0.40E+00 at (21,13,16)
       Max divergence:  0.29E+01 at (22,13,14)
       Min divergence: -0.77E+00 at (23,13,18)
       Max VN number :  0.18E+00 at (15,2,20)
       Mesh    2
       Max CFL number:  0.17E+00 at (1,21,20)
       Max divergence:  0.24E+00 at (1,13,17)
       Min divergence: -0.10E+00 at (1,14,16)
       Max VN number :  0.96E-01 at (7,2,20)
 
       Time Step    12200   June 15, 2026  18:55:42
       Step Size:  0.100E-01 s, Total Time:  122.00000 s
       Pressure Iterations: 1
       Maximum Velocity Error:  0.69E-01 on Mesh 1 at (24,13,20)
       Maximum Pressure Error:  0.23E+02 on Mesh 1 at (24,13,20)
       ---------------------------------------------------------------
       Mesh    1
       Max CFL number:  0.40E+00 at (20,13,20)
       Max divergence:  0.18E+01 at (21,13,16)
       Min divergence: -0.10E+01 at (20,13,19)
       Max VN number :  0.17E+00 at (19,14,13)
       Mesh    2
       Max CFL number:  0.20E+00 at (1,14,20)
       Max divergence:  0.29E+00 at (1,12,19)
       Min divergence: -0.33E+00 at (1,15,20)
       Max VN number :  0.13E+00 at (9,2,20)
 
       Time Step    12300   June 15, 2026  18:55:52
       Step Size:  0.100E-01 s, Total Time:  123.00000 s
       Pressure Iterations: 1
       Maximum Velocity Error:  0.10E-01 on Mesh 1 at (24,32,20)
       Maximum Pressure Error:  0.17E+02 on Mesh 1 at (19,13,16)
       ---------------------------------------------------------------
       Mesh    1
       Max CFL number:  0.41E+00 at (20,13,18)
       Max divergence:  0.20E+01 at (22,13,3)
       Min divergence: -0.10E+01 at (21,13,19)
       Max VN number :  0.25E+00 at (19,14,14)
       Mesh    2
       Max CFL number:  0.20E+00 at (5,1,20)
       Max divergence:  0.15E+00 at (1,14,19)
       Min divergence: -0.19E+00 at (1,16,20)
       Max VN number :  0.21E+00 at (6,2,20)
 
       Time Step    12400   June 15, 2026  18:56:01
       Step Size:  0.100E-01 s, Total Time:  124.00000 s
       Pressure Iterations: 1
       Maximum Velocity Error:  0.19E-01 on Mesh 1 at (24,13,17)
       Maximum Pressure Error:  0.25E+02 on Mesh 1 at (21,13,13)
       ---------------------------------------------------------------
       Mesh    1
       Max CFL number:  0.42E+00 at (20,13,16)
       Max divergence:  0.20E+01 at (20,13,16)
       Min divergence: -0.12E+01 at (20,13,19)
       Max VN number :  0.19E+00 at (20,11,20)
       Mesh    2
       Max CFL number:  0.19E+00 at (1,16,20)
       Max divergence:  0.23E+00 at (1,11,19)
       Min divergence: -0.19E+00 at (1,9,20)
       Max VN number :  0.11E+00 at (3,32,20)
 
       Time Step    12500   June 15, 2026  18:56:10
       Step Size:  0.100E-01 s, Total Time:  125.00000 s
       Pressure Iterations: 1
       Maximum Velocity Error:  0.19E-01 on Mesh 1 at (22,13,14)
       Maximum Pressure Error:  0.38E+02 on Mesh 1 at (22,13,14)
       ---------------------------------------------------------------
       Mesh    1
       Max CFL number:  0.40E+00 at (21,13,16)
       Max divergence:  0.17E+01 at (20,13,16)
       Min divergence: -0.95E+00 at (20,13,19)
       Max VN number :  0.19E+00 at (23,2,20)
       Mesh    2
       Max CFL number:  0.21E+00 at (1,15,20)
       Max divergence:  0.21E+00 at (1,13,11)
       Min divergence: -0.12E+00 at (1,12,20)
       Max VN number :  0.92E-01 at (16,14,20)
 
       Time Step    12600   June 15, 2026  18:56:20
       Step Size:  0.100E-01 s, Total Time:  126.00000 s
       Pressure Iterations: 1
       Maximum Velocity Error:  0.21E-01 on Mesh 1 at (24,10,20)
       Maximum Pressure Error:  0.16E+02 on Mesh 1 at (21,13,15)
       ---------------------------------------------------------------
       Mesh    1
       Max CFL number:  0.44E+00 at (20,13,16)
       Max divergence:  0.26E+01 at (21,13,16)
       Min divergence: -0.12E+01 at (21,13,19)
       Max VN number :  0.16E+00 at (19,15,13)
       Mesh    2
       Max CFL number:  0.19E+00 at (1,24,20)
       Max divergence:  0.18E+00 at (1,13,7)
       Min divergence: -0.12E+00 at (1,25,20)
       Max VN number :  0.15E+00 at (8,9,20)
 
       Time Step    12700   June 15, 2026  18:56:29
       Step Size:  0.100E-01 s, Total Time:  127.00000 s
       Pressure Iterations: 1
       Maximum Velocity Error:  0.31E-01 on Mesh 1 at (24,13,18)
       Maximum Pressure Error:  0.30E+02 on Mesh 1 at (20,13,13)
       ---------------------------------------------------------------
       Mesh    1
       Max CFL number:  0.41E+00 at (20,13,18)
       Max divergence:  0.27E+01 at (22,13,16)
       Min divergence: -0.78E+00 at (21,13,19)
       Max VN number :  0.17E+00 at (11,3,20)
       Mesh    2
       Max CFL number:  0.18E+00 at (6,33,20)
       Max divergence:  0.44E+00 at (1,13,16)
       Min divergence: -0.21E+00 at (1,12,13)
       Max VN number :  0.20E+00 at (5,32,20)
 
       Time Step    12800   June 15, 2026  18:56:38
       Step Size:  0.100E-01 s, Total Time:  128.00000 s
       Pressure Iterations: 1
       Maximum Velocity Error:  0.24E-01 on Mesh 1 at (24,13,15)
       Maximum Pressure Error:  0.30E+02 on Mesh 1 at (21,13,12)
       ---------------------------------------------------------------
       Mesh    1
       Max CFL number:  0.41E+00 at (20,13,16)
       Max divergence:  0.22E+01 at (20,13,16)
       Min divergence: -0.76E+00 at (20,13,19)
       Max VN number :  0.17E+00 at (19,16,13)
       Mesh    2
       Max CFL number:  0.21E+00 at (5,1,20)
       Max divergence:  0.37E+00 at (1,13,16)
       Min divergence: -0.10E+00 at (1,17,20)
       Max VN number :  0.16E+00 at (9,2,20)
 
       Time Step    12900   June 15, 2026  18:56:48
       Step Size:  0.100E-01 s, Total Time:  129.00000 s
       Pressure Iterations: 1
       Maximum Velocity Error:  0.35E-01 on Mesh 1 at (24,24,20)
       Maximum Pressure Error:  0.18E+02 on Mesh 1 at (22,13,13)
       ---------------------------------------------------------------
       Mesh    1
       Max CFL number:  0.44E+00 at (20,13,16)
       Max divergence:  0.28E+01 at (20,13,16)
       Min divergence: -0.13E+01 at (20,13,19)
       Max VN number :  0.18E+00 at (19,14,15)
       Mesh    2
       Max CFL number:  0.21E+00 at (1,21,20)
       Max divergence:  0.19E+00 at (1,12,19)
       Min divergence: -0.34E+00 at (1,17,20)
       Max VN number :  0.11E+00 at (12,32,20)
 
       Time Step    13000   June 15, 2026  18:56:57
       Step Size:  0.100E-01 s, Total Time:  130.00000 s
       Pressure Iterations: 1
       Maximum Velocity Error:  0.27E-01 on Mesh 1 at (24,12,20)
       Maximum Pressure Error:  0.99E+01 on Mesh 1 at (21,13,11)
       ---------------------------------------------------------------
       Mesh    1
       Max CFL number:  0.45E+00 at (20,13,16)
       Max divergence:  0.27E+01 at (20,13,16)
       Min divergence: -0.11E+01 at (21,13,19)
       Max VN number :  0.20E+00 at (5,22,20)
       Mesh    2
       Max CFL number:  0.20E+00 at (1,11,20)
       Max divergence:  0.17E+00 at (1,10,19)
       Min divergence: -0.22E+00 at (1,11,20)
       Max VN number :  0.13E+00 at (6,31,20)
 
       Time Step    13100   June 15, 2026  18:57:06
       Step Size:  0.100E-01 s, Total Time:  131.00000 s
       Pressure Iterations: 1
       Maximum Velocity Error:  0.33E-01 on Mesh 1 at (22,13,13)
       Maximum Pressure Error:  0.61E+02 on Mesh 1 at (22,13,13)
       ---------------------------------------------------------------
       Mesh    1
       Max CFL number:  0.46E+00 at (20,13,16)
       Max divergence:  0.29E+01 at (21,13,12)
       Min divergence: -0.13E+01 at (20,13,19)
       Max VN number :  0.21E+00 at (20,15,16)
       Mesh    2
       Max CFL number:  0.18E+00 at (1,9,20)
       Max divergence:  0.16E+00 at (1,11,19)
       Min divergence: -0.21E+00 at (1,9,20)
       Max VN number :  0.12E+00 at (13,5,20)
 
       Time Step    13200   June 15, 2026  18:57:15
       Step Size:  0.100E-01 s, Total Time:  132.00000 s
       Pressure Iterations: 1
       Maximum Velocity Error:  0.32E-01 on Mesh 1 at (21,13,14)
       Maximum Pressure Error:  0.66E+02 on Mesh 1 at (21,13,14)
       ---------------------------------------------------------------
       Mesh    1
       Max CFL number:  0.44E+00 at (20,13,14)
       Max divergence:  0.20E+01 at (20,13,16)
       Min divergence: -0.12E+01 at (20,13,19)
       Max VN number :  0.14E+00 at (21,10,20)
       Mesh    2
       Max CFL number:  0.17E+00 at (1,12,20)
       Max divergence:  0.24E+00 at (1,13,19)
       Min divergence: -0.17E+00 at (1,11,20)
       Max VN number :  0.12E+00 at (19,31,20)
 
       Time Step    13300   June 15, 2026  18:57:24
       Step Size:  0.100E-01 s, Total Time:  133.00000 s
       Pressure Iterations: 1
       Maximum Velocity Error:  0.66E-01 on Mesh 1 at (21,13,6)
       Maximum Pressure Error:  0.14E+03 on Mesh 1 at (21,13,6)
       ---------------------------------------------------------------
       Mesh    1
       Max CFL number:  0.39E+00 at (21,13,18)
       Max divergence:  0.27E+01 at (20,13,16)
       Min divergence: -0.89E+00 at (21,13,19)
       Max VN number :  0.25E+00 at (22,2,20)
       Mesh    2
       Max CFL number:  0.27E+00 at (4,1,20)
       Max divergence:  0.35E+00 at (1,13,19)
       Min divergence: -0.23E+00 at (1,15,20)
       Max VN number :  0.18E+00 at (5,2,20)
 
       Time Step    13400   June 15, 2026  18:57:33
       Step Size:  0.100E-01 s, Total Time:  134.00000 s
       Pressure Iterations: 1
       Maximum Velocity Error:  0.28E-01 on Mesh 1 at (24,13,18)
       Maximum Pressure Error:  0.22E+02 on Mesh 1 at (22,13,15)
       ---------------------------------------------------------------
       Mesh    1
       Max CFL number:  0.44E+00 at (20,13,18)
       Max divergence:  0.24E+01 at (20,13,16)
       Min divergence: -0.12E+01 at (20,13,19)
       Max VN number :  0.15E+00 at (9,18,20)
       Mesh    2
       Max CFL number:  0.18E+00 at (4,1,20)
       Max divergence:  0.23E+00 at (1,14,19)
       Min divergence: -0.17E+00 at (1,12,18)
       Max VN number :  0.14E+00 at (22,13,20)
 
       Time Step    13500   June 15, 2026  18:57:42
       Step Size:  0.100E-01 s, Total Time:  135.00000 s
       Pressure Iterations: 1
       Maximum Velocity Error:  0.32E-01 on Mesh 1 at (24,13,19)
       Maximum Pressure Error:  0.20E+02 on Mesh 1 at (23,13,14)
       ---------------------------------------------------------------
       Mesh    1
       Max CFL number:  0.42E+00 at (21,13,16)
       Max divergence:  0.31E+01 at (21,13,16)
       Min divergence: -0.11E+01 at (20,13,19)
       Max VN number :  0.16E+00 at (21,16,16)
       Mesh    2
       Max CFL number:  0.16E+00 at (2,11,20)
       Max divergence:  0.19E+00 at (1,12,19)
       Min divergence: -0.21E+00 at (6,1,13)
       Max VN number :  0.15E+00 at (17,1,15)
 
       Time Step    13600   June 15, 2026  18:57:52
       Step Size:  0.100E-01 s, Total Time:  136.00000 s
       Pressure Iterations: 2
       Maximum Velocity Error:  0.23E-01 on Mesh 1 at (21,13,14)
       Maximum Pressure Error:  0.20E+03 on Mesh 1 at (21,13,14)
       ---------------------------------------------------------------
       Mesh    1
       Max CFL number:  0.54E+00 at (20,13,15)
       Max divergence:  0.38E+01 at (21,13,14)
       Min divergence: -0.86E+00 at (22,13,19)
       Max VN number :  0.18E+00 at (18,13,14)
       Mesh    2
       Max CFL number:  0.18E+00 at (1,11,20)
       Max divergence:  0.17E+00 at (1,13,18)
       Min divergence: -0.14E+00 at (4,2,20)
       Max VN number :  0.13E+00 at (22,28,20)
 
       Time Step    13700   June 15, 2026  18:58:01
       Step Size:  0.100E-01 s, Total Time:  137.00000 s
       Pressure Iterations: 1
       Maximum Velocity Error:  0.20E-01 on Mesh 1 at (24,22,20)
       Maximum Pressure Error:  0.21E+02 on Mesh 1 at (21,13,7)
       ---------------------------------------------------------------
       Mesh    1
       Max CFL number:  0.45E+00 at (21,13,16)
       Max divergence:  0.27E+01 at (22,13,10)
       Min divergence: -0.13E+01 at (22,13,19)
       Max VN number :  0.29E+00 at (21,8,20)
       Mesh    2
       Max CFL number:  0.18E+00 at (1,15,20)
       Max divergence:  0.15E+00 at (1,13,19)
       Min divergence: -0.16E+00 at (1,15,20)
       Max VN number :  0.15E+00 at (2,2,20)
 
       Time Step    13800   June 15, 2026  18:58:10
       Step Size:  0.100E-01 s, Total Time:  138.00000 s
       Pressure Iterations: 2
       Maximum Velocity Error:  0.16E-01 on Mesh 1 at (23,13,6)
       Maximum Pressure Error:  0.15E+03 on Mesh 1 at (23,13,6)
       ---------------------------------------------------------------
       Mesh    1
       Max CFL number:  0.49E+00 at (20,13,20)
       Max divergence:  0.41E+01 at (23,13,6)
       Min divergence: -0.90E+00 at (21,13,19)
       Max VN number :  0.15E+00 at (22,13,19)
       Mesh    2
       Max CFL number:  0.20E+00 at (1,12,20)
       Max divergence:  0.32E+00 at (1,13,19)
       Min divergence: -0.29E+00 at (1,12,20)
       Max VN number :  0.15E+00 at (1,13,20)
 
       Time Step    13900   June 15, 2026  18:58:19
       Step Size:  0.100E-01 s, Total Time:  139.00000 s
       Pressure Iterations: 1
       Maximum Velocity Error:  0.40E-01 on Mesh 1 at (24,13,20)
       Maximum Pressure Error:  0.41E+02 on Mesh 1 at (21,13,13)
       ---------------------------------------------------------------
       Mesh    1
       Max CFL number:  0.41E+00 at (21,13,12)
       Max divergence:  0.27E+01 at (20,13,15)
       Min divergence: -0.99E+00 at (21,13,19)
       Max VN number :  0.15E+00 at (21,5,20)
       Mesh    2
       Max CFL number:  0.21E+00 at (1,15,20)
       Max divergence:  0.26E+00 at (1,11,19)
       Min divergence: -0.31E+00 at (1,16,20)
       Max VN number :  0.12E+00 at (2,2,20)
 
       Time Step    14000   June 15, 2026  18:58:28
       Step Size:  0.100E-01 s, Total Time:  140.00000 s
       Pressure Iterations: 1
       Maximum Velocity Error:  0.36E-01 on Mesh 1 at (24,13,14)
       Maximum Pressure Error:  0.40E+02 on Mesh 1 at (20,13,17)
       ---------------------------------------------------------------
       Mesh    1
       Max CFL number:  0.47E+00 at (20,13,16)
       Max divergence:  0.33E+01 at (20,13,16)
       Min divergence: -0.85E+00 at (22,13,19)
       Max VN number :  0.22E+00 at (22,6,20)
       Mesh    2
       Max CFL number:  0.21E+00 at (1,23,20)
       Max divergence:  0.19E+00 at (1,12,19)
       Min divergence: -0.18E+00 at (1,14,20)
       Max VN number :  0.14E+00 at (4,1,14)
 
       Time Step    14100   June 15, 2026  18:58:37
       Step Size:  0.100E-01 s, Total Time:  141.00000 s
       Pressure Iterations: 1
       Maximum Velocity Error:  0.36E-01 on Mesh 1 at (24,7,20)
       Maximum Pressure Error:  0.64E+02 on Mesh 1 at (23,13,15)
       ---------------------------------------------------------------
       Mesh    1
       Max CFL number:  0.48E+00 at (22,13,20)
       Max divergence:  0.31E+01 at (20,13,16)
       Min divergence: -0.15E+01 at (21,13,19)
       Max VN number :  0.25E+00 at (21,2,20)
       Mesh    2
       Max CFL number:  0.21E+00 at (1,9,20)
       Max divergence:  0.23E+00 at (1,13,20)
       Min divergence: -0.33E+00 at (1,16,20)
       Max VN number :  0.13E+00 at (4,31,20)
 
       Time Step    14200   June 15, 2026  18:58:46
       Step Size:  0.100E-01 s, Total Time:  142.00000 s
       Pressure Iterations: 1
       Maximum Velocity Error:  0.54E-01 on Mesh 1 at (24,13,20)
       Maximum Pressure Error:  0.41E+02 on Mesh 1 at (20,13,10)
       ---------------------------------------------------------------
       Mesh    1
       Max CFL number:  0.46E+00 at (23,13,20)
       Max divergence:  0.28E+01 at (22,13,11)
       Min divergence: -0.14E+01 at (22,13,19)
       Max VN number :  0.20E+00 at (23,11,20)
       Mesh    2
       Max CFL number:  0.19E+00 at (1,20,20)
       Max divergence:  0.30E+00 at (1,13,15)
       Min divergence: -0.26E+00 at (1,15,20)
       Max VN number :  0.11E+00 at (11,32,20)
 
       Time Step    14300   June 15, 2026  18:58:56
       Step Size:  0.100E-01 s, Total Time:  143.00000 s
       Pressure Iterations: 1
       Maximum Velocity Error:  0.74E-01 on Mesh 1 at (23,13,4)
       Maximum Pressure Error:  0.12E+03 on Mesh 1 at (22,13,4)
       ---------------------------------------------------------------
       Mesh    1
       Max CFL number:  0.52E+00 at (21,13,17)
       Max divergence:  0.35E+01 at (23,13,4)
       Min divergence: -0.10E+01 at (21,13,19)
       Max VN number :  0.23E+00 at (18,2,20)
       Mesh    2
       Max CFL number:  0.22E+00 at (1,10,20)
       Max divergence:  0.23E+00 at (1,13,19)
       Min divergence: -0.24E+00 at (2,9,20)
       Max VN number :  0.12E+00 at (1,3,20)
 
       Time Step    14400   June 15, 2026  18:59:05
       Step Size:  0.100E-01 s, Total Time:  144.00000 s
       Pressure Iterations: 1
       Maximum Velocity Error:  0.64E-01 on Mesh 1 at (21,13,14)
       Maximum Pressure Error:  0.95E+02 on Mesh 1 at (21,13,14)
       ---------------------------------------------------------------
       Mesh    1
       Max CFL number:  0.49E+00 at (21,13,12)
       Max divergence:  0.25E+01 at (22,13,2)
       Min divergence: -0.94E+00 at (18,13,14)
       Max VN number :  0.20E+00 at (19,8,20)
       Mesh    2
       Max CFL number:  0.25E+00 at (1,12,20)
       Max divergence:  0.25E+00 at (2,11,19)
       Min divergence: -0.39E+00 at (1,12,20)
       Max VN number :  0.15E+00 at (8,2,20)
 
       Time Step    14500   June 15, 2026  18:59:14
       Step Size:  0.100E-01 s, Total Time:  145.00000 s
       Pressure Iterations: 2
       Maximum Velocity Error:  0.21E-01 on Mesh 1 at (21,13,9)
       Maximum Pressure Error:  0.28E+03 on Mesh 1 at (21,13,9)
       ---------------------------------------------------------------
       Mesh    1
       Max CFL number:  0.60E+00 at (20,13,16)
       Max divergence:  0.46E+01 at (20,13,11)
       Min divergence: -0.19E+01 at (20,13,18)
       Max VN number :  0.24E+00 at (20,13,17)
       Mesh    2
       Max CFL number:  0.27E+00 at (1,11,20)
       Max divergence:  0.39E+00 at (1,13,19)
       Min divergence: -0.29E+00 at (1,14,18)
       Max VN number :  0.93E-01 at (12,1,17)
 
       Time Step    14600   June 15, 2026  18:59:23
       Step Size:  0.100E-01 s, Total Time:  146.00000 s
       Pressure Iterations: 1
       Maximum Velocity Error:  0.61E-01 on Mesh 1 at (24,13,20)
       Maximum Pressure Error:  0.29E+02 on Mesh 1 at (20,13,12)
       ---------------------------------------------------------------
       Mesh    1
       Max CFL number:  0.47E+00 at (21,13,16)
       Max divergence:  0.32E+01 at (20,13,16)
       Min divergence: -0.12E+01 at (21,13,19)
       Max VN number :  0.21E+00 at (11,5,20)
       Mesh    2
       Max CFL number:  0.25E+00 at (1,13,20)
       Max divergence:  0.34E+00 at (1,11,19)
       Min divergence: -0.37E+00 at (1,15,20)
       Max VN number :  0.16E+00 at (1,21,20)
 
       Time Step    14700   June 15, 2026  18:59:32
       Step Size:  0.100E-01 s, Total Time:  147.00000 s
       Pressure Iterations: 1
       Maximum Velocity Error:  0.48E-01 on Mesh 2 at (0,11,20)
       Maximum Pressure Error:  0.30E+02 on Mesh 1 at (21,13,15)
       ---------------------------------------------------------------
       Mesh    1
       Max CFL number:  0.50E+00 at (20,13,20)
       Max divergence:  0.33E+01 at (23,13,16)
       Min divergence: -0.14E+01 at (22,12,20)
       Max VN number :  0.28E+00 at (22,12,20)
       Mesh    2
       Max CFL number:  0.27E+00 at (1,7,20)
       Max divergence:  0.23E+00 at (1,12,19)
       Min divergence: -0.32E+00 at (5,9,20)
       Max VN number :  0.13E+00 at (17,1,14)
 
       Time Step    14800   June 15, 2026  18:59:41
       Step Size:  0.100E-01 s, Total Time:  148.00000 s
       Pressure Iterations: 1
       Maximum Velocity Error:  0.45E-01 on Mesh 1 at (20,13,8)
       Maximum Pressure Error:  0.59E+02 on Mesh 1 at (20,13,8)
       ---------------------------------------------------------------
       Mesh    1
       Max CFL number:  0.50E+00 at (20,13,20)
       Max divergence:  0.42E+01 at (21,13,16)
       Min divergence: -0.10E+01 at (21,13,19)
       Max VN number :  0.22E+00 at (19,14,15)
       Mesh    2
       Max CFL number:  0.25E+00 at (1,6,20)
       Max divergence:  0.32E+00 at (1,10,19)
       Min divergence: -0.48E+00 at (1,11,20)
       Max VN number :  0.14E+00 at (11,2,20)
 
       Time Step    14900   June 15, 2026  18:59:51
       Step Size:  0.100E-01 s, Total Time:  149.00000 s
       Pressure Iterations: 1
       Maximum Velocity Error:  0.40E-01 on Mesh 1 at (24,13,18)
       Maximum Pressure Error:  0.58E+02 on Mesh 1 at (20,13,19)
       ---------------------------------------------------------------
       Mesh    1
       Max CFL number:  0.59E+00 at (20,13,18)
       Max divergence:  0.42E+01 at (20,13,16)
       Min divergence: -0.14E+01 at (21,13,19)
       Max VN number :  0.23E+00 at (19,14,20)
       Mesh    2
       Max CFL number:  0.23E+00 at (6,10,20)
       Max divergence:  0.19E+00 at (1,13,18)
       Min divergence: -0.22E+00 at (1,7,20)
       Max VN number :  0.14E+00 at (2,13,14)
 
       Time Step    15000   June 15, 2026  19:00:01
       Step Size:  0.100E-01 s, Total Time:  150.00000 s
       Pressure Iterations: 1
       Maximum Velocity Error:  0.43E-01 on Mesh 1 at (22,13,6)
       Maximum Pressure Error:  0.10E+03 on Mesh 1 at (22,13,6)
       ---------------------------------------------------------------
       Mesh    1
       Max CFL number:  0.50E+00 at (21,13,16)
       Max divergence:  0.41E+01 at (21,13,16)
       Min divergence: -0.15E+01 at (21,13,19)
       Max VN number :  0.16E+00 at (21,13,16)
       Mesh    2
       Max CFL number:  0.27E+00 at (1,12,20)
       Max divergence:  0.28E+00 at (1,10,19)
       Min divergence: -0.35E+00 at (2,9,20)
       Max VN number :  0.23E+00 at (3,2,20)
 
       Time Step    15100   June 15, 2026  19:00:16
       Step Size:  0.100E-01 s, Total Time:  151.00000 s
       Pressure Iterations: 2
       Maximum Velocity Error:  0.37E-01 on Mesh 2 at (0,13,17)
       Maximum Pressure Error:  0.42E+02 on Mesh 1 at (23,13,15)
       ---------------------------------------------------------------
       Mesh    1
       Max CFL number:  0.49E+00 at (20,13,16)
       Max divergence:  0.40E+01 at (20,13,16)
       Min divergence: -0.95E+00 at (22,13,19)
       Max VN number :  0.22E+00 at (21,3,20)
       Mesh    2
       Max CFL number:  0.19E+00 at (10,3,20)
       Max divergence:  0.48E+00 at (1,13,19)
       Min divergence: -0.26E+00 at (1,11,20)
       Max VN number :  0.19E+00 at (12,4,20)
 
       Time Step    15200   June 15, 2026  19:00:30
       Step Size:  0.100E-01 s, Total Time:  152.00000 s
       Pressure Iterations: 2
       Maximum Velocity Error:  0.17E-01 on Mesh 1 at (24,13,20)
       Maximum Pressure Error:  0.32E+02 on Mesh 1 at (22,13,12)
       ---------------------------------------------------------------
       Mesh    1
       Max CFL number:  0.44E+00 at (22,13,16)
       Max divergence:  0.33E+01 at (22,13,16)
       Min divergence: -0.12E+01 at (23,13,19)
       Max VN number :  0.25E+00 at (21,2,20)
       Mesh    2
       Max CFL number:  0.26E+00 at (1,12,20)
       Max divergence:  0.39E+00 at (1,14,19)
       Min divergence: -0.43E+00 at (1,14,20)
       Max VN number :  0.13E+00 at (1,25,20)
 
       Time Step    15300   June 15, 2026  19:00:43
       Step Size:  0.100E-01 s, Total Time:  153.00000 s
       Pressure Iterations: 1
       Maximum Velocity Error:  0.56E-01 on Mesh 1 at (20,13,14)
       Maximum Pressure Error:  0.17E+03 on Mesh 1 at (20,13,18)
       ---------------------------------------------------------------
       Mesh    1
       Max CFL number:  0.60E+00 at (20,13,18)
       Max divergence:  0.47E+01 at (20,13,15)
       Min divergence: -0.12E+01 at (22,15,16)
       Max VN number :  0.26E+00 at (21,6,20)
       Mesh    2
       Max CFL number:  0.22E+00 at (1,14,20)
       Max divergence:  0.47E+00 at (1,13,19)
       Min divergence: -0.38E+00 at (1,13,20)
       Max VN number :  0.22E+00 at (7,2,20)
 
       Time Step    15400   June 15, 2026  19:00:55
       Step Size:  0.100E-01 s, Total Time:  154.00000 s
       Pressure Iterations: 2
       Maximum Velocity Error:  0.39E-01 on Mesh 1 at (24,13,16)
       Maximum Pressure Error:  0.98E+02 on Mesh 1 at (23,13,15)
       ---------------------------------------------------------------
       Mesh    1
       Max CFL number:  0.45E+00 at (24,13,15)
       Max divergence:  0.30E+01 at (22,13,16)
       Min divergence: -0.87E+00 at (21,13,19)
       Max VN number :  0.21E+00 at (18,2,20)
       Mesh    2
       Max CFL number:  0.22E+00 at (1,11,20)
       Max divergence:  0.45E+00 at (1,13,15)
       Min divergence: -0.23E+00 at (1,16,20)
       Max VN number :  0.11E+00 at (19,12,20)
 
       Time Step    15500   June 15, 2026  19:01:06
       Step Size:  0.100E-01 s, Total Time:  155.00000 s
       Pressure Iterations: 1
       Maximum Velocity Error:  0.36E-01 on Mesh 1 at (21,13,15)
       Maximum Pressure Error:  0.53E+02 on Mesh 1 at (21,13,15)
       ---------------------------------------------------------------
       Mesh    1
       Max CFL number:  0.47E+00 at (21,13,16)
       Max divergence:  0.41E+01 at (20,13,16)
       Min divergence: -0.11E+01 at (21,13,19)
       Max VN number :  0.16E+00 at (8,24,20)
       Mesh    2
       Max CFL number:  0.19E+00 at (1,4,20)
       Max divergence:  0.18E+00 at (1,12,19)
       Min divergence: -0.26E+00 at (1,17,20)
       Max VN number :  0.16E+00 at (11,4,20)
 
       Time Step    15600   June 15, 2026  19:01:17
       Step Size:  0.100E-01 s, Total Time:  156.00000 s
       Pressure Iterations: 2
       Maximum Velocity Error:  0.30E-01 on Mesh 1 at (24,13,19)
       Maximum Pressure Error:  0.58E+02 on Mesh 1 at (23,13,6)
       ---------------------------------------------------------------
       Mesh    1
       Max CFL number:  0.50E+00 at (24,13,18)
       Max divergence:  0.28E+01 at (23,13,16)
       Min divergence: -0.12E+01 at (24,13,18)
       Max VN number :  0.19E+00 at (24,13,17)
       Mesh    2
       Max CFL number:  0.28E+00 at (1,13,14)
       Max divergence:  0.62E+00 at (1,13,17)
       Min divergence: -0.33E+00 at (1,14,20)
       Max VN number :  0.12E+00 at (1,1,19)
 
       Time Step    15700   June 15, 2026  19:01:28
       Step Size:  0.100E-01 s, Total Time:  157.00000 s
       Pressure Iterations: 1
       Maximum Velocity Error:  0.53E-01 on Mesh 1 at (24,2,20)
       Maximum Pressure Error:  0.86E+02 on Mesh 1 at (20,14,15)
       ---------------------------------------------------------------
       Mesh    1
       Max CFL number:  0.50E+00 at (20,13,16)
       Max divergence:  0.47E+01 at (23,13,16)
       Min divergence: -0.82E+00 at (20,13,19)
       Max VN number :  0.29E+00 at (19,14,15)
       Mesh    2
       Max CFL number:  0.24E+00 at (1,22,20)
       Max divergence:  0.13E+00 at (1,8,19)
       Min divergence: -0.18E+00 at (1,9,20)
       Max VN number :  0.13E+00 at (24,31,20)
 
       Time Step    15800   June 15, 2026  19:01:38
       Step Size:  0.100E-01 s, Total Time:  158.00000 s
       Pressure Iterations: 1
       Maximum Velocity Error:  0.68E-01 on Mesh 1 at (24,12,18)
       Maximum Pressure Error:  0.26E+02 on Mesh 1 at (23,13,15)
       ---------------------------------------------------------------
       Mesh    1
       Max CFL number:  0.43E+00 at (22,13,16)
       Max divergence:  0.34E+01 at (22,13,16)
       Min divergence: -0.12E+01 at (22,13,19)
       Max VN number :  0.18E+00 at (22,4,20)
       Mesh    2
       Max CFL number:  0.22E+00 at (1,12,16)
       Max divergence:  0.33E+00 at (1,14,19)
       Min divergence: -0.24E+00 at (1,11,16)
       Max VN number :  0.13E+00 at (5,31,20)
 
       Time Step    15900   June 15, 2026  19:01:50
       Step Size:  0.100E-01 s, Total Time:  159.00000 s
       Pressure Iterations: 1
       Maximum Velocity Error:  0.29E-01 on Mesh 1 at (24,6,20)
       Maximum Pressure Error:  0.50E+02 on Mesh 1 at (21,13,2)
       ---------------------------------------------------------------
       Mesh    1
       Max CFL number:  0.51E+00 at (20,13,16)
       Max divergence:  0.41E+01 at (20,13,16)
       Min divergence: -0.15E+01 at (20,13,18)
       Max VN number :  0.27E+00 at (19,14,9)
       Mesh    2
       Max CFL number:  0.22E+00 at (1,17,20)
       Max divergence:  0.14E+00 at (1,12,10)
       Min divergence: -0.30E+00 at (1,19,20)
       Max VN number :  0.14E+00 at (2,2,20)
 
       Time Step    16000   June 15, 2026  19:02:01
       Step Size:  0.100E-01 s, Total Time:  160.00000 s
       Pressure Iterations: 1
       Maximum Velocity Error:  0.62E-01 on Mesh 1 at (24,13,12)
       Maximum Pressure Error:  0.70E+02 on Mesh 1 at (23,13,10)
       ---------------------------------------------------------------
       Mesh    1
       Max CFL number:  0.42E+00 at (23,13,20)
       Max divergence:  0.35E+01 at (22,13,15)
       Min divergence: -0.12E+01 at (22,13,19)
       Max VN number :  0.21E+00 at (22,2,20)
       Mesh    2
       Max CFL number:  0.21E+00 at (1,21,20)
       Max divergence:  0.22E+00 at (1,13,20)
       Min divergence: -0.24E+00 at (1,11,20)
       Max VN number :  0.20E+00 at (1,3,20)
 
       Time Step    16100   June 15, 2026  19:02:11
       Step Size:  0.100E-01 s, Total Time:  161.00000 s
       Pressure Iterations: 1
       Maximum Velocity Error:  0.44E-01 on Mesh 2 at (0,22,20)
       Maximum Pressure Error:  0.29E+02 on Mesh 1 at (21,13,14)
       ---------------------------------------------------------------
       Mesh    1
       Max CFL number:  0.44E+00 at (20,13,16)
       Max divergence:  0.19E+01 at (21,13,15)
       Min divergence: -0.82E+00 at (20,13,19)
       Max VN number :  0.23E+00 at (24,6,20)
       Mesh    2
       Max CFL number:  0.22E+00 at (1,17,20)
       Max divergence:  0.13E+00 at (1,13,18)
       Min divergence: -0.37E+00 at (1,20,20)
       Max VN number :  0.18E+00 at (1,4,20)
 
       Time Step    16200   June 15, 2026  19:02:23
       Step Size:  0.100E-01 s, Total Time:  162.00000 s
       Pressure Iterations: 1
       Maximum Velocity Error:  0.51E-01 on Mesh 1 at (24,13,16)
       Maximum Pressure Error:  0.45E+02 on Mesh 1 at (22,14,15)
       ---------------------------------------------------------------
       Mesh    1
       Max CFL number:  0.42E+00 at (23,13,14)
       Max divergence:  0.24E+01 at (21,13,16)
       Min divergence: -0.10E+01 at (22,13,19)
       Max VN number :  0.19E+00 at (9,19,20)
       Mesh    2
       Max CFL number:  0.31E+00 at (1,13,15)
       Max divergence:  0.56E+00 at (1,13,13)
       Min divergence: -0.62E+00 at (1,13,15)
       Max VN number :  0.31E+00 at (1,2,20)
 
       Time Step    16300   June 15, 2026  19:02:35
       Step Size:  0.100E-01 s, Total Time:  163.00000 s
       Pressure Iterations: 1
       Maximum Velocity Error:  0.26E-01 on Mesh 1 at (24,13,20)
       Maximum Pressure Error:  0.17E+02 on Mesh 1 at (20,14,15)
       ---------------------------------------------------------------
       Mesh    1
       Max CFL number:  0.43E+00 at (20,13,18)
       Max divergence:  0.21E+01 at (20,13,16)
       Min divergence: -0.74E+00 at (20,13,19)
       Max VN number :  0.19E+00 at (20,13,1)
       Mesh    2
       Max CFL number:  0.21E+00 at (4,4,20)
       Max divergence:  0.30E+00 at (1,13,19)
       Min divergence: -0.27E+00 at (1,10,20)
       Max VN number :  0.18E+00 at (2,2,20)
 
       Time Step    16400   June 15, 2026  19:02:48
       Step Size:  0.100E-01 s, Total Time:  164.00000 s
       Pressure Iterations: 1
       Maximum Velocity Error:  0.75E-01 on Mesh 2 at (0,13,18)
       Maximum Pressure Error:  0.40E+02 on Mesh 1 at (23,13,14)
       ---------------------------------------------------------------
       Mesh    1
       Max CFL number:  0.47E+00 at (23,13,16)
       Max divergence:  0.31E+01 at (23,13,16)
       Min divergence: -0.10E+01 at (23,13,19)
       Max VN number :  0.21E+00 at (22,2,20)
       Mesh    2
       Max CFL number:  0.19E+00 at (3,29,20)
       Max divergence:  0.34E+00 at (1,13,17)
       Min divergence: -0.24E+00 at (1,15,20)
       Max VN number :  0.15E+00 at (3,2,20)
 
       Time Step    16500   June 15, 2026  19:03:00
       Step Size:  0.100E-01 s, Total Time:  165.00000 s
       Pressure Iterations: 1
       Maximum Velocity Error:  0.24E-01 on Mesh 2 at (0,13,19)
       Maximum Pressure Error:  0.34E+02 on Mesh 1 at (20,13,16)
       ---------------------------------------------------------------
       Mesh    1
       Max CFL number:  0.46E+00 at (20,13,16)
       Max divergence:  0.29E+01 at (20,13,14)
       Min divergence: -0.71E+00 at (22,13,19)
       Max VN number :  0.16E+00 at (20,13,16)
       Mesh    2
       Max CFL number:  0.23E+00 at (1,9,20)
       Max divergence:  0.22E+00 at (1,13,17)
       Min divergence: -0.32E+00 at (1,14,20)
       Max VN number :  0.12E+00 at (8,2,20)
 
       Time Step    16600   June 15, 2026  19:03:12
       Step Size:  0.100E-01 s, Total Time:  166.00000 s
       Pressure Iterations: 1
       Maximum Velocity Error:  0.40E-01 on Mesh 1 at (24,13,20)
       Maximum Pressure Error:  0.45E+02 on Mesh 1 at (22,13,12)
       ---------------------------------------------------------------
       Mesh    1
       Max CFL number:  0.46E+00 at (24,13,20)
       Max divergence:  0.42E+01 at (22,13,15)
       Min divergence: -0.11E+01 at (23,13,19)
       Max VN number :  0.17E+00 at (22,13,15)
       Mesh    2
       Max CFL number:  0.29E+00 at (1,13,20)
       Max divergence:  0.53E+00 at (1,12,19)
       Min divergence: -0.58E+00 at (1,12,20)
       Max VN number :  0.17E+00 at (1,12,20)
 
       Time Step    16700   June 15, 2026  19:03:23
       Step Size:  0.100E-01 s, Total Time:  167.00000 s
       Pressure Iterations: 1
       Maximum Velocity Error:  0.29E-01 on Mesh 1 at (23,13,14)
       Maximum Pressure Error:  0.58E+02 on Mesh 1 at (23,13,14)
       ---------------------------------------------------------------
       Mesh    1
       Max CFL number:  0.43E+00 at (20,13,18)
       Max divergence:  0.25E+01 at (20,13,16)
       Min divergence: -0.93E+00 at (21,13,19)
       Max VN number :  0.16E+00 at (20,13,17)
       Mesh    2
       Max CFL number:  0.15E+00 at (1,8,20)
       Max divergence:  0.89E-01 at (1,13,9)
       Min divergence: -0.11E+00 at (5,1,13)
       Max VN number :  0.16E+00 at (6,2,20)
 
       Time Step    16800   June 15, 2026  19:03:33
       Step Size:  0.100E-01 s, Total Time:  168.00000 s
       Pressure Iterations: 1
       Maximum Velocity Error:  0.38E-01 on Mesh 1 at (24,13,20)
       Maximum Pressure Error:  0.70E+02 on Mesh 1 at (22,13,12)
       ---------------------------------------------------------------
       Mesh    1
       Max CFL number:  0.37E+00 at (22,13,18)
       Max divergence:  0.25E+01 at (23,13,2)
       Min divergence: -0.67E+00 at (20,13,19)
       Max VN number :  0.13E+00 at (21,13,16)
       Mesh    2
       Max CFL number:  0.19E+00 at (4,1,20)
       Max divergence:  0.21E+00 at (1,13,19)
       Min divergence: -0.13E+00 at (1,10,20)
       Max VN number :  0.11E+00 at (13,1,14)
 
       Time Step    16900   June 15, 2026  19:03:43
       Step Size:  0.100E-01 s, Total Time:  169.00000 s
       Pressure Iterations: 1
       Maximum Velocity Error:  0.65E-01 on Mesh 1 at (22,13,6)
       Maximum Pressure Error:  0.10E+03 on Mesh 1 at (22,13,6)
       ---------------------------------------------------------------
       Mesh    1
       Max CFL number:  0.38E+00 at (20,13,16)
       Max divergence:  0.24E+01 at (20,13,16)
       Min divergence: -0.83E+00 at (21,13,19)
       Max VN number :  0.18E+00 at (19,2,20)
       Mesh    2
       Max CFL number:  0.17E+00 at (1,13,15)
       Max divergence:  0.33E+00 at (1,13,19)
       Min divergence: -0.28E+00 at (1,13,16)
       Max VN number :  0.12E+00 at (24,8,20)
 
       Time Step    17000   June 15, 2026  19:03:53
       Step Size:  0.100E-01 s, Total Time:  170.00000 s
       Pressure Iterations: 1
       Maximum Velocity Error:  0.41E-01 on Mesh 1 at (24,13,19)
       Maximum Pressure Error:  0.76E+02 on Mesh 1 at (22,13,15)
       ---------------------------------------------------------------
       Mesh    1
       Max CFL number:  0.39E+00 at (23,13,18)
       Max divergence:  0.23E+01 at (23,13,16)
       Min divergence: -0.85E+00 at (22,13,19)
       Max VN number :  0.21E+00 at (19,15,13)
       Mesh    2
       Max CFL number:  0.19E+00 at (1,3,20)
       Max divergence:  0.17E+00 at (1,13,15)
       Min divergence: -0.14E+00 at (1,10,20)
       Max VN number :  0.80E-01 at (3,25,20)
 
       Time Step    17100   June 15, 2026  19:04:03
       Step Size:  0.100E-01 s, Total Time:  171.00000 s
       Pressure Iterations: 1
       Maximum Velocity Error:  0.36E-01 on Mesh 1 at (23,13,15)
       Maximum Pressure Error:  0.65E+02 on Mesh 1 at (23,13,18)
       ---------------------------------------------------------------
       Mesh    1
       Max CFL number:  0.49E+00 at (23,13,18)
       Max divergence:  0.33E+01 at (23,13,16)
       Min divergence: -0.11E+01 at (22,13,19)
       Max VN number :  0.19E+00 at (23,13,17)
       Mesh    2
       Max CFL number:  0.20E+00 at (1,10,20)
       Max divergence:  0.14E+00 at (1,14,18)
       Min divergence: -0.27E+00 at (1,8,20)
       Max VN number :  0.91E-01 at (3,32,20)
 
       Time Step    17200   June 15, 2026  19:04:13
       Step Size:  0.100E-01 s, Total Time:  172.00000 s
       Pressure Iterations: 1
       Maximum Velocity Error:  0.89E-02 on Mesh 1 at (24,13,10)
       Maximum Pressure Error:  0.24E+02 on Mesh 1 at (21,13,19)
       ---------------------------------------------------------------
       Mesh    1
       Max CFL number:  0.41E+00 at (21,13,18)
       Max divergence:  0.26E+01 at (21,13,16)
       Min divergence: -0.97E+00 at (21,13,19)
       Max VN number :  0.23E+00 at (20,15,16)
       Mesh    2
       Max CFL number:  0.15E+00 at (11,4,20)
       Max divergence:  0.13E+00 at (1,13,19)
       Min divergence: -0.13E+00 at (1,12,20)
       Max VN number :  0.13E+00 at (1,32,20)
 
       Time Step    17300   June 15, 2026  19:04:23
       Step Size:  0.100E-01 s, Total Time:  173.00000 s
       Pressure Iterations: 1
       Maximum Velocity Error:  0.53E-01 on Mesh 1 at (24,13,17)
       Maximum Pressure Error:  0.54E+02 on Mesh 1 at (22,13,8)
       ---------------------------------------------------------------
       Mesh    1
       Max CFL number:  0.37E+00 at (22,13,16)
       Max divergence:  0.22E+01 at (22,13,16)
       Min divergence: -0.87E+00 at (22,13,19)
       Max VN number :  0.20E+00 at (18,2,20)
       Mesh    2
       Max CFL number:  0.18E+00 at (1,13,16)
       Max divergence:  0.17E+00 at (1,13,12)
       Min divergence: -0.21E+00 at (1,15,20)
       Max VN number :  0.13E+00 at (1,14,15)
 
       Time Step    17400   June 15, 2026  19:04:33
       Step Size:  0.100E-01 s, Total Time:  174.00000 s
       Pressure Iterations: 1
       Maximum Velocity Error:  0.18E-01 on Mesh 1 at (24,6,20)
       Maximum Pressure Error:  0.22E+02 on Mesh 1 at (22,13,6)
       ---------------------------------------------------------------
       Mesh    1
       Max CFL number:  0.40E+00 at (20,13,18)
       Max divergence:  0.26E+01 at (22,13,6)
       Min divergence: -0.75E+00 at (21,13,19)
       Max VN number :  0.15E+00 at (19,14,13)
       Mesh    2
       Max CFL number:  0.19E+00 at (1,20,20)
       Max divergence:  0.85E-01 at (1,13,3)
       Min divergence: -0.12E+00 at (12,1,13)
       Max VN number :  0.96E-01 at (11,1,13)
 
       Time Step    17500   June 15, 2026  19:04:42
       Step Size:  0.100E-01 s, Total Time:  175.00000 s
       Pressure Iterations: 1
       Maximum Velocity Error:  0.40E-01 on Mesh 1 at (24,13,13)
       Maximum Pressure Error:  0.22E+02 on Mesh 1 at (23,13,11)
       ---------------------------------------------------------------
       Mesh    1
       Max CFL number:  0.37E+00 at (22,13,16)
       Max divergence:  0.24E+01 at (23,13,10)
       Min divergence: -0.69E+00 at (21,13,19)
       Max VN number :  0.13E+00 at (2,1,15)
       Mesh    2
       Max CFL number:  0.19E+00 at (1,23,20)
       Max divergence:  0.30E+00 at (1,13,10)
       Min divergence: -0.25E+00 at (1,12,20)
       Max VN number :  0.98E-01 at (18,18,20)
 
       Time Step    17600   June 15, 2026  19:04:52
       Step Size:  0.100E-01 s, Total Time:  176.00000 s
       Pressure Iterations: 1
       Maximum Velocity Error:  0.25E-01 on Mesh 1 at (24,13,18)
       Maximum Pressure Error:  0.24E+02 on Mesh 1 at (22,13,15)
       ---------------------------------------------------------------
       Mesh    1
       Max CFL number:  0.39E+00 at (21,13,17)
       Max divergence:  0.24E+01 at (23,13,16)
       Min divergence: -0.10E+01 at (20,13,19)
       Max VN number :  0.14E+00 at (20,13,18)
       Mesh    2
       Max CFL number:  0.17E+00 at (1,12,20)
       Max divergence:  0.14E+00 at (1,15,19)
       Min divergence: -0.20E+00 at (1,15,20)
       Max VN number :  0.13E+00 at (5,32,20)
 
       Time Step    17700   June 15, 2026  19:05:02
       Step Size:  0.100E-01 s, Total Time:  177.00000 s
       Pressure Iterations: 1
       Maximum Velocity Error:  0.49E-01 on Mesh 1 at (24,13,13)
       Maximum Pressure Error:  0.19E+02 on Mesh 1 at (24,13,12)
       ---------------------------------------------------------------
       Mesh    1
       Max CFL number:  0.37E+00 at (22,13,20)
       Max divergence:  0.33E+01 at (23,13,10)
       Min divergence: -0.10E+01 at (22,13,19)
       Max VN number :  0.12E+00 at (23,13,17)
       Mesh    2
       Max CFL number:  0.15E+00 at (1,14,20)
       Max divergence:  0.18E+00 at (1,13,9)
       Min divergence: -0.17E+00 at (1,13,11)
       Max VN number :  0.11E+00 at (9,2,20)
 
       Time Step    17800   June 15, 2026  19:05:12
       Step Size:  0.100E-01 s, Total Time:  178.00000 s
       Pressure Iterations: 1
       Maximum Velocity Error:  0.74E-01 on Mesh 1 at (24,13,18)
       Maximum Pressure Error:  0.29E+02 on Mesh 1 at (21,13,15)
       ---------------------------------------------------------------
       Mesh    1
       Max CFL number:  0.38E+00 at (21,13,16)
       Max divergence:  0.27E+01 at (21,13,16)
       Min divergence: -0.10E+01 at (20,13,19)
       Max VN number :  0.14E+00 at (20,13,17)
       Mesh    2
       Max CFL number:  0.20E+00 at (1,13,20)
       Max divergence:  0.13E+00 at (1,14,17)
       Min divergence: -0.29E+00 at (1,13,20)
       Max VN number :  0.72E-01 at (20,10,20)
 
       Time Step    17900   June 15, 2026  19:05:22
       Step Size:  0.100E-01 s, Total Time:  179.00000 s
       Pressure Iterations: 1
       Maximum Velocity Error:  0.18E-01 on Mesh 1 at (24,5,20)
       Maximum Pressure Error:  0.12E+02 on Mesh 1 at (21,13,17)
       ---------------------------------------------------------------
       Mesh    1
       Max CFL number:  0.35E+00 at (23,13,16)
       Max divergence:  0.21E+01 at (20,13,16)
       Min divergence: -0.77E+00 at (22,13,19)
       Max VN number :  0.26E+00 at (22,5,20)
       Mesh    2
       Max CFL number:  0.16E+00 at (1,12,20)
       Max divergence:  0.14E+00 at (1,13,19)
       Min divergence: -0.15E+00 at (1,12,20)
       Max VN number :  0.96E-01 at (1,12,20)
 
       Time Step    18000   June 15, 2026  19:05:32
       Step Size:  0.100E-01 s, Total Time:  180.00000 s
       Pressure Iterations: 1
       Maximum Velocity Error:  0.32E-01 on Mesh 1 at (24,13,12)
       Maximum Pressure Error:  0.19E+02 on Mesh 1 at (24,13,12)
       ---------------------------------------------------------------
       Mesh    1
       Max CFL number:  0.31E+00 at (22,13,18)
       Max divergence:  0.30E+01 at (23,13,12)
       Min divergence: -0.46E+00 at (22,13,19)
       Max VN number :  0.18E+00 at (19,2,20)
       Mesh    2
       Max CFL number:  0.20E+00 at (1,13,15)
       Max divergence:  0.27E+00 at (1,13,10)
       Min divergence: -0.18E+00 at (1,14,14)
       Max VN number :  0.16E+00 at (2,13,14)
 
       Time Step    18100   June 15, 2026  19:05:42
       Step Size:  0.100E-01 s, Total Time:  181.00000 s
       Pressure Iterations: 1
       Maximum Velocity Error:  0.12E-01 on Mesh 1 at (24,8,20)
       Maximum Pressure Error:  0.17E+02 on Mesh 1 at (22,13,13)
       ---------------------------------------------------------------
       Mesh    1
       Max CFL number:  0.40E+00 at (20,13,14)
       Max divergence:  0.26E+01 at (20,13,14)
       Min divergence: -0.61E+00 at (21,13,19)
       Max VN number :  0.19E+00 at (18,13,14)
       Mesh    2
       Max CFL number:  0.16E+00 at (1,17,20)
       Max divergence:  0.78E-01 at (1,13,10)
       Min divergence: -0.86E-01 at (1,13,6)
       Max VN number :  0.12E+00 at (2,32,20)
 
       Time Step    18200   June 15, 2026  19:05:52
       Step Size:  0.100E-01 s, Total Time:  182.00000 s
       Pressure Iterations: 1
       Maximum Velocity Error:  0.56E-01 on Mesh 1 at (24,13,15)
       Maximum Pressure Error:  0.24E+02 on Mesh 1 at (24,13,14)
       ---------------------------------------------------------------
       Mesh    1
       Max CFL number:  0.34E+00 at (24,13,14)
       Max divergence:  0.16E+01 at (23,13,15)
       Min divergence: -0.57E+00 at (22,13,19)
       Max VN number :  0.11E+00 at (19,15,3)
       Mesh    2
       Max CFL number:  0.19E+00 at (2,9,20)
       Max divergence:  0.26E+00 at (1,13,11)
       Min divergence: -0.23E+00 at (1,15,20)
       Max VN number :  0.14E+00 at (4,10,20)
 
       Time Step    18300   June 15, 2026  19:06:02
       Step Size:  0.100E-01 s, Total Time:  183.00000 s
       Pressure Iterations: 1
       Maximum Velocity Error:  0.14E-01 on Mesh 1 at (24,21,20)
       Maximum Pressure Error:  0.23E+02 on Mesh 1 at (21,13,14)
       ---------------------------------------------------------------
       Mesh    1
       Max CFL number:  0.33E+00 at (21,13,18)
       Max divergence:  0.19E+01 at (22,13,16)
       Min divergence: -0.59E+00 at (22,13,19)
       Max VN number :  0.17E+00 at (18,13,7)
       Mesh    2
       Max CFL number:  0.16E+00 at (1,16,20)
       Max divergence:  0.90E-01 at (2,13,16)
       Min divergence: -0.18E+00 at (1,16,20)
       Max VN number :  0.13E+00 at (9,10,20)
 
       Time Step    18400   June 15, 2026  19:06:12
       Step Size:  0.100E-01 s, Total Time:  184.00000 s
       Pressure Iterations: 1
       Maximum Velocity Error:  0.49E-01 on Mesh 2 at (0,13,20)
       Maximum Pressure Error:  0.25E+02 on Mesh 1 at (23,13,15)
       ---------------------------------------------------------------
       Mesh    1
       Max CFL number:  0.37E+00 at (20,13,20)
       Max divergence:  0.20E+01 at (20,13,16)
       Min divergence: -0.81E+00 at (20,13,19)
       Max VN number :  0.16E+00 at (21,13,14)
       Mesh    2
       Max CFL number:  0.22E+00 at (1,5,20)
       Max divergence:  0.17E+00 at (1,13,19)
       Min divergence: -0.16E+00 at (1,11,20)
       Max VN number :  0.87E-01 at (13,6,20)
 
       Time Step    18500   June 15, 2026  19:06:22
       Step Size:  0.100E-01 s, Total Time:  185.00000 s
       Pressure Iterations: 1
       Maximum Velocity Error:  0.37E-01 on Mesh 2 at (0,13,18)
       Maximum Pressure Error:  0.44E+02 on Mesh 1 at (22,13,14)
       ---------------------------------------------------------------
       Mesh    1
       Max CFL number:  0.36E+00 at (21,13,17)
       Max divergence:  0.21E+01 at (21,13,16)
       Min divergence: -0.66E+00 at (22,13,19)
       Max VN number :  0.18E+00 at (22,2,20)
       Mesh    2
       Max CFL number:  0.18E+00 at (1,13,15)
       Max divergence:  0.29E+00 at (1,13,15)
       Min divergence: -0.14E+00 at (1,15,20)
       Max VN number :  0.10E+00 at (8,4,20)
 
       Time Step    18600   June 15, 2026  19:06:32
       Step Size:  0.100E-01 s, Total Time:  186.00000 s
       Pressure Iterations: 1
       Maximum Velocity Error:  0.13E-01 on Mesh 1 at (22,13,12)
       Maximum Pressure Error:  0.24E+02 on Mesh 1 at (22,13,12)
       ---------------------------------------------------------------
       Mesh    1
       Max CFL number:  0.35E+00 at (21,13,16)
       Max divergence:  0.18E+01 at (21,13,16)
       Min divergence: -0.52E+00 at (22,13,19)
       Max VN number :  0.11E+00 at (23,13,17)
       Mesh    2
       Max CFL number:  0.19E+00 at (1,15,20)
       Max divergence:  0.17E+00 at (1,12,19)
       Min divergence: -0.28E+00 at (1,16,20)
       Max VN number :  0.11E+00 at (2,2,20)
 
       Time Step    18700   June 15, 2026  19:06:41
       Step Size:  0.100E-01 s, Total Time:  187.00000 s
       Pressure Iterations: 1
       Maximum Velocity Error:  0.19E-01 on Mesh 1 at (24,13,13)
       Maximum Pressure Error:  0.93E+01 on Mesh 1 at (23,13,10)
       ---------------------------------------------------------------
       Mesh    1
       Max CFL number:  0.34E+00 at (22,13,18)
       Max divergence:  0.22E+01 at (23,13,10)
       Min divergence: -0.75E+00 at (22,13,19)
       Max VN number :  0.15E+00 at (23,16,16)
       Mesh    2
       Max CFL number:  0.17E+00 at (1,12,20)
       Max divergence:  0.18E+00 at (1,13,19)
       Min divergence: -0.10E+00 at (1,13,6)
       Max VN number :  0.11E+00 at (21,14,20)
 
       Time Step    18800   June 15, 2026  19:06:51
       Step Size:  0.100E-01 s, Total Time:  188.00000 s
       Pressure Iterations: 1
       Maximum Velocity Error:  0.39E-01 on Mesh 1 at (24,13,20)
       Maximum Pressure Error:  0.11E+02 on Mesh 1 at (21,13,9)
       ---------------------------------------------------------------
       Mesh    1
       Max CFL number:  0.34E+00 at (21,13,16)
       Max divergence:  0.17E+01 at (21,13,9)
       Min divergence: -0.67E+00 at (21,13,19)
       Max VN number :  0.13E+00 at (20,15,16)
       Mesh    2
       Max CFL number:  0.19E+00 at (1,13,20)
       Max divergence:  0.17E+00 at (1,13,19)
       Min divergence: -0.19E+00 at (1,15,20)
       Max VN number :  0.10E+00 at (11,9,20)
 
       Time Step    18900   June 15, 2026  19:07:01
       Step Size:  0.100E-01 s, Total Time:  189.00000 s
       Pressure Iterations: 1
       Maximum Velocity Error:  0.49E-01 on Mesh 1 at (24,13,14)
       Maximum Pressure Error:  0.36E+02 on Mesh 1 at (23,13,13)
       ---------------------------------------------------------------
       Mesh    1
       Max CFL number:  0.36E+00 at (23,13,20)
       Max divergence:  0.16E+01 at (23,13,13)
       Min divergence: -0.64E+00 at (23,13,19)
       Max VN number :  0.17E+00 at (24,2,20)
       Mesh    2
       Max CFL number:  0.15E+00 at (1,13,20)
       Max divergence:  0.19E+00 at (1,13,19)
       Min divergence: -0.66E-01 at (2,13,20)
       Max VN number :  0.10E+00 at (16,7,20)
 
       Time Step    19000   June 15, 2026  19:07:11
       Step Size:  0.100E-01 s, Total Time:  190.00000 s
       Pressure Iterations: 1
       Maximum Velocity Error:  0.38E-01 on Mesh 1 at (24,13,20)
       Maximum Pressure Error:  0.10E+02 on Mesh 1 at (23,13,15)
       ---------------------------------------------------------------
       Mesh    1
       Max CFL number:  0.35E+00 at (21,13,20)
       Max divergence:  0.17E+01 at (22,13,16)
       Min divergence: -0.85E+00 at (21,13,19)
       Max VN number :  0.18E+00 at (22,2,20)
       Mesh    2
       Max CFL number:  0.19E+00 at (1,14,20)
       Max divergence:  0.13E+00 at (1,15,19)
       Min divergence: -0.22E+00 at (1,15,20)
       Max VN number :  0.84E-01 at (4,30,20)
 
       Time Step    19100   June 15, 2026  19:07:21
       Step Size:  0.100E-01 s, Total Time:  191.00000 s
       Pressure Iterations: 1
       Maximum Velocity Error:  0.15E-01 on Mesh 1 at (24,3,20)
       Maximum Pressure Error:  0.58E+01 on Mesh 1 at (23,13,10)
       ---------------------------------------------------------------
       Mesh    1
       Max CFL number:  0.31E+00 at (23,13,20)
       Max divergence:  0.17E+01 at (21,13,16)
       Min divergence: -0.49E+00 at (22,13,19)
       Max VN number :  0.10E+00 at (23,13,16)
       Mesh    2
       Max CFL number:  0.15E+00 at (1,15,20)
       Max divergence:  0.11E+00 at (1,13,19)
       Min divergence: -0.75E-01 at (1,18,20)
       Max VN number :  0.93E-01 at (4,1,12)
 
       Time Step    19200   June 15, 2026  19:07:30
       Step Size:  0.100E-01 s, Total Time:  192.00000 s
       Pressure Iterations: 1
       Maximum Velocity Error:  0.55E-01 on Mesh 1 at (24,13,19)
       Maximum Pressure Error:  0.66E+01 on Mesh 1 at (21,13,17)
       ---------------------------------------------------------------
       Mesh    1
       Max CFL number:  0.34E+00 at (24,13,18)
       Max divergence:  0.16E+01 at (22,13,16)
       Min divergence: -0.48E+00 at (24,13,18)
       Max VN number :  0.14E+00 at (24,13,18)
       Mesh    2
       Max CFL number:  0.14E+00 at (1,11,20)
       Max divergence:  0.22E+00 at (1,13,19)
       Min divergence: -0.11E+00 at (1,13,2)
       Max VN number :  0.10E+00 at (19,18,20)
 
       Time Step    19300   June 15, 2026  19:07:41
       Step Size:  0.100E-01 s, Total Time:  193.00000 s
       Pressure Iterations: 1
       Maximum Velocity Error:  0.87E-02 on Mesh 1 at (24,7,20)
       Maximum Pressure Error:  0.11E+02 on Mesh 1 at (23,13,18)
       ---------------------------------------------------------------
       Mesh    1
       Max CFL number:  0.34E+00 at (21,13,18)
       Max divergence:  0.14E+01 at (21,13,16)
       Min divergence: -0.66E+00 at (21,13,19)
       Max VN number :  0.14E+00 at (21,16,16)
       Mesh    2
       Max CFL number:  0.13E+00 at (1,10,20)
       Max divergence:  0.12E+00 at (1,13,16)
       Min divergence: -0.61E-01 at (14,1,13)
       Max VN number :  0.97E-01 at (1,14,15)
 
       Time Step    19400   June 15, 2026  19:07:52
       Step Size:  0.100E-01 s, Total Time:  194.00000 s
       Pressure Iterations: 1
       Maximum Velocity Error:  0.16E-01 on Mesh 1 at (24,13,18)
       Maximum Pressure Error:  0.81E+01 on Mesh 1 at (23,13,19)
       ---------------------------------------------------------------
       Mesh    1
       Max CFL number:  0.36E+00 at (23,13,20)
       Max divergence:  0.15E+01 at (22,13,16)
       Min divergence: -0.71E+00 at (23,13,19)
       Max VN number :  0.14E+00 at (23,13,19)
       Mesh    2
       Max CFL number:  0.17E+00 at (2,1,20)
       Max divergence:  0.89E-01 at (1,13,16)
       Min divergence: -0.59E-01 at (2,2,20)
       Max VN number :  0.14E+00 at (3,2,20)
 
       Time Step    19500   June 15, 2026  19:08:03
       Step Size:  0.100E-01 s, Total Time:  195.00000 s
       Pressure Iterations: 1
       Maximum Velocity Error:  0.41E-02 on Mesh 1 at (24,11,15)
       Maximum Pressure Error:  0.43E+01 on Mesh 1 at (21,13,17)
       ---------------------------------------------------------------
       Mesh    1
       Max CFL number:  0.31E+00 at (21,13,16)
       Max divergence:  0.14E+01 at (22,13,16)
       Min divergence: -0.60E+00 at (22,13,19)
       Max VN number :  0.13E+00 at (21,5,20)
       Mesh    2
       Max CFL number:  0.13E+00 at (1,1,20)
       Max divergence:  0.12E+00 at (1,13,19)
       Min divergence: -0.15E+00 at (1,14,16)
       Max VN number :  0.11E+00 at (5,2,20)
 
       Time Step    19600   June 15, 2026  19:08:12
       Step Size:  0.100E-01 s, Total Time:  196.00000 s
       Pressure Iterations: 1
       Maximum Velocity Error:  0.14E-01 on Mesh 1 at (24,13,16)
       Maximum Pressure Error:  0.11E+02 on Mesh 1 at (22,13,15)
       ---------------------------------------------------------------
       Mesh    1
       Max CFL number:  0.33E+00 at (21,13,16)
       Max divergence:  0.19E+01 at (23,13,15)
       Min divergence: -0.67E+00 at (21,13,19)
       Max VN number :  0.12E+00 at (23,13,15)
       Mesh    2
       Max CFL number:  0.11E+00 at (1,18,20)
       Max divergence:  0.12E+00 at (1,13,14)
       Min divergence: -0.69E-01 at (1,14,15)
       Max VN number :  0.88E-01 at (14,10,20)
 
       Time Step    19700   June 15, 2026  19:08:22
       Step Size:  0.100E-01 s, Total Time:  197.00000 s
       Pressure Iterations: 1
       Maximum Velocity Error:  0.19E-01 on Mesh 1 at (24,13,20)
       Maximum Pressure Error:  0.10E+02 on Mesh 1 at (23,13,14)
       ---------------------------------------------------------------
       Mesh    1
       Max CFL number:  0.33E+00 at (21,13,20)
       Max divergence:  0.15E+01 at (23,13,16)
       Min divergence: -0.60E+00 at (21,13,19)
       Max VN number :  0.15E+00 at (19,14,13)
       Mesh    2
       Max CFL number:  0.15E+00 at (3,7,20)
       Max divergence:  0.12E+00 at (1,13,8)
       Min divergence: -0.11E+00 at (1,13,20)
       Max VN number :  0.78E-01 at (20,11,20)
 
       Time Step    19800   June 15, 2026  19:08:32
       Step Size:  0.100E-01 s, Total Time:  198.00000 s
       Pressure Iterations: 1
       Maximum Velocity Error:  0.25E-01 on Mesh 1 at (24,13,19)
       Maximum Pressure Error:  0.92E+01 on Mesh 1 at (23,13,15)
       ---------------------------------------------------------------
       Mesh    1
       Max CFL number:  0.29E+00 at (20,13,16)
       Max divergence:  0.13E+01 at (20,13,16)
       Min divergence: -0.27E+00 at (22,13,20)
       Max VN number :  0.11E+00 at (20,13,16)
       Mesh    2
       Max CFL number:  0.17E+00 at (1,13,20)
       Max divergence:  0.13E+00 at (1,13,16)
       Min divergence: -0.15E+00 at (1,13,20)
       Max VN number :  0.97E-01 at (10,3,20)
 
       Time Step    19900   June 15, 2026  19:08:42
       Step Size:  0.100E-01 s, Total Time:  199.00000 s
       Pressure Iterations: 1
       Maximum Velocity Error:  0.10E-01 on Mesh 2 at (0,8,20)
       Maximum Pressure Error:  0.73E+01 on Mesh 1 at (22,13,19)
       ---------------------------------------------------------------
       Mesh    1
       Max CFL number:  0.32E+00 at (22,13,19)
       Max divergence:  0.11E+01 at (23,13,16)
       Min divergence: -0.66E+00 at (22,13,19)
       Max VN number :  0.12E+00 at (22,13,18)
       Mesh    2
       Max CFL number:  0.13E+00 at (1,22,20)
       Max divergence:  0.67E-01 at (1,13,8)
       Min divergence: -0.68E-01 at (1,10,20)
       Max VN number :  0.83E-01 at (18,15,20)
 
       Time Step    20000   June 15, 2026  19:08:52
       Step Size:  0.100E-01 s, Total Time:  200.00000 s
       Pressure Iterations: 1
       Maximum Velocity Error:  0.67E-01 on Mesh 1 at (24,13,14)
       Maximum Pressure Error:  0.22E+02 on Mesh 1 at (24,14,14)
       ---------------------------------------------------------------
       Mesh    1
       Max CFL number:  0.35E+00 at (23,13,14)
       Max divergence:  0.19E+01 at (21,13,15)
       Min divergence: -0.31E+00 at (22,13,20)
       Max VN number :  0.19E+00 at (23,13,15)
       Mesh    2
       Max CFL number:  0.21E+00 at (1,13,15)
       Max divergence:  0.30E+00 at (1,13,13)
       Min divergence: -0.10E+00 at (1,13,15)
       Max VN number :  0.11E+00 at (1,2,20)
 
       Time Step    20100   June 15, 2026  19:09:02
       Step Size:  0.100E-01 s, Total Time:  201.00000 s
       Pressure Iterations: 1
       Maximum Velocity Error:  0.13E-01 on Mesh 1 at (24,13,20)
       Maximum Pressure Error:  0.54E+01 on Mesh 1 at (20,13,10)
       ---------------------------------------------------------------
       Mesh    1
       Max CFL number:  0.32E+00 at (21,13,16)
       Max divergence:  0.12E+01 at (21,13,16)
       Min divergence: -0.66E+00 at (21,13,19)
       Max VN number :  0.16E+00 at (23,12,20)
       Mesh    2
       Max CFL number:  0.14E+00 at (1,18,20)
       Max divergence:  0.74E-01 at (1,14,16)
       Min divergence: -0.57E-01 at (1,14,13)
       Max VN number :  0.11E+00 at (1,14,13)
 
       Time Step    20200   June 15, 2026  19:09:11
       Step Size:  0.100E-01 s, Total Time:  202.00000 s
       Pressure Iterations: 1
       Maximum Velocity Error:  0.10E-01 on Mesh 1 at (24,13,13)
       Maximum Pressure Error:  0.39E+01 on Mesh 1 at (24,13,12)
       ---------------------------------------------------------------
       Mesh    1
       Max CFL number:  0.34E+00 at (23,13,16)
       Max divergence:  0.15E+01 at (23,13,16)
       Min divergence: -0.68E+00 at (22,13,19)
       Max VN number :  0.13E+00 at (23,13,16)
       Mesh    2
       Max CFL number:  0.17E+00 at (1,11,20)
       Max divergence:  0.10E+00 at (1,13,19)
       Min divergence: -0.63E-01 at (2,16,20)
       Max VN number :  0.11E+00 at (4,28,20)
 
       Time Step    20300   June 15, 2026  19:09:21
       Step Size:  0.100E-01 s, Total Time:  203.00000 s
       Pressure Iterations: 1
       Maximum Velocity Error:  0.26E-01 on Mesh 1 at (24,13,18)
       Maximum Pressure Error:  0.27E+02 on Mesh 1 at (20,13,15)
       ---------------------------------------------------------------
       Mesh    1
       Max CFL number:  0.33E+00 at (22,13,17)
       Max divergence:  0.13E+01 at (21,13,16)
       Min divergence: -0.66E+00 at (22,13,19)
       Max VN number :  0.14E+00 at (19,14,15)
       Mesh    2
       Max CFL number:  0.18E+00 at (1,13,18)
       Max divergence:  0.16E+00 at (1,14,19)
       Min divergence: -0.19E+00 at (1,15,20)
       Max VN number :  0.12E+00 at (7,2,20)
 
       Time Step    20400   June 15, 2026  19:09:31
       Step Size:  0.100E-01 s, Total Time:  204.00000 s
       Pressure Iterations: 1
       Maximum Velocity Error:  0.19E-01 on Mesh 1 at (23,13,15)
       Maximum Pressure Error:  0.33E+02 on Mesh 1 at (23,13,18)
       ---------------------------------------------------------------
       Mesh    1
       Max CFL number:  0.39E+00 at (23,13,16)
       Max divergence:  0.20E+01 at (23,13,16)
       Min divergence: -0.75E+00 at (22,13,19)
       Max VN number :  0.17E+00 at (22,11,20)
       Mesh    2
       Max CFL number:  0.13E+00 at (3,1,20)
       Max divergence:  0.11E+00 at (1,13,15)
       Min divergence: -0.53E-01 at (5,1,13)
       Max VN number :  0.12E+00 at (7,2,20)
 
       Time Step    20500   June 15, 2026  19:09:41
       Step Size:  0.100E-01 s, Total Time:  205.00000 s
       Pressure Iterations: 1
       Maximum Velocity Error:  0.34E-01 on Mesh 2 at (0,13,15)
       Maximum Pressure Error:  0.16E+02 on Mesh 1 at (24,13,13)
       ---------------------------------------------------------------
       Mesh    1
       Max CFL number:  0.32E+00 at (22,13,14)
       Max divergence:  0.17E+01 at (21,13,15)
       Min divergence: -0.60E+00 at (21,13,19)
       Max VN number :  0.94E-01 at (22,13,17)
       Mesh    2
       Max CFL number:  0.22E+00 at (1,13,12)
       Max divergence:  0.23E+00 at (1,13,11)
       Min divergence: -0.17E+00 at (1,14,20)
       Max VN number :  0.97E-01 at (1,13,12)
 
       Time Step    20600   June 15, 2026  19:09:50
       Step Size:  0.100E-01 s, Total Time:  206.00000 s
       Pressure Iterations: 1
       Maximum Velocity Error:  0.12E-01 on Mesh 2 at (0,13,18)
       Maximum Pressure Error:  0.18E+02 on Mesh 1 at (21,13,15)
       ---------------------------------------------------------------
       Mesh    1
       Max CFL number:  0.36E+00 at (21,13,18)
       Max divergence:  0.23E+01 at (22,13,4)
       Min divergence: -0.75E+00 at (21,13,19)
       Max VN number :  0.13E+00 at (20,13,16)
       Mesh    2
       Max CFL number:  0.16E+00 at (1,10,20)
       Max divergence:  0.16E+00 at (1,13,19)
       Min divergence: -0.20E+00 at (1,10,20)
       Max VN number :  0.93E-01 at (8,2,20)
 
       Time Step    20700   June 15, 2026  19:10:00
       Step Size:  0.100E-01 s, Total Time:  207.00000 s
       Pressure Iterations: 1
       Maximum Velocity Error:  0.27E-01 on Mesh 1 at (24,13,15)
       Maximum Pressure Error:  0.13E+02 on Mesh 1 at (23,13,12)
       ---------------------------------------------------------------
       Mesh    1
       Max CFL number:  0.36E+00 at (23,13,20)
       Max divergence:  0.18E+01 at (21,13,16)
       Min divergence: -0.58E+00 at (22,13,19)
       Max VN number :  0.12E+00 at (23,13,19)
       Mesh    2
       Max CFL number:  0.17E+00 at (1,11,20)
       Max divergence:  0.21E+00 at (1,13,19)
       Min divergence: -0.92E-01 at (2,9,20)
       Max VN number :  0.82E-01 at (12,7,20)
 
       Time Step    20800   June 15, 2026  19:10:10
       Step Size:  0.100E-01 s, Total Time:  208.00000 s
       Pressure Iterations: 1
       Maximum Velocity Error:  0.16E-01 on Mesh 1 at (24,13,20)
       Maximum Pressure Error:  0.19E+02 on Mesh 1 at (20,13,14)
       ---------------------------------------------------------------
       Mesh    1
       Max CFL number:  0.35E+00 at (21,13,18)
       Max divergence:  0.20E+01 at (21,13,16)
       Min divergence: -0.95E+00 at (21,13,19)
       Max VN number :  0.25E+00 at (22,11,20)
       Mesh    2
       Max CFL number:  0.17E+00 at (1,17,20)
       Max divergence:  0.11E+00 at (1,13,19)
       Min divergence: -0.22E+00 at (1,17,20)
       Max VN number :  0.10E+00 at (2,1,13)
 
       Time Step    20900   June 15, 2026  19:10:21
       Step Size:  0.100E-01 s, Total Time:  209.00000 s
       Pressure Iterations: 1
       Maximum Velocity Error:  0.58E-01 on Mesh 1 at (24,13,17)
       Maximum Pressure Error:  0.18E+02 on Mesh 1 at (22,13,18)
       ---------------------------------------------------------------
       Mesh    1
       Max CFL number:  0.40E+00 at (23,13,18)
       Max divergence:  0.28E+01 at (23,13,16)
       Min divergence: -0.10E+01 at (23,13,19)
       Max VN number :  0.13E+00 at (22,13,17)
       Mesh    2
       Max CFL number:  0.20E+00 at (1,14,20)
       Max divergence:  0.45E+00 at (1,13,19)
       Min divergence: -0.25E+00 at (1,13,16)
       Max VN number :  0.18E+00 at (2,2,20)
 
       Time Step    21000   June 15, 2026  19:10:31
       Step Size:  0.100E-01 s, Total Time:  210.00000 s
       Pressure Iterations: 1
       Maximum Velocity Error:  0.37E-01 on Mesh 1 at (24,13,16)
       Maximum Pressure Error:  0.20E+02 on Mesh 1 at (22,13,14)
       ---------------------------------------------------------------
       Mesh    1
       Max CFL number:  0.38E+00 at (21,13,16)
       Max divergence:  0.24E+01 at (21,13,16)
       Min divergence: -0.72E+00 at (21,13,19)
       Max VN number :  0.14E+00 at (13,2,20)
       Mesh    2
       Max CFL number:  0.23E+00 at (1,13,20)
       Max divergence:  0.21E+00 at (1,13,19)
       Min divergence: -0.14E+00 at (2,1,14)
       Max VN number :  0.12E+00 at (2,2,20)
 
       Time Step    21100   June 15, 2026  19:10:41
       Step Size:  0.100E-01 s, Total Time:  211.00000 s
       Pressure Iterations: 1
       Maximum Velocity Error:  0.30E-01 on Mesh 1 at (24,13,15)
       Maximum Pressure Error:  0.30E+02 on Mesh 1 at (23,13,15)
       ---------------------------------------------------------------
       Mesh    1
       Max CFL number:  0.46E+00 at (23,13,20)
       Max divergence:  0.26E+01 at (21,13,16)
       Min divergence: -0.15E+01 at (23,13,19)
       Max VN number :  0.19E+00 at (23,13,19)
       Mesh    2
       Max CFL number:  0.18E+00 at (1,1,20)
       Max divergence:  0.17E+00 at (1,13,19)
       Min divergence: -0.24E+00 at (1,16,20)
       Max VN number :  0.11E+00 at (24,1,14)
 
       Time Step    21200   June 15, 2026  19:10:51
       Step Size:  0.100E-01 s, Total Time:  212.00000 s
       Pressure Iterations: 1
       Maximum Velocity Error:  0.46E-01 on Mesh 1 at (24,13,18)
       Maximum Pressure Error:  0.16E+02 on Mesh 1 at (20,13,8)
       ---------------------------------------------------------------
       Mesh    1
       Max CFL number:  0.44E+00 at (21,13,16)
       Max divergence:  0.28E+01 at (21,13,16)
       Min divergence: -0.10E+01 at (22,13,19)
       Max VN number :  0.23E+00 at (21,2,20)
       Mesh    2
       Max CFL number:  0.24E+00 at (1,13,20)
       Max divergence:  0.18E+00 at (1,11,19)
       Min divergence: -0.22E+00 at (1,16,20)
       Max VN number :  0.15E+00 at (9,1,14)
 
       Time Step    21300   June 15, 2026  19:11:01
       Step Size:  0.100E-01 s, Total Time:  213.00000 s
       Pressure Iterations: 2
       Maximum Velocity Error:  0.22E-01 on Mesh 1 at (23,13,14)
       Maximum Pressure Error:  0.25E+03 on Mesh 1 at (23,13,14)
       ---------------------------------------------------------------
       Mesh    1
       Max CFL number:  0.49E+00 at (23,13,20)
       Max divergence:  0.65E+01 at (23,13,14)
       Min divergence: -0.94E+00 at (22,13,19)
       Max VN number :  0.17E+00 at (23,13,16)
       Mesh    2
       Max CFL number:  0.20E+00 at (1,10,20)
       Max divergence:  0.18E+00 at (1,13,19)
       Min divergence: -0.33E+00 at (1,17,20)
       Max VN number :  0.13E+00 at (4,2,20)
 
       Time Step    21400   June 15, 2026  19:11:11
       Step Size:  0.100E-01 s, Total Time:  214.00000 s
       Pressure Iterations: 1
       Maximum Velocity Error:  0.25E-01 on Mesh 1 at (24,25,20)
       Maximum Pressure Error:  0.34E+02 on Mesh 1 at (21,13,15)
       ---------------------------------------------------------------
       Mesh    1
       Max CFL number:  0.45E+00 at (20,13,16)
       Max divergence:  0.30E+01 at (20,13,16)
       Min divergence: -0.12E+01 at (21,13,19)
       Max VN number :  0.18E+00 at (19,14,15)
       Mesh    2
       Max CFL number:  0.20E+00 at (1,21,20)
       Max divergence:  0.18E+00 at (1,11,19)
       Min divergence: -0.22E+00 at (1,15,20)
       Max VN number :  0.16E+00 at (6,2,20)
 
       Time Step    21500   June 15, 2026  19:11:21
       Step Size:  0.100E-01 s, Total Time:  215.00000 s
       Pressure Iterations: 2
       Maximum Velocity Error:  0.26E-01 on Mesh 1 at (23,13,11)
       Maximum Pressure Error:  0.32E+03 on Mesh 1 at (23,13,11)
       ---------------------------------------------------------------
       Mesh    1
       Max CFL number:  0.42E+00 at (23,13,20)
       Max divergence:  0.34E+01 at (21,13,16)
       Min divergence: -0.96E+00 at (22,13,20)
       Max VN number :  0.14E+00 at (23,13,17)
       Mesh    2
       Max CFL number:  0.19E+00 at (1,6,20)
       Max divergence:  0.42E+00 at (1,13,9)
       Min divergence: -0.32E+00 at (1,16,20)
       Max VN number :  0.16E+00 at (5,32,20)
 
       Time Step    21600   June 15, 2026  19:11:31
       Step Size:  0.100E-01 s, Total Time:  216.00000 s
       Pressure Iterations: 1
       Maximum Velocity Error:  0.48E-01 on Mesh 1 at (22,13,8)
       Maximum Pressure Error:  0.89E+02 on Mesh 1 at (22,13,8)
       ---------------------------------------------------------------
       Mesh    1
       Max CFL number:  0.45E+00 at (21,13,18)
       Max divergence:  0.30E+01 at (21,13,16)
       Min divergence: -0.16E+01 at (21,13,19)
       Max VN number :  0.20E+00 at (21,2,20)
       Mesh    2
       Max CFL number:  0.22E+00 at (1,19,20)
       Max divergence:  0.22E+00 at (1,13,19)
       Min divergence: -0.34E+00 at (1,20,20)
       Max VN number :  0.19E+00 at (1,14,15)
 
       Time Step    21700   June 15, 2026  19:11:40
       Step Size:  0.100E-01 s, Total Time:  217.00000 s
       Pressure Iterations: 2
       Maximum Velocity Error:  0.37E-01 on Mesh 1 at (23,13,10)
       Maximum Pressure Error:  0.46E+03 on Mesh 1 at (23,13,10)
       ---------------------------------------------------------------
       Mesh    1
       Max CFL number:  0.46E+00 at (22,13,18)
       Max divergence:  0.25E+01 at (22,13,15)
       Min divergence: -0.20E+01 at (22,13,19)
       Max VN number :  0.16E+00 at (23,26,20)
       Mesh    2
       Max CFL number:  0.21E+00 at (1,25,20)
       Max divergence:  0.18E+00 at (1,13,19)
       Min divergence: -0.27E+00 at (1,15,20)
       Max VN number :  0.16E+00 at (13,3,20)
 
       Time Step    21800   June 15, 2026  19:11:50
       Step Size:  0.100E-01 s, Total Time:  218.00000 s
       Pressure Iterations: 1
       Maximum Velocity Error:  0.31E-01 on Mesh 2 at (0,12,19)
       Maximum Pressure Error:  0.26E+02 on Mesh 1 at (22,13,11)
       ---------------------------------------------------------------
       Mesh    1
       Max CFL number:  0.49E+00 at (20,13,16)
       Max divergence:  0.33E+01 at (21,13,16)
       Min divergence: -0.14E+01 at (20,13,19)
       Max VN number :  0.16E+00 at (19,12,20)
       Mesh    2
       Max CFL number:  0.20E+00 at (1,17,20)
       Max divergence:  0.18E+00 at (2,11,19)
       Min divergence: -0.35E+00 at (1,17,20)
       Max VN number :  0.13E+00 at (5,1,19)
 
       Time Step    21900   June 15, 2026  19:12:00
       Step Size:  0.100E-01 s, Total Time:  219.00000 s
       Pressure Iterations: 1
       Maximum Velocity Error:  0.49E-01 on Mesh 1 at (24,13,17)
       Maximum Pressure Error:  0.77E+02 on Mesh 1 at (20,13,15)
       ---------------------------------------------------------------
       Mesh    1
       Max CFL number:  0.48E+00 at (22,13,16)
       Max divergence:  0.39E+01 at (22,13,16)
       Min divergence: -0.13E+01 at (22,13,19)
       Max VN number :  0.15E+00 at (22,13,17)
       Mesh    2
       Max CFL number:  0.24E+00 at (1,14,20)
       Max divergence:  0.48E+00 at (1,13,17)
       Min divergence: -0.44E+00 at (1,14,20)
       Max VN number :  0.12E+00 at (15,4,20)
 
       Time Step    22000   June 15, 2026  19:12:10
       Step Size:  0.100E-01 s, Total Time:  220.00000 s
       Pressure Iterations: 1
       Maximum Velocity Error:  0.50E-01 on Mesh 1 at (24,13,18)
       Maximum Pressure Error:  0.67E+02 on Mesh 1 at (23,13,14)
       ---------------------------------------------------------------
       Mesh    1
       Max CFL number:  0.47E+00 at (21,13,16)
       Max divergence:  0.46E+01 at (23,13,15)
       Min divergence: -0.14E+01 at (22,13,19)
       Max VN number :  0.20E+00 at (20,16,16)
       Mesh    2
       Max CFL number:  0.25E+00 at (1,12,20)
       Max divergence:  0.49E+00 at (1,13,19)
       Min divergence: -0.47E+00 at (1,11,20)
       Max VN number :  0.13E+00 at (11,3,20)
 
       Time Step    22100   June 15, 2026  19:12:22
       Step Size:  0.100E-01 s, Total Time:  221.00000 s
       Pressure Iterations: 2
       Maximum Velocity Error:  0.25E-01 on Mesh 1 at (24,13,19)
       Maximum Pressure Error:  0.26E+02 on Mesh 1 at (23,13,19)
       ---------------------------------------------------------------
       Mesh    1
       Max CFL number:  0.46E+00 at (21,13,16)
       Max divergence:  0.41E+01 at (21,13,16)
       Min divergence: -0.11E+01 at (21,13,19)
       Max VN number :  0.15E+00 at (21,12,20)
       Mesh    2
       Max CFL number:  0.30E+00 at (1,13,20)
       Max divergence:  0.43E+00 at (1,13,13)
       Min divergence: -0.35E+00 at (1,13,20)
       Max VN number :  0.14E+00 at (10,1,14)
 
       Time Step    22200   June 15, 2026  19:12:30
       Step Size:  0.100E-01 s, Total Time:  222.00000 s
       Pressure Iterations: 1
       Maximum Velocity Error:  0.33E-01 on Mesh 1 at (24,20,20)
       Maximum Pressure Error:  0.69E+02 on Mesh 1 at (23,13,17)
       ---------------------------------------------------------------
       Mesh    1
       Max CFL number:  0.52E+00 at (23,13,16)
       Max divergence:  0.55E+01 at (23,13,16)
       Min divergence: -0.13E+01 at (22,13,19)
       Max VN number :  0.21E+00 at (23,13,16)
       Mesh    2
       Max CFL number:  0.25E+00 at (1,5,20)
       Max divergence:  0.22E+00 at (1,10,19)
       Min divergence: -0.48E+00 at (1,16,20)
       Max VN number :  0.19E+00 at (1,2,20)
 
       Time Step    22300   June 15, 2026  19:12:38
       Step Size:  0.100E-01 s, Total Time:  223.00000 s
       Pressure Iterations: 1
       Maximum Velocity Error:  0.16E-01 on Mesh 1 at (24,15,20)
       Maximum Pressure Error:  0.30E+02 on Mesh 1 at (23,13,15)
       ---------------------------------------------------------------
       Mesh    1
       Max CFL number:  0.49E+00 at (20,13,16)
       Max divergence:  0.48E+01 at (23,13,16)
       Min divergence: -0.14E+01 at (20,13,19)
       Max VN number :  0.22E+00 at (22,15,16)
       Mesh    2
       Max CFL number:  0.19E+00 at (7,7,20)
       Max divergence:  0.27E+00 at (1,12,19)
       Min divergence: -0.30E+00 at (1,16,20)
       Max VN number :  0.16E+00 at (8,8,20)
 
       Time Step    22400   June 15, 2026  19:12:48
       Step Size:  0.100E-01 s, Total Time:  224.00000 s
       Pressure Iterations: 1
       Maximum Velocity Error:  0.67E-01 on Mesh 1 at (24,13,14)
       Maximum Pressure Error:  0.13E+03 on Mesh 1 at (22,13,17)
       ---------------------------------------------------------------
       Mesh    1
       Max CFL number:  0.54E+00 at (23,13,12)
       Max divergence:  0.36E+01 at (21,13,16)
       Min divergence: -0.69E+00 at (20,16,16)
       Max VN number :  0.32E+00 at (21,16,16)
       Mesh    2
       Max CFL number:  0.19E+00 at (1,8,20)
       Max divergence:  0.26E+00 at (1,13,16)
       Min divergence: -0.33E+00 at (1,16,20)
       Max VN number :  0.13E+00 at (9,1,19)
 
       Time Step    22500   June 15, 2026  19:13:00
       Step Size:  0.100E-01 s, Total Time:  225.00000 s
       Pressure Iterations: 1
       Maximum Velocity Error:  0.68E-01 on Mesh 2 at (0,27,20)
       Maximum Pressure Error:  0.83E+02 on Mesh 1 at (22,13,13)
       ---------------------------------------------------------------
       Mesh    1
       Max CFL number:  0.48E+00 at (20,13,12)
       Max divergence:  0.34E+01 at (20,13,16)
       Min divergence: -0.16E+01 at (21,13,19)
       Max VN number :  0.27E+00 at (23,2,20)
       Mesh    2
       Max CFL number:  0.24E+00 at (1,24,20)
       Max divergence:  0.25E+00 at (1,10,19)
       Min divergence: -0.41E+00 at (2,9,20)
       Max VN number :  0.20E+00 at (1,2,20)
 
       Time Step    22600   June 15, 2026  19:13:12
       Step Size:  0.100E-01 s, Total Time:  226.00000 s
       Pressure Iterations: 2
       Maximum Velocity Error:  0.41E-01 on Mesh 1 at (24,12,18)
       Maximum Pressure Error:  0.44E+02 on Mesh 1 at (22,13,18)
       ---------------------------------------------------------------
       Mesh    1
       Max CFL number:  0.48E+00 at (24,13,18)
       Max divergence:  0.43E+01 at (21,13,15)
       Min divergence: -0.13E+01 at (23,13,19)
       Max VN number :  0.24E+00 at (22,32,20)
       Mesh    2
       Max CFL number:  0.32E+00 at (1,11,20)
       Max divergence:  0.65E+00 at (1,13,17)
       Min divergence: -0.35E+00 at (2,9,20)
       Max VN number :  0.17E+00 at (1,32,20)
 
       Time Step    22700   June 15, 2026  19:13:26
       Step Size:  0.100E-01 s, Total Time:  227.00000 s
       Pressure Iterations: 1
       Maximum Velocity Error:  0.40E-01 on Mesh 1 at (24,3,20)
       Maximum Pressure Error:  0.34E+02 on Mesh 1 at (23,14,15)
       ---------------------------------------------------------------
       Mesh    1
       Max CFL number:  0.55E+00 at (21,13,16)
       Max divergence:  0.46E+01 at (22,13,16)
       Min divergence: -0.16E+01 at (22,13,19)
       Max VN number :  0.24E+00 at (24,2,20)
       Mesh    2
       Max CFL number:  0.22E+00 at (1,10,20)
       Max divergence:  0.42E+00 at (1,12,19)
       Min divergence: -0.30E+00 at (2,20,20)
       Max VN number :  0.16E+00 at (14,5,20)
 
       Time Step    22800   June 15, 2026  19:13:38
       Step Size:  0.100E-01 s, Total Time:  228.00000 s
       Pressure Iterations: 1
       Maximum Velocity Error:  0.50E-01 on Mesh 1 at (22,13,12)
       Maximum Pressure Error:  0.14E+03 on Mesh 1 at (22,13,12)
       ---------------------------------------------------------------
       Mesh    1
       Max CFL number:  0.55E+00 at (22,13,16)
       Max divergence:  0.49E+01 at (22,13,16)
       Min divergence: -0.18E+01 at (22,13,19)
       Max VN number :  0.19E+00 at (8,20,20)
       Mesh    2
       Max CFL number:  0.28E+00 at (1,13,13)
       Max divergence:  0.39E+00 at (2,13,12)
       Min divergence: -0.30E+00 at (1,17,20)
       Max VN number :  0.23E+00 at (2,13,12)
 
       Time Step    22900   June 15, 2026  19:13:53
       Step Size:  0.100E-01 s, Total Time:  229.00000 s
       Pressure Iterations: 2
       Maximum Velocity Error:  0.18E-01 on Mesh 1 at (24,9,19)
       Maximum Pressure Error:  0.10E+03 on Mesh 1 at (20,13,20)
       ---------------------------------------------------------------
       Mesh    1
       Max CFL number:  0.56E+00 at (22,13,16)
       Max divergence:  0.65E+01 at (21,13,16)
       Min divergence: -0.17E+01 at (21,13,19)
       Max VN number :  0.20E+00 at (20,13,19)
       Mesh    2
       Max CFL number:  0.25E+00 at (1,14,20)
       Max divergence:  0.49E+00 at (1,13,19)
       Min divergence: -0.51E+00 at (1,15,20)
       Max VN number :  0.13E+00 at (15,3,20)
 
       Time Step    23000   June 15, 2026  19:14:06
       Step Size:  0.100E-01 s, Total Time:  230.00000 s
       Pressure Iterations: 1
       Maximum Velocity Error:  0.44E-01 on Mesh 1 at (24,11,20)
       Maximum Pressure Error:  0.65E+02 on Mesh 1 at (22,13,12)
       ---------------------------------------------------------------
       Mesh    1
       Max CFL number:  0.46E+00 at (20,13,17)
       Max divergence:  0.38E+01 at (22,13,16)
       Min divergence: -0.10E+01 at (21,13,19)
       Max VN number :  0.20E+00 at (23,16,16)
       Mesh    2
       Max CFL number:  0.29E+00 at (1,11,20)
       Max divergence:  0.35E+00 at (1,13,19)
       Min divergence: -0.56E+00 at (1,9,20)
       Max VN number :  0.17E+00 at (19,5,20)
 
       Time Step    23100   June 15, 2026  19:14:19
       Step Size:  0.100E-01 s, Total Time:  231.00000 s
       Pressure Iterations: 2
       Maximum Velocity Error:  0.57E-01 on Mesh 1 at (24,13,19)
       Maximum Pressure Error:  0.14E+03 on Mesh 1 at (21,13,15)
       ---------------------------------------------------------------
       Mesh    1
       Max CFL number:  0.56E+00 at (22,13,18)
       Max divergence:  0.34E+01 at (21,13,16)
       Min divergence: -0.16E+01 at (24,13,19)
       Max VN number :  0.21E+00 at (24,13,18)
       Mesh    2
       Max CFL number:  0.38E+00 at (1,13,18)
       Max divergence:  0.81E+00 at (1,14,17)
       Min divergence: -0.11E+01 at (1,13,18)
       Max VN number :  0.13E+00 at (1,13,17)
 
       Time Step    23200   June 15, 2026  19:14:32
       Step Size:  0.100E-01 s, Total Time:  232.00000 s
       Pressure Iterations: 1
       Maximum Velocity Error:  0.41E-01 on Mesh 1 at (22,13,13)
       Maximum Pressure Error:  0.88E+02 on Mesh 1 at (22,13,13)
       ---------------------------------------------------------------
       Mesh    1
       Max CFL number:  0.51E+00 at (21,13,16)
       Max divergence:  0.55E+01 at (21,13,16)
       Min divergence: -0.12E+01 at (20,13,20)
       Max VN number :  0.22E+00 at (23,3,20)
       Mesh    2
       Max CFL number:  0.24E+00 at (8,1,20)
       Max divergence:  0.24E+00 at (1,13,11)
       Min divergence: -0.33E+00 at (1,18,20)
       Max VN number :  0.19E+00 at (13,3,20)
 
       Time Step    23300   June 15, 2026  19:14:43
       Step Size:  0.100E-01 s, Total Time:  233.00000 s
       Pressure Iterations: 2
       Maximum Velocity Error:  0.18E-01 on Mesh 1 at (24,12,19)
       Maximum Pressure Error:  0.55E+02 on Mesh 1 at (23,13,14)
       ---------------------------------------------------------------
       Mesh    1
       Max CFL number:  0.55E+00 at (20,13,20)
       Max divergence:  0.55E+01 at (21,13,16)
       Min divergence: -0.16E+01 at (20,13,19)
       Max VN number :  0.28E+00 at (21,16,16)
       Mesh    2
       Max CFL number:  0.28E+00 at (1,12,20)
       Max divergence:  0.52E+00 at (1,14,19)
       Min divergence: -0.53E+00 at (1,12,20)
       Max VN number :  0.17E+00 at (1,32,20)
 
       Time Step    23400   June 15, 2026  19:14:57
       Step Size:  0.100E-01 s, Total Time:  234.00000 s
       Pressure Iterations: 1
       Maximum Velocity Error:  0.57E-01 on Mesh 1 at (24,13,9)
       Maximum Pressure Error:  0.45E+02 on Mesh 1 at (22,13,17)
       ---------------------------------------------------------------
       Mesh    1
       Max CFL number:  0.52E+00 at (22,13,17)
       Max divergence:  0.46E+01 at (22,13,16)
       Min divergence: -0.11E+01 at (22,13,19)
       Max VN number :  0.16E+00 at (17,1,19)
       Mesh    2
       Max CFL number:  0.22E+00 at (1,13,14)
       Max divergence:  0.44E+00 at (1,13,12)
       Min divergence: -0.28E+00 at (1,21,20)
       Max VN number :  0.15E+00 at (20,1,13)
 
       Time Step    23500   June 15, 2026  19:15:11
       Step Size:  0.100E-01 s, Total Time:  235.00000 s
       Pressure Iterations: 1
       Maximum Velocity Error:  0.63E-01 on Mesh 1 at (24,12,18)
       Maximum Pressure Error:  0.76E+02 on Mesh 1 at (19,13,17)
       ---------------------------------------------------------------
       Mesh    1
       Max CFL number:  0.56E+00 at (20,13,16)
       Max divergence:  0.53E+01 at (20,13,10)
       Min divergence: -0.12E+01 at (20,13,18)
       Max VN number :  0.17E+00 at (20,13,16)
       Mesh    2
       Max CFL number:  0.22E+00 at (1,3,20)
       Max divergence:  0.20E+00 at (1,19,19)
       Min divergence: -0.37E+00 at (1,19,20)
       Max VN number :  0.14E+00 at (10,1,14)
 
       Time Step    23600   June 15, 2026  19:15:25
       Step Size:  0.100E-01 s, Total Time:  236.00000 s
       Pressure Iterations: 2
       Maximum Velocity Error:  0.17E-01 on Mesh 1 at (23,13,8)
       Maximum Pressure Error:  0.22E+03 on Mesh 1 at (23,13,8)
       ---------------------------------------------------------------
       Mesh    1
       Max CFL number:  0.59E+00 at (21,13,16)
       Max divergence:  0.58E+01 at (21,13,16)
       Min divergence: -0.14E+01 at (21,12,20)
       Max VN number :  0.23E+00 at (17,2,20)
       Mesh    2
       Max CFL number:  0.29E+00 at (4,7,20)
       Max divergence:  0.36E+00 at (1,15,19)
       Min divergence: -0.53E+00 at (1,17,20)
       Max VN number :  0.22E+00 at (4,2,20)
 
       Time Step    23700   June 15, 2026  19:15:37
       Step Size:  0.100E-01 s, Total Time:  237.00000 s
       Pressure Iterations: 1
       Maximum Velocity Error:  0.70E-01 on Mesh 1 at (24,13,20)
       Maximum Pressure Error:  0.12E+03 on Mesh 1 at (23,13,12)
       ---------------------------------------------------------------
       Mesh    1
       Max CFL number:  0.53E+00 at (22,13,16)
       Max divergence:  0.61E+01 at (22,13,16)
       Min divergence: -0.16E+01 at (20,13,19)
       Max VN number :  0.27E+00 at (20,3,20)
       Mesh    2
       Max CFL number:  0.23E+00 at (1,13,20)
       Max divergence:  0.31E+00 at (1,14,19)
       Min divergence: -0.38E+00 at (3,13,20)
       Max VN number :  0.18E+00 at (5,32,20)
 
       Time Step    23800   June 15, 2026  19:15:50
       Step Size:  0.100E-01 s, Total Time:  238.00000 s
       Pressure Iterations: 1
       Maximum Velocity Error:  0.51E-01 on Mesh 1 at (24,13,20)
       Maximum Pressure Error:  0.10E+03 on Mesh 1 at (22,13,12)
       ---------------------------------------------------------------
       Mesh    1
       Max CFL number:  0.52E+00 at (20,13,20)
       Max divergence:  0.53E+01 at (20,13,16)
       Min divergence: -0.17E+01 at (21,13,19)
       Max VN number :  0.31E+00 at (23,12,20)
       Mesh    2
       Max CFL number:  0.31E+00 at (1,13,20)
       Max divergence:  0.46E+00 at (1,13,19)
       Min divergence: -0.54E+00 at (2,16,20)
       Max VN number :  0.17E+00 at (11,2,20)
 
       Time Step    23900   June 15, 2026  19:16:03
       Step Size:  0.100E-01 s, Total Time:  239.00000 s
       Pressure Iterations: 2
       Maximum Velocity Error:  0.61E-01 on Mesh 1 at (23,13,4)
       Maximum Pressure Error:  0.63E+03 on Mesh 1 at (23,13,4)
       ---------------------------------------------------------------
       Mesh    1
       Max CFL number:  0.50E+00 at (23,13,16)
       Max divergence:  0.91E+01 at (23,13,4)
       Min divergence: -0.14E+01 at (22,13,19)
       Max VN number :  0.21E+00 at (21,2,20)
       Mesh    2
       Max CFL number:  0.33E+00 at (1,9,20)
       Max divergence:  0.48E+00 at (1,10,19)
       Min divergence: -0.77E+00 at (1,9,20)
       Max VN number :  0.25E+00 at (3,2,20)
 
       Time Step    24000   June 15, 2026  19:16:16
       Step Size:  0.100E-01 s, Total Time:  240.00000 s
       Pressure Iterations: 2
       Maximum Velocity Error:  0.33E-01 on Mesh 1 at (21,13,2)
       Maximum Pressure Error:  0.47E+03 on Mesh 1 at (21,13,2)
       ---------------------------------------------------------------
       Mesh    1
       Max CFL number:  0.59E+00 at (21,13,16)
       Max divergence:  0.72E+01 at (21,13,16)
       Min divergence: -0.16E+01 at (21,13,19)
       Max VN number :  0.20E+00 at (19,24,20)
       Mesh    2
       Max CFL number:  0.21E+00 at (1,12,20)
       Max divergence:  0.30E+00 at (1,13,15)
       Min divergence: -0.39E+00 at (12,1,12)
       Max VN number :  0.21E+00 at (2,13,15)
 
       Time Step    24100   June 15, 2026  19:16:29
       Step Size:  0.100E-01 s, Total Time:  241.00000 s
       Pressure Iterations: 2
       Maximum Velocity Error:  0.47E-01 on Mesh 1 at (22,13,4)
       Maximum Pressure Error:  0.46E+03 on Mesh 1 at (22,13,4)
       ---------------------------------------------------------------
       Mesh    1
       Max CFL number:  0.51E+00 at (22,13,16)
       Max divergence:  0.93E+01 at (22,13,4)
       Min divergence: -0.18E+01 at (22,13,19)
       Max VN number :  0.28E+00 at (24,14,16)
       Mesh    2
       Max CFL number:  0.30E+00 at (1,12,20)
       Max divergence:  0.54E+00 at (1,13,19)
       Min divergence: -0.63E+00 at (1,15,20)
       Max VN number :  0.17E+00 at (4,2,20)
 
       Time Step    24200   June 15, 2026  19:16:41
       Step Size:  0.100E-01 s, Total Time:  242.00000 s
       Pressure Iterations: 1
       Maximum Velocity Error:  0.65E-01 on Mesh 1 at (22,13,15)
       Maximum Pressure Error:  0.13E+03 on Mesh 1 at (22,13,18)
       ---------------------------------------------------------------
       Mesh    1
       Max CFL number:  0.57E+00 at (22,13,18)
       Max divergence:  0.47E+01 at (20,13,14)
       Min divergence: -0.17E+01 at (21,13,19)
       Max VN number :  0.24E+00 at (21,15,16)
       Mesh    2
       Max CFL number:  0.21E+00 at (1,11,20)
       Max divergence:  0.31E+00 at (1,13,5)
       Min divergence: -0.28E+00 at (1,11,20)
       Max VN number :  0.16E+00 at (14,2,20)
 
       Time Step    24300   June 15, 2026  19:16:55
       Step Size:  0.100E-01 s, Total Time:  243.00000 s
       Pressure Iterations: 1
       Maximum Velocity Error:  0.36E-01 on Mesh 1 at (24,13,13)
       Maximum Pressure Error:  0.52E+02 on Mesh 1 at (21,13,13)
       ---------------------------------------------------------------
       Mesh    1
       Max CFL number:  0.52E+00 at (22,13,17)
       Max divergence:  0.47E+01 at (20,13,16)
       Min divergence: -0.23E+01 at (21,13,19)
       Max VN number :  0.21E+00 at (23,13,20)
       Mesh    2
       Max CFL number:  0.22E+00 at (1,9,20)
       Max divergence:  0.29E+00 at (1,9,19)
       Min divergence: -0.26E+00 at (1,9,20)
       Max VN number :  0.19E+00 at (1,14,15)
 
       Time Step    24400   June 15, 2026  19:17:07
       Step Size:  0.100E-01 s, Total Time:  244.00000 s
       Pressure Iterations: 3
       Maximum Velocity Error:  0.25E-01 on Mesh 1 at (21,13,10)
       Maximum Pressure Error:  0.37E+03 on Mesh 1 at (21,13,10)
       ---------------------------------------------------------------
       Mesh    1
       Max CFL number:  0.59E+00 at (23,13,16)
       Max divergence:  0.66E+01 at (22,13,15)
       Min divergence: -0.23E+01 at (23,13,19)
       Max VN number :  0.21E+00 at (23,13,19)
       Mesh    2
       Max CFL number:  0.31E+00 at (1,9,20)
       Max divergence:  0.53E+00 at (1,13,17)
       Min divergence: -0.57E+00 at (1,6,20)
       Max VN number :  0.12E+00 at (20,15,20)
 
       Time Step    24500   June 15, 2026  19:17:19
       Step Size:  0.100E-01 s, Total Time:  245.00000 s
       Pressure Iterations: 2
       Maximum Velocity Error:  0.23E-01 on Mesh 1 at (24,9,19)
       Maximum Pressure Error:  0.25E+03 on Mesh 1 at (21,13,6)
       ---------------------------------------------------------------
       Mesh    1
       Max CFL number:  0.54E+00 at (20,13,17)
       Max divergence:  0.66E+01 at (21,13,6)
       Min divergence: -0.13E+01 at (21,13,20)
       Max VN number :  0.32E+00 at (19,10,20)
       Mesh    2
       Max CFL number:  0.31E+00 at (1,7,20)
       Max divergence:  0.32E+00 at (1,13,17)
       Min divergence: -0.55E+00 at (2,7,20)
       Max VN number :  0.22E+00 at (4,9,20)
 
       Time Step    24600   June 15, 2026  19:17:32
       Step Size:  0.100E-01 s, Total Time:  246.00000 s
       Pressure Iterations: 1
       Maximum Velocity Error:  0.24E-01 on Mesh 1 at (24,5,20)
       Maximum Pressure Error:  0.40E+02 on Mesh 1 at (23,13,15)
       ---------------------------------------------------------------
       Mesh    1
       Max CFL number:  0.60E+00 at (23,13,16)
       Max divergence:  0.69E+01 at (23,13,16)
       Min divergence: -0.16E+01 at (22,13,19)
       Max VN number :  0.20E+00 at (23,13,16)
       Mesh    2
       Max CFL number:  0.30E+00 at (4,2,20)
       Max divergence:  0.56E+00 at (1,13,19)
       Min divergence: -0.46E+00 at (1,14,20)
       Max VN number :  0.15E+00 at (18,18,20)
 
       Time Step    24700   June 15, 2026  19:17:44
       Step Size:  0.100E-01 s, Total Time:  247.00000 s
       Pressure Iterations: 2
       Maximum Velocity Error:  0.27E-01 on Mesh 1 at (24,13,16)
       Maximum Pressure Error:  0.71E+02 on Mesh 1 at (21,13,17)
       ---------------------------------------------------------------
       Mesh    1
       Max CFL number:  0.59E+00 at (21,13,16)
       Max divergence:  0.60E+01 at (21,13,16)
       Min divergence: -0.20E+01 at (23,13,19)
       Max VN number :  0.25E+00 at (11,3,20)
       Mesh    2
       Max CFL number:  0.42E+00 at (1,13,20)
       Max divergence:  0.11E+01 at (1,13,19)
       Min divergence: -0.54E+00 at (1,15,20)
       Max VN number :  0.15E+00 at (24,32,20)
 
       Time Step    24800   June 15, 2026  19:17:53
       Step Size:  0.100E-01 s, Total Time:  248.00000 s
       Pressure Iterations: 2
       Maximum Velocity Error:  0.43E-01 on Mesh 1 at (24,12,12)
       Maximum Pressure Error:  0.85E+02 on Mesh 1 at (22,13,11)
       ---------------------------------------------------------------
       Mesh    1
       Max CFL number:  0.54E+00 at (22,13,18)
       Max divergence:  0.69E+01 at (23,13,12)
       Min divergence: -0.22E+01 at (22,13,19)
       Max VN number :  0.18E+00 at (19,14,13)
       Mesh    2
       Max CFL number:  0.33E+00 at (3,5,20)
       Max divergence:  0.34E+00 at (1,13,19)
       Min divergence: -0.54E+00 at (5,6,20)
       Max VN number :  0.22E+00 at (2,3,20)
 
       Time Step    24900   June 15, 2026  19:18:02
       Step Size:  0.100E-01 s, Total Time:  249.00000 s
       Pressure Iterations: 1
       Maximum Velocity Error:  0.73E-01 on Mesh 1 at (24,13,17)
       Maximum Pressure Error:  0.37E+02 on Mesh 1 at (20,14,14)
       ---------------------------------------------------------------
       Mesh    1
       Max CFL number:  0.51E+00 at (20,13,16)
       Max divergence:  0.47E+01 at (20,13,16)
       Min divergence: -0.18E+01 at (21,13,19)
       Max VN number :  0.33E+00 at (19,14,13)
       Mesh    2
       Max CFL number:  0.27E+00 at (1,20,20)
       Max divergence:  0.47E+00 at (1,13,20)
       Min divergence: -0.48E+00 at (1,20,20)
       Max VN number :  0.17E+00 at (6,3,20)
 
       Time Step    25000   June 15, 2026  19:18:11
       Step Size:  0.100E-01 s, Total Time:  250.00000 s
       Pressure Iterations: 3
       Maximum Velocity Error:  0.51E-01 on Mesh 1 at (24,13,17)
       Maximum Pressure Error:  0.79E+03 on Mesh 1 at (22,13,4)
       ---------------------------------------------------------------
       Mesh    1
       Max CFL number:  0.57E+00 at (24,13,18)
       Max divergence:  0.51E+01 at (23,13,14)
       Min divergence: -0.15E+01 at (23,13,19)
       Max VN number :  0.24E+00 at (24,13,18)
       Mesh    2
       Max CFL number:  0.30E+00 at (1,13,18)
       Max divergence:  0.61E+00 at (1,13,11)
       Min divergence: -0.45E+00 at (1,18,20)
       Max VN number :  0.22E+00 at (5,2,20)
 
       Time Step    25100   June 15, 2026  19:18:20
       Step Size:  0.100E-01 s, Total Time:  251.00000 s
       Pressure Iterations: 2
       Maximum Velocity Error:  0.31E-01 on Mesh 1 at (24,13,19)
       Maximum Pressure Error:  0.61E+02 on Mesh 1 at (21,13,20)
       ---------------------------------------------------------------
       Mesh    1
       Max CFL number:  0.58E+00 at (21,13,16)
       Max divergence:  0.71E+01 at (21,13,16)
       Min divergence: -0.17E+01 at (23,13,19)
       Max VN number :  0.29E+00 at (19,17,11)
       Mesh    2
       Max CFL number:  0.27E+00 at (1,5,20)
       Max divergence:  0.33E+00 at (1,12,20)
       Min divergence: -0.41E+00 at (1,6,20)
       Max VN number :  0.16E+00 at (13,1,13)
 
       Time Step    25200   June 15, 2026  19:18:30
       Step Size:  0.100E-01 s, Total Time:  252.00000 s
       Pressure Iterations: 1
       Maximum Velocity Error:  0.73E-01 on Mesh 1 at (23,13,8)
       Maximum Pressure Error:  0.11E+03 on Mesh 1 at (23,13,8)
       ---------------------------------------------------------------
       Mesh    1
       Max CFL number:  0.52E+00 at (22,13,17)
       Max divergence:  0.53E+01 at (21,13,16)
       Min divergence: -0.13E+01 at (22,13,19)
       Max VN number :  0.21E+00 at (21,8,20)
       Mesh    2
       Max CFL number:  0.30E+00 at (1,12,20)
       Max divergence:  0.40E+00 at (1,13,11)
       Min divergence: -0.53E+00 at (1,15,20)
       Max VN number :  0.24E+00 at (8,6,20)
 
       Time Step    25300   June 15, 2026  19:18:39
       Step Size:  0.100E-01 s, Total Time:  253.00000 s
       Pressure Iterations: 2
       Maximum Velocity Error:  0.25E-01 on Mesh 1 at (24,11,20)
       Maximum Pressure Error:  0.24E+03 on Mesh 1 at (22,13,15)
       ---------------------------------------------------------------
       Mesh    1
       Max CFL number:  0.56E+00 at (23,13,19)
       Max divergence:  0.44E+01 at (22,13,13)
       Min divergence: -0.16E+01 at (23,13,19)
       Max VN number :  0.22E+00 at (21,15,16)
       Mesh    2
       Max CFL number:  0.23E+00 at (1,11,20)
       Max divergence:  0.40E+00 at (1,11,19)
       Min divergence: -0.54E+00 at (1,10,20)
       Max VN number :  0.16E+00 at (17,1,14)
 
       Time Step    25400   June 15, 2026  19:18:48
       Step Size:  0.100E-01 s, Total Time:  254.00000 s
       Pressure Iterations: 1
       Maximum Velocity Error:  0.54E-01 on Mesh 1 at (24,7,20)
       Maximum Pressure Error:  0.44E+02 on Mesh 1 at (21,13,9)
       ---------------------------------------------------------------
       Mesh    1
       Max CFL number:  0.51E+00 at (21,13,16)
       Max divergence:  0.58E+01 at (21,13,16)
       Min divergence: -0.17E+01 at (21,13,19)
       Max VN number :  0.15E+00 at (2,1,14)
       Mesh    2
       Max CFL number:  0.32E+00 at (1,13,17)
       Max divergence:  0.56E+00 at (1,14,17)
       Min divergence: -0.47E+00 at (2,17,20)
       Max VN number :  0.17E+00 at (24,2,20)
 
       Time Step    25500   June 15, 2026  19:18:58
       Step Size:  0.100E-01 s, Total Time:  255.00000 s
       Pressure Iterations: 2
       Maximum Velocity Error:  0.41E-01 on Mesh 1 at (24,13,12)
       Maximum Pressure Error:  0.25E+03 on Mesh 1 at (23,14,15)
       ---------------------------------------------------------------
       Mesh    1
       Max CFL number:  0.56E+00 at (24,13,16)
       Max divergence:  0.69E+01 at (23,13,15)
       Min divergence: -0.11E+01 at (21,13,20)
       Max VN number :  0.24E+00 at (24,13,16)
       Mesh    2
       Max CFL number:  0.39E+00 at (1,13,14)
       Max divergence:  0.12E+01 at (1,13,17)
       Min divergence: -0.41E+00 at (1,21,20)
       Max VN number :  0.18E+00 at (8,2,20)
 
       Time Step    25600   June 15, 2026  19:19:07
       Step Size:  0.100E-01 s, Total Time:  256.00000 s
       Pressure Iterations: 1
       Maximum Velocity Error:  0.70E-01 on Mesh 1 at (24,9,20)
       Maximum Pressure Error:  0.58E+02 on Mesh 1 at (21,13,11)
       ---------------------------------------------------------------
       Mesh    1
       Max CFL number:  0.57E+00 at (20,13,17)
       Max divergence:  0.58E+01 at (20,13,16)
       Min divergence: -0.15E+01 at (20,13,19)
       Max VN number :  0.19E+00 at (20,13,17)
       Mesh    2
       Max CFL number:  0.30E+00 at (4,1,20)
       Max divergence:  0.31E+00 at (1,11,19)
       Min divergence: -0.53E+00 at (1,10,20)
       Max VN number :  0.22E+00 at (8,2,20)
 
       Time Step    25700   June 15, 2026  19:19:16
       Step Size:  0.100E-01 s, Total Time:  257.00000 s
       Pressure Iterations: 2
       Maximum Velocity Error:  0.21E-01 on Mesh 1 at (24,12,18)
       Maximum Pressure Error:  0.15E+03 on Mesh 1 at (21,13,19)
       ---------------------------------------------------------------
       Mesh    1
       Max CFL number:  0.58E+00 at (21,13,17)
       Max divergence:  0.59E+01 at (20,13,16)
       Min divergence: -0.18E+01 at (21,13,19)
       Max VN number :  0.23E+00 at (22,11,20)
       Mesh    2
       Max CFL number:  0.32E+00 at (1,15,20)
       Max divergence:  0.60E+00 at (1,15,19)
       Min divergence: -0.66E+00 at (1,17,20)
       Max VN number :  0.21E+00 at (12,1,13)
 
       Time Step    25800   June 15, 2026  19:19:27
       Step Size:  0.100E-01 s, Total Time:  258.00000 s
       Pressure Iterations: 2
       Maximum Velocity Error:  0.20E-01 on Mesh 1 at (24,12,12)
       Maximum Pressure Error:  0.20E+03 on Mesh 1 at (22,13,11)
       ---------------------------------------------------------------
       Mesh    1
       Max CFL number:  0.60E+00 at (23,13,11)
       Max divergence:  0.71E+01 at (21,13,15)
       Min divergence: -0.10E+01 at (20,13,20)
       Max VN number :  0.33E+00 at (20,15,16)
       Mesh    2
       Max CFL number:  0.26E+00 at (1,9,20)
       Max divergence:  0.42E+00 at (1,12,14)
       Min divergence: -0.57E+00 at (1,10,20)
       Max VN number :  0.17E+00 at (7,30,20)
 
       Time Step    25900   June 15, 2026  19:19:36
       Step Size:  0.100E-01 s, Total Time:  259.00000 s
       Pressure Iterations: 2
       Maximum Velocity Error:  0.27E-01 on Mesh 1 at (21,13,14)
       Maximum Pressure Error:  0.34E+03 on Mesh 1 at (21,13,14)
       ---------------------------------------------------------------
       Mesh    1
       Max CFL number:  0.55E+00 at (21,13,19)
       Max divergence:  0.80E+01 at (22,13,15)
       Min divergence: -0.14E+01 at (19,13,20)
       Max VN number :  0.23E+00 at (20,28,20)
       Mesh    2
       Max CFL number:  0.27E+00 at (3,19,20)
       Max divergence:  0.40E+00 at (1,14,19)
       Min divergence: -0.44E+00 at (3,21,20)
       Max VN number :  0.17E+00 at (1,32,20)
 
       Time Step    26000   June 15, 2026  19:19:45
       Step Size:  0.100E-01 s, Total Time:  260.00000 s
       Pressure Iterations: 2
       Maximum Velocity Error:  0.57E-01 on Mesh 1 at (23,13,2)
       Maximum Pressure Error:  0.61E+03 on Mesh 1 at (23,13,2)
       ---------------------------------------------------------------
       Mesh    1
       Max CFL number:  0.55E+00 at (22,13,16)
       Max divergence:  0.80E+01 at (23,13,2)
       Min divergence: -0.12E+01 at (22,13,20)
       Max VN number :  0.23E+00 at (22,10,20)
       Mesh    2
       Max CFL number:  0.29E+00 at (1,11,20)
       Max divergence:  0.37E+00 at (1,13,19)
       Min divergence: -0.53E+00 at (1,16,20)
       Max VN number :  0.17E+00 at (19,12,20)
 
       Time Step    26100   June 15, 2026  19:19:55
       Step Size:  0.100E-01 s, Total Time:  261.00000 s
       Pressure Iterations: 1
       Maximum Velocity Error:  0.55E-01 on Mesh 1 at (24,7,20)
       Maximum Pressure Error:  0.13E+03 on Mesh 1 at (21,13,12)
       ---------------------------------------------------------------
       Mesh    1
       Max CFL number:  0.49E+00 at (20,13,17)
       Max divergence:  0.59E+01 at (20,13,10)
       Min divergence: -0.14E+01 at (21,13,19)
       Max VN number :  0.22E+00 at (22,2,20)
       Mesh    2
       Max CFL number:  0.24E+00 at (4,6,20)
       Max divergence:  0.30E+00 at (1,13,12)
       Min divergence: -0.39E+00 at (2,17,20)
       Max VN number :  0.18E+00 at (24,15,20)
 
       Time Step    26200   June 15, 2026  19:20:04
       Step Size:  0.100E-01 s, Total Time:  262.00000 s
       Pressure Iterations: 1
       Maximum Velocity Error:  0.49E-01 on Mesh 1 at (24,19,20)
       Maximum Pressure Error:  0.82E+02 on Mesh 1 at (23,13,12)
       ---------------------------------------------------------------
       Mesh    1
       Max CFL number:  0.47E+00 at (22,13,17)
       Max divergence:  0.48E+01 at (20,13,16)
       Min divergence: -0.15E+01 at (22,13,19)
       Max VN number :  0.17E+00 at (18,13,8)
       Mesh    2
       Max CFL number:  0.27E+00 at (1,15,20)
       Max divergence:  0.61E+00 at (1,13,17)
       Min divergence: -0.52E+00 at (1,17,20)
       Max VN number :  0.15E+00 at (17,1,14)
 
       Time Step    26300   June 15, 2026  19:20:13
       Step Size:  0.100E-01 s, Total Time:  263.00000 s
       Pressure Iterations: 2
       Maximum Velocity Error:  0.22E-01 on Mesh 1 at (24,12,19)
       Maximum Pressure Error:  0.90E+02 on Mesh 1 at (21,9,20)
       ---------------------------------------------------------------
       Mesh    1
       Max CFL number:  0.58E+00 at (23,13,16)
       Max divergence:  0.53E+01 at (22,13,16)
       Min divergence: -0.14E+01 at (22,13,20)
       Max VN number :  0.32E+00 at (22,10,20)
       Mesh    2
       Max CFL number:  0.27E+00 at (4,3,20)
       Max divergence:  0.32E+00 at (2,12,19)
       Min divergence: -0.41E+00 at (1,15,20)
       Max VN number :  0.19E+00 at (11,1,13)
 
       Time Step    26400   June 15, 2026  19:20:22
       Step Size:  0.100E-01 s, Total Time:  264.00000 s
       Pressure Iterations: 2
       Maximum Velocity Error:  0.17E-01 on Mesh 1 at (24,13,14)
       Maximum Pressure Error:  0.98E+02 on Mesh 1 at (23,13,13)
       ---------------------------------------------------------------
       Mesh    1
       Max CFL number:  0.55E+00 at (20,13,17)
       Max divergence:  0.46E+01 at (20,13,16)
       Min divergence: -0.15E+01 at (22,12,20)
       Max VN number :  0.40E+00 at (21,11,20)
       Mesh    2
       Max CFL number:  0.20E+00 at (1,15,20)
       Max divergence:  0.37E+00 at (1,13,13)
       Min divergence: -0.30E+00 at (1,15,20)
       Max VN number :  0.18E+00 at (17,1,13)
 
       Time Step    26500   June 15, 2026  19:20:32
       Step Size:  0.100E-01 s, Total Time:  265.00000 s
       Pressure Iterations: 2
       Maximum Velocity Error:  0.45E-01 on Mesh 1 at (22,13,2)
       Maximum Pressure Error:  0.70E+03 on Mesh 1 at (22,13,2)
       ---------------------------------------------------------------
       Mesh    1
       Max CFL number:  0.55E+00 at (22,13,16)
       Max divergence:  0.39E+01 at (21,13,16)
       Min divergence: -0.16E+01 at (22,13,19)
       Max VN number :  0.30E+00 at (23,3,20)
       Mesh    2
       Max CFL number:  0.27E+00 at (1,14,20)
       Max divergence:  0.58E+00 at (1,13,19)
       Min divergence: -0.46E+00 at (1,14,20)
       Max VN number :  0.19E+00 at (2,2,20)
 
       Time Step    26600   June 15, 2026  19:20:41
       Step Size:  0.100E-01 s, Total Time:  266.00000 s
       Pressure Iterations: 1
       Maximum Velocity Error:  0.55E-01 on Mesh 1 at (22,13,14)
       Maximum Pressure Error:  0.13E+03 on Mesh 1 at (22,13,14)
       ---------------------------------------------------------------
       Mesh    1
       Max CFL number:  0.53E+00 at (20,13,17)
       Max divergence:  0.60E+01 at (20,13,16)
       Min divergence: -0.16E+01 at (21,13,18)
       Max VN number :  0.18E+00 at (21,16,16)
       Mesh    2
       Max CFL number:  0.25E+00 at (1,8,20)
       Max divergence:  0.30E+00 at (1,13,17)
       Min divergence: -0.40E+00 at (1,8,20)
       Max VN number :  0.15E+00 at (16,3,20)
 
       Time Step    26700   June 15, 2026  19:20:51
       Step Size:  0.100E-01 s, Total Time:  267.00000 s
       Pressure Iterations: 2
       Maximum Velocity Error:  0.38E-01 on Mesh 1 at (20,13,2)
       Maximum Pressure Error:  0.37E+03 on Mesh 1 at (20,13,2)
       ---------------------------------------------------------------
       Mesh    1
       Max CFL number:  0.58E+00 at (20,13,16)
       Max divergence:  0.65E+01 at (20,13,16)
       Min divergence: -0.20E+01 at (21,13,19)
       Max VN number :  0.24E+00 at (18,3,20)
       Mesh    2
       Max CFL number:  0.27E+00 at (3,9,20)
       Max divergence:  0.50E+00 at (1,12,19)
       Min divergence: -0.53E+00 at (1,18,20)
       Max VN number :  0.15E+00 at (24,2,20)
 
       Time Step    26800   June 15, 2026  19:21:00
       Step Size:  0.100E-01 s, Total Time:  268.00000 s
       Pressure Iterations: 2
       Maximum Velocity Error:  0.59E-01 on Mesh 1 at (24,13,16)
       Maximum Pressure Error:  0.19E+03 on Mesh 1 at (24,13,14)
       ---------------------------------------------------------------
       Mesh    1
       Max CFL number:  0.58E+00 at (24,13,15)
       Max divergence:  0.42E+01 at (21,13,15)
       Min divergence: -0.90E+00 at (21,13,20)
       Max VN number :  0.38E+00 at (23,13,15)
       Mesh    2
       Max CFL number:  0.35E+00 at (1,13,13)
       Max divergence:  0.12E+01 at (1,13,16)
       Min divergence: -0.61E+00 at (1,13,13)
       Max VN number :  0.14E+00 at (1,13,13)
 
       Time Step    26900   June 15, 2026  19:21:10
       Step Size:  0.100E-01 s, Total Time:  269.00000 s
       Pressure Iterations: 2
       Maximum Velocity Error:  0.43E-01 on Mesh 1 at (21,13,4)
       Maximum Pressure Error:  0.51E+03 on Mesh 1 at (21,13,4)
       ---------------------------------------------------------------
       Mesh    1
       Max CFL number:  0.56E+00 at (20,13,16)
       Max divergence:  0.75E+01 at (21,13,4)
       Min divergence: -0.16E+01 at (21,13,19)
       Max VN number :  0.29E+00 at (24,6,20)
       Mesh    2
       Max CFL number:  0.35E+00 at (1,6,20)
       Max divergence:  0.41E+00 at (1,11,19)
       Min divergence: -0.67E+00 at (1,6,20)
       Max VN number :  0.20E+00 at (11,1,12)
 
       Time Step    27000   June 15, 2026  19:21:19
       Step Size:  0.100E-01 s, Total Time:  270.00000 s
       Pressure Iterations: 1
       Maximum Velocity Error:  0.38E-01 on Mesh 1 at (24,12,20)
       Maximum Pressure Error:  0.58E+02 on Mesh 1 at (20,13,10)
       ---------------------------------------------------------------
       Mesh    1
       Max CFL number:  0.54E+00 at (22,13,17)
       Max divergence:  0.54E+01 at (22,13,16)
       Min divergence: -0.14E+01 at (22,13,20)
       Max VN number :  0.18E+00 at (19,14,15)
       Mesh    2
       Max CFL number:  0.25E+00 at (1,9,20)
       Max divergence:  0.38E+00 at (1,15,19)
       Min divergence: -0.27E+00 at (4,14,20)
       Max VN number :  0.24E+00 at (10,1,12)
 
       Time Step    27100   June 15, 2026  19:21:29
       Step Size:  0.100E-01 s, Total Time:  271.00000 s
       Pressure Iterations: 1
       Maximum Velocity Error:  0.36E-01 on Mesh 1 at (24,15,20)
       Maximum Pressure Error:  0.76E+02 on Mesh 1 at (21,13,14)
       ---------------------------------------------------------------
       Mesh    1
       Max CFL number:  0.54E+00 at (20,13,16)
       Max divergence:  0.46E+01 at (20,13,16)
       Min divergence: -0.13E+01 at (23,13,17)
       Max VN number :  0.35E+00 at (23,13,15)
       Mesh    2
       Max CFL number:  0.24E+00 at (1,12,20)
       Max divergence:  0.51E+00 at (1,13,16)
       Min divergence: -0.41E+00 at (1,12,20)
       Max VN number :  0.18E+00 at (20,1,13)
 
       Time Step    27200   June 15, 2026  19:21:38
       Step Size:  0.100E-01 s, Total Time:  272.00000 s
       Pressure Iterations: 2
       Maximum Velocity Error:  0.27E-01 on Mesh 1 at (24,13,16)
       Maximum Pressure Error:  0.54E+02 on Mesh 1 at (20,13,12)
       ---------------------------------------------------------------
       Mesh    1
       Max CFL number:  0.53E+00 at (21,13,16)
       Max divergence:  0.71E+01 at (21,13,16)
       Min divergence: -0.13E+01 at (22,13,19)
       Max VN number :  0.32E+00 at (22,2,20)
       Mesh    2
       Max CFL number:  0.24E+00 at (1,10,20)
       Max divergence:  0.31E+00 at (2,13,19)
       Min divergence: -0.48E+00 at (1,17,20)
       Max VN number :  0.19E+00 at (8,2,20)
 
       Time Step    27300   June 15, 2026  19:21:47
       Step Size:  0.100E-01 s, Total Time:  273.00000 s
       Pressure Iterations: 2
       Maximum Velocity Error:  0.63E-01 on Mesh 1 at (24,13,18)
       Maximum Pressure Error:  0.20E+03 on Mesh 1 at (23,13,15)
       ---------------------------------------------------------------
       Mesh    1
       Max CFL number:  0.61E+00 at (24,13,19)
       Max divergence:  0.47E+01 at (23,13,15)
       Min divergence: -0.17E+01 at (22,13,19)
       Max VN number :  0.19E+00 at (23,13,18)
       Mesh    2
       Max CFL number:  0.50E+00 at (1,13,20)
       Max divergence:  0.60E+00 at (1,14,17)
       Min divergence: -0.11E+01 at (1,13,19)
       Max VN number :  0.19E+00 at (14,3,20)
 
       Time Step    27400   June 15, 2026  19:21:58
       Step Size:  0.100E-01 s, Total Time:  274.00000 s
       Pressure Iterations: 2
       Maximum Velocity Error:  0.20E-01 on Mesh 1 at (24,12,20)
       Maximum Pressure Error:  0.55E+02 on Mesh 1 at (22,13,19)
       ---------------------------------------------------------------
       Mesh    1
       Max CFL number:  0.54E+00 at (22,13,17)
       Max divergence:  0.45E+01 at (23,13,16)
       Min divergence: -0.13E+01 at (22,11,20)
       Max VN number :  0.26E+00 at (23,11,20)
       Mesh    2
       Max CFL number:  0.30E+00 at (2,5,20)
       Max divergence:  0.52E+00 at (1,13,8)
       Min divergence: -0.52E+00 at (1,10,20)
       Max VN number :  0.23E+00 at (5,7,20)
 
       Time Step    27500   June 15, 2026  19:22:07
       Step Size:  0.100E-01 s, Total Time:  275.00000 s
       Pressure Iterations: 1
       Maximum Velocity Error:  0.64E-01 on Mesh 2 at (0,24,20)
       Maximum Pressure Error:  0.95E+02 on Mesh 1 at (21,13,14)
       ---------------------------------------------------------------
       Mesh    1
       Max CFL number:  0.54E+00 at (21,13,17)
       Max divergence:  0.42E+01 at (20,13,16)
       Min divergence: -0.16E+01 at (21,13,20)
       Max VN number :  0.16E+00 at (21,13,19)
       Mesh    2
       Max CFL number:  0.26E+00 at (1,20,20)
       Max divergence:  0.34E+00 at (1,13,17)
       Min divergence: -0.46E+00 at (1,16,20)
       Max VN number :  0.20E+00 at (4,2,20)
 
       Time Step    27600   June 15, 2026  19:22:16
       Step Size:  0.100E-01 s, Total Time:  276.00000 s
       Pressure Iterations: 2
       Maximum Velocity Error:  0.38E-01 on Mesh 1 at (24,12,19)
       Maximum Pressure Error:  0.95E+02 on Mesh 1 at (23,13,14)
       ---------------------------------------------------------------
       Mesh    1
       Max CFL number:  0.52E+00 at (23,13,16)
       Max divergence:  0.50E+01 at (20,13,2)
       Min divergence: -0.16E+01 at (22,13,20)
       Max VN number :  0.29E+00 at (22,15,16)
       Mesh    2
       Max CFL number:  0.33E+00 at (1,13,20)
       Max divergence:  0.65E+00 at (1,14,19)
       Min divergence: -0.58E+00 at (2,12,20)
       Max VN number :  0.16E+00 at (2,1,19)
 
       Time Step    27700   June 15, 2026  19:22:26
       Step Size:  0.100E-01 s, Total Time:  277.00000 s
       Pressure Iterations: 1
       Maximum Velocity Error:  0.41E-01 on Mesh 1 at (24,13,15)
       Maximum Pressure Error:  0.52E+02 on Mesh 1 at (22,11,20)
       ---------------------------------------------------------------
       Mesh    1
       Max CFL number:  0.52E+00 at (23,13,16)
       Max divergence:  0.67E+01 at (21,13,16)
       Min divergence: -0.14E+01 at (22,13,19)
       Max VN number :  0.35E+00 at (22,12,20)
       Mesh    2
       Max CFL number:  0.21E+00 at (1,15,20)
       Max divergence:  0.43E+00 at (1,13,19)
       Min divergence: -0.40E+00 at (2,13,20)
       Max VN number :  0.15E+00 at (18,1,14)
 
       Time Step    27800   June 15, 2026  19:22:35
       Step Size:  0.100E-01 s, Total Time:  278.00000 s
       Pressure Iterations: 2
       Maximum Velocity Error:  0.56E-01 on Mesh 1 at (24,13,16)
       Maximum Pressure Error:  0.24E+03 on Mesh 1 at (23,13,9)
       ---------------------------------------------------------------
       Mesh    1
       Max CFL number:  0.53E+00 at (24,13,14)
       Max divergence:  0.50E+01 at (21,13,16)
       Min divergence: -0.12E+01 at (21,13,20)
       Max VN number :  0.19E+00 at (23,16,16)
       Mesh    2
       Max CFL number:  0.32E+00 at (1,13,15)
       Max divergence:  0.50E+00 at (1,13,14)
       Min divergence: -0.34E+00 at (2,16,20)
       Max VN number :  0.30E+00 at (2,13,14)
 
       Time Step    27900   June 15, 2026  19:22:45
       Step Size:  0.100E-01 s, Total Time:  279.00000 s
       Pressure Iterations: 2
       Maximum Velocity Error:  0.18E-01 on Mesh 1 at (23,13,15)
       Maximum Pressure Error:  0.22E+03 on Mesh 1 at (23,13,17)
       ---------------------------------------------------------------
       Mesh    1
       Max CFL number:  0.66E+00 at (23,13,16)
       Max divergence:  0.58E+01 at (22,13,2)
       Min divergence: -0.83E+00 at (21,13,20)
       Max VN number :  0.24E+00 at (23,13,16)
       Mesh    2
       Max CFL number:  0.25E+00 at (2,26,20)
       Max divergence:  0.58E+00 at (1,13,16)
       Min divergence: -0.56E+00 at (2,17,20)
       Max VN number :  0.17E+00 at (3,2,20)
 
       Time Step    28000   June 15, 2026  19:22:54
       Step Size:  0.100E-01 s, Total Time:  280.00000 s
       Pressure Iterations: 1
       Maximum Velocity Error:  0.59E-01 on Mesh 1 at (24,13,20)
       Maximum Pressure Error:  0.72E+02 on Mesh 1 at (21,12,20)
       ---------------------------------------------------------------
       Mesh    1
       Max CFL number:  0.54E+00 at (20,13,16)
       Max divergence:  0.53E+01 at (20,13,16)
       Min divergence: -0.15E+01 at (21,13,20)
       Max VN number :  0.18E+00 at (5,24,20)
       Mesh    2
       Max CFL number:  0.28E+00 at (1,13,20)
       Max divergence:  0.34E+00 at (1,13,19)
       Min divergence: -0.32E+00 at (1,19,20)
       Max VN number :  0.21E+00 at (2,13,15)
 
       Time Step    28100   June 15, 2026  19:23:08
       Step Size:  0.100E-01 s, Total Time:  281.00000 s
       Pressure Iterations: 1
       Maximum Velocity Error:  0.63E-01 on Mesh 1 at (21,13,14)
       Maximum Pressure Error:  0.15E+03 on Mesh 1 at (21,13,14)
       ---------------------------------------------------------------
       Mesh    1
       Max CFL number:  0.51E+00 at (21,13,17)
       Max divergence:  0.52E+01 at (20,13,16)
       Min divergence: -0.13E+01 at (22,13,20)
       Max VN number :  0.18E+00 at (22,2,20)
       Mesh    2
       Max CFL number:  0.28E+00 at (9,1,20)
       Max divergence:  0.60E+00 at (1,13,19)
       Min divergence: -0.39E+00 at (4,17,20)
       Max VN number :  0.17E+00 at (12,2,20)
 
       Time Step    28200   June 15, 2026  19:23:57
       Step Size:  0.100E-01 s, Total Time:  282.00000 s
       Pressure Iterations: 1
       Maximum Velocity Error:  0.33E-01 on Mesh 1 at (24,13,15)
       Maximum Pressure Error:  0.67E+02 on Mesh 1 at (22,13,15)
       ---------------------------------------------------------------
       Mesh    1
       Max CFL number:  0.60E+00 at (22,13,16)
       Max divergence:  0.56E+01 at (23,13,16)
       Min divergence: -0.14E+01 at (21,13,19)
       Max VN number :  0.30E+00 at (21,16,16)
       Mesh    2
       Max CFL number:  0.26E+00 at (8,12,20)
       Max divergence:  0.36E+00 at (1,13,16)
       Min divergence: -0.35E+00 at (1,16,20)
       Max VN number :  0.18E+00 at (9,10,20)
 
       Time Step    28300   June 15, 2026  19:24:24
       Step Size:  0.100E-01 s, Total Time:  283.00000 s
       Pressure Iterations: 2
       Maximum Velocity Error:  0.35E-01 on Mesh 1 at (24,12,15)
       Maximum Pressure Error:  0.13E+03 on Mesh 1 at (23,13,18)
       ---------------------------------------------------------------
       Mesh    1
       Max CFL number:  0.52E+00 at (21,13,16)
       Max divergence:  0.84E+01 at (23,13,15)
       Min divergence: -0.14E+01 at (21,13,20)
       Max VN number :  0.23E+00 at (23,13,15)
       Mesh    2
       Max CFL number:  0.33E+00 at (1,13,16)
       Max divergence:  0.51E+00 at (1,13,15)
       Min divergence: -0.87E+00 at (2,13,16)
       Max VN number :  0.36E+00 at (2,13,15)
 
       Time Step    28400   June 15, 2026  19:24:55
       Step Size:  0.100E-01 s, Total Time:  284.00000 s
       Pressure Iterations: 1
       Maximum Velocity Error:  0.44E-01 on Mesh 1 at (24,13,20)
       Maximum Pressure Error:  0.76E+02 on Mesh 1 at (21,8,20)
       ---------------------------------------------------------------
       Mesh    1
       Max CFL number:  0.52E+00 at (22,13,17)
       Max divergence:  0.60E+01 at (23,13,16)
       Min divergence: -0.10E+01 at (22,13,20)
       Max VN number :  0.19E+00 at (6,2,20)
       Mesh    2
       Max CFL number:  0.26E+00 at (1,13,20)
       Max divergence:  0.55E+00 at (1,13,3)
       Min divergence: -0.50E+00 at (1,15,20)
       Max VN number :  0.17E+00 at (9,2,20)
 
       Time Step    28500   June 15, 2026  19:25:27
       Step Size:  0.100E-01 s, Total Time:  285.00000 s
       Pressure Iterations: 2
       Maximum Velocity Error:  0.23E-01 on Mesh 1 at (24,10,19)
       Maximum Pressure Error:  0.75E+02 on Mesh 1 at (22,13,17)
       ---------------------------------------------------------------
       Mesh    1
       Max CFL number:  0.53E+00 at (21,13,16)
       Max divergence:  0.56E+01 at (21,13,16)
       Min divergence: -0.11E+01 at (21,13,19)
       Max VN number :  0.26E+00 at (23,31,20)
       Mesh    2
       Max CFL number:  0.32E+00 at (1,11,20)
       Max divergence:  0.63E+00 at (2,12,19)
       Min divergence: -0.10E+01 at (1,11,20)
       Max VN number :  0.23E+00 at (1,32,20)
 
       Time Step    28600   June 15, 2026  19:25:45
       Step Size:  0.100E-01 s, Total Time:  286.00000 s
       Pressure Iterations: 2
       Maximum Velocity Error:  0.28E-01 on Mesh 1 at (24,12,13)
       Maximum Pressure Error:  0.19E+03 on Mesh 1 at (22,13,6)
       ---------------------------------------------------------------
       Mesh    1
       Max CFL number:  0.50E+00 at (23,13,12)
       Max divergence:  0.88E+01 at (23,13,12)
       Min divergence: -0.13E+01 at (22,13,20)
       Max VN number :  0.30E+00 at (21,16,16)
       Mesh    2
       Max CFL number:  0.26E+00 at (1,3,20)
       Max divergence:  0.64E+00 at (1,12,14)
       Min divergence: -0.36E+00 at (1,4,20)
       Max VN number :  0.16E+00 at (8,30,20)
 
       Time Step    28700   June 15, 2026  19:25:56
       Step Size:  0.100E-01 s, Total Time:  287.00000 s
       Pressure Iterations: 1
       Maximum Velocity Error:  0.46E-01 on Mesh 1 at (24,9,20)
       Maximum Pressure Error:  0.79E+02 on Mesh 1 at (21,13,15)
       ---------------------------------------------------------------
       Mesh    1
       Max CFL number:  0.55E+00 at (23,13,17)
       Max divergence:  0.70E+01 at (21,13,15)
       Min divergence: -0.19E+01 at (20,12,20)
       Max VN number :  0.37E+00 at (20,12,20)
       Mesh    2
       Max CFL number:  0.23E+00 at (4,2,20)
       Max divergence:  0.51E+00 at (1,13,8)
       Min divergence: -0.37E+00 at (1,16,20)
       Max VN number :  0.17E+00 at (18,3,20)
 
       Time Step    28800   June 15, 2026  19:26:09
       Step Size:  0.100E-01 s, Total Time:  288.00000 s
       Pressure Iterations: 2
       Maximum Velocity Error:  0.44E-01 on Mesh 1 at (20,13,2)
       Maximum Pressure Error:  0.45E+03 on Mesh 1 at (20,13,2)
       ---------------------------------------------------------------
       Mesh    1
       Max CFL number:  0.52E+00 at (20,13,16)
       Max divergence:  0.72E+01 at (20,13,2)
       Min divergence: -0.93E+00 at (21,13,20)
       Max VN number :  0.31E+00 at (22,2,20)
       Mesh    2
       Max CFL number:  0.33E+00 at (2,13,20)
       Max divergence:  0.50E+00 at (2,11,19)
       Min divergence: -0.88E+00 at (1,10,20)
       Max VN number :  0.20E+00 at (1,11,20)
 
       Time Step    28900   June 15, 2026  19:26:21
       Step Size:  0.100E-01 s, Total Time:  289.00000 s
       Pressure Iterations: 1
       Maximum Velocity Error:  0.71E-01 on Mesh 1 at (24,12,20)
       Maximum Pressure Error:  0.86E+02 on Mesh 1 at (20,14,15)
       ---------------------------------------------------------------
       Mesh    1
       Max CFL number:  0.58E+00 at (22,13,16)
       Max divergence:  0.74E+01 at (22,13,16)
       Min divergence: -0.12E+01 at (22,9,20)
       Max VN number :  0.17E+00 at (24,13,5)
       Mesh    2
       Max CFL number:  0.31E+00 at (4,5,20)
       Max divergence:  0.47E+00 at (1,12,19)
       Min divergence: -0.46E+00 at (3,22,20)
       Max VN number :  0.21E+00 at (16,2,20)
 
       Time Step    29000   June 15, 2026  19:26:33
       Step Size:  0.100E-01 s, Total Time:  290.00000 s
       Pressure Iterations: 2
       Maximum Velocity Error:  0.16E-01 on Mesh 1 at (23,13,6)
       Maximum Pressure Error:  0.14E+03 on Mesh 1 at (23,13,6)
       ---------------------------------------------------------------
       Mesh    1
       Max CFL number:  0.50E+00 at (23,13,10)
       Max divergence:  0.43E+01 at (23,13,6)
       Min divergence: -0.86E+00 at (21,13,20)
       Max VN number :  0.32E+00 at (21,13,20)
       Mesh    2
       Max CFL number:  0.21E+00 at (9,9,20)
       Max divergence:  0.81E+00 at (1,13,11)
       Min divergence: -0.39E+00 at (1,13,20)
       Max VN number :  0.18E+00 at (16,1,13)
 
       Time Step    29100   June 15, 2026  19:26:44
       Step Size:  0.100E-01 s, Total Time:  291.00000 s
       Pressure Iterations: 2
       Maximum Velocity Error:  0.40E-01 on Mesh 1 at (24,13,18)
       Maximum Pressure Error:  0.26E+03 on Mesh 1 at (20,13,5)
       ---------------------------------------------------------------
       Mesh    1
       Max CFL number:  0.53E+00 at (22,13,16)
       Max divergence:  0.62E+01 at (22,13,16)
       Min divergence: -0.10E+01 at (24,13,19)
       Max VN number :  0.20E+00 at (18,16,16)
       Mesh    2
       Max CFL number:  0.28E+00 at (1,1,20)
       Max divergence:  0.71E+00 at (1,13,19)
       Min divergence: -0.43E+00 at (1,9,20)
       Max VN number :  0.21E+00 at (2,2,20)
 
       Time Step    29200   June 15, 2026  19:26:53
       Step Size:  0.100E-01 s, Total Time:  292.00000 s
       Pressure Iterations: 1
       Maximum Velocity Error:  0.68E-01 on Mesh 1 at (24,13,20)
       Maximum Pressure Error:  0.12E+03 on Mesh 1 at (21,14,15)
       ---------------------------------------------------------------
       Mesh    1
       Max CFL number:  0.49E+00 at (22,13,16)
       Max divergence:  0.57E+01 at (23,13,16)
       Min divergence: -0.12E+01 at (23,15,20)
       Max VN number :  0.22E+00 at (21,2,20)
       Mesh    2
       Max CFL number:  0.32E+00 at (1,12,20)
       Max divergence:  0.48E+00 at (2,12,19)
       Min divergence: -0.52E+00 at (1,21,20)
       Max VN number :  0.23E+00 at (3,2,20)
 
       Time Step    29300   June 15, 2026  19:27:03
       Step Size:  0.100E-01 s, Total Time:  293.00000 s
       Pressure Iterations: 1
       Maximum Velocity Error:  0.53E-01 on Mesh 1 at (24,12,20)
       Maximum Pressure Error:  0.52E+02 on Mesh 1 at (23,12,20)
       ---------------------------------------------------------------
       Mesh    1
       Max CFL number:  0.52E+00 at (22,13,17)
       Max divergence:  0.39E+01 at (23,13,16)
       Min divergence: -0.90E+00 at (22,5,20)
       Max VN number :  0.30E+00 at (23,5,20)
       Mesh    2
       Max CFL number:  0.31E+00 at (1,12,20)
       Max divergence:  0.72E+00 at (1,13,19)
       Min divergence: -0.60E+00 at (3,12,20)
       Max VN number :  0.17E+00 at (23,3,20)
 
       Time Step    29400   June 15, 2026  19:27:12
       Step Size:  0.100E-01 s, Total Time:  294.00000 s
       Pressure Iterations: 1
       Maximum Velocity Error:  0.66E-01 on Mesh 1 at (21,13,14)
       Maximum Pressure Error:  0.13E+03 on Mesh 1 at (21,13,14)
       ---------------------------------------------------------------
       Mesh    1
       Max CFL number:  0.54E+00 at (22,13,20)
       Max divergence:  0.59E+01 at (20,13,16)
       Min divergence: -0.14E+01 at (21,13,19)
       Max VN number :  0.23E+00 at (14,13,20)
       Mesh    2
       Max CFL number:  0.23E+00 at (7,13,20)
       Max divergence:  0.39E+00 at (1,13,19)
       Min divergence: -0.44E+00 at (1,17,20)
       Max VN number :  0.16E+00 at (24,2,20)
 
       Time Step    29500   June 15, 2026  19:27:22
       Step Size:  0.100E-01 s, Total Time:  295.00000 s
       Pressure Iterations: 2
       Maximum Velocity Error:  0.45E-01 on Mesh 1 at (23,13,12)
       Maximum Pressure Error:  0.62E+03 on Mesh 1 at (23,13,12)
       ---------------------------------------------------------------
       Mesh    1
       Max CFL number:  0.54E+00 at (22,12,18)
       Max divergence:  0.45E+01 at (20,13,16)
       Min divergence: -0.89E+00 at (24,14,20)
       Max VN number :  0.23E+00 at (20,2,20)
       Mesh    2
       Max CFL number:  0.33E+00 at (1,11,20)
       Max divergence:  0.57E+00 at (2,11,19)
       Min divergence: -0.82E+00 at (1,15,20)
       Max VN number :  0.17E+00 at (24,4,20)
 
       Time Step    29600   June 15, 2026  19:27:31
       Step Size:  0.100E-01 s, Total Time:  296.00000 s
       Pressure Iterations: 1
       Maximum Velocity Error:  0.64E-01 on Mesh 1 at (24,19,20)
       Maximum Pressure Error:  0.90E+02 on Mesh 1 at (22,13,13)
       ---------------------------------------------------------------
       Mesh    1
       Max CFL number:  0.53E+00 at (20,13,16)
       Max divergence:  0.58E+01 at (20,13,16)
       Min divergence: -0.10E+01 at (21,15,20)
       Max VN number :  0.24E+00 at (24,15,16)
       Mesh    2
       Max CFL number:  0.24E+00 at (1,10,20)
       Max divergence:  0.33E+00 at (1,17,19)
       Min divergence: -0.65E+00 at (1,16,20)
       Max VN number :  0.18E+00 at (6,7,20)
 
       Time Step    29700   June 15, 2026  19:27:41
       Step Size:  0.100E-01 s, Total Time:  297.00000 s
       Pressure Iterations: 2
       Maximum Velocity Error:  0.25E-01 on Mesh 1 at (24,10,19)
       Maximum Pressure Error:  0.97E+02 on Mesh 1 at (23,13,20)
       ---------------------------------------------------------------
       Mesh    1
       Max CFL number:  0.51E+00 at (22,12,17)
       Max divergence:  0.47E+01 at (21,13,16)
       Min divergence: -0.76E+00 at (24,10,20)
       Max VN number :  0.21E+00 at (21,15,16)
       Mesh    2
       Max CFL number:  0.30E+00 at (1,11,20)
       Max divergence:  0.86E+00 at (1,12,19)
       Min divergence: -0.89E+00 at (1,11,20)
       Max VN number :  0.20E+00 at (1,12,20)
 
       Time Step    29800   June 15, 2026  19:27:52
       Step Size:  0.100E-01 s, Total Time:  298.00000 s
       Pressure Iterations: 2
       Maximum Velocity Error:  0.25E-01 on Mesh 1 at (24,13,12)
       Maximum Pressure Error:  0.30E+03 on Mesh 1 at (22,13,13)
       ---------------------------------------------------------------
       Mesh    1
       Max CFL number:  0.60E+00 at (23,13,16)
       Max divergence:  0.49E+01 at (23,13,11)
       Min divergence: -0.11E+01 at (22,13,20)
       Max VN number :  0.28E+00 at (22,13,20)
       Mesh    2
       Max CFL number:  0.24E+00 at (1,12,20)
       Max divergence:  0.69E+00 at (1,13,14)
       Min divergence: -0.34E+00 at (2,12,20)
       Max VN number :  0.16E+00 at (21,4,20)
 
       Time Step    29900   June 15, 2026  19:28:03
       Step Size:  0.100E-01 s, Total Time:  299.00000 s
       Pressure Iterations: 2
       Maximum Velocity Error:  0.52E-01 on Mesh 1 at (20,13,10)
       Maximum Pressure Error:  0.87E+03 on Mesh 1 at (20,13,10)
       ---------------------------------------------------------------
       Mesh    1
       Max CFL number:  0.49E+00 at (20,13,17)
       Max divergence:  0.57E+01 at (20,13,10)
       Min divergence: -0.93E+00 at (23,11,20)
       Max VN number :  0.16E+00 at (20,13,17)
       Mesh    2
       Max CFL number:  0.27E+00 at (3,12,20)
       Max divergence:  0.34E+00 at (1,12,19)
       Min divergence: -0.78E+00 at (1,12,20)
       Max VN number :  0.14E+00 at (7,1,19)
 
       Time Step    30000   June 15, 2026  19:28:17
       Step Size:  0.100E-01 s, Total Time:  300.00000 s
       Pressure Iterations: 2
       Maximum Velocity Error:  0.41E-01 on Mesh 1 at (21,13,6)
       Maximum Pressure Error:  0.43E+03 on Mesh 1 at (21,13,6)
       ---------------------------------------------------------------
       Mesh    1
       Max CFL number:  0.56E+00 at (20,13,20)
       Max divergence:  0.54E+01 at (20,13,16)
       Min divergence: -0.88E+00 at (19,14,20)
       Max VN number :  0.20E+00 at (2,6,20)
       Mesh    2
       Max CFL number:  0.24E+00 at (1,14,20)
       Max divergence:  0.44E+00 at (1,13,14)
       Min divergence: -0.68E+00 at (1,13,11)
       Max VN number :  0.15E+00 at (10,1,11)
 
       Time Step    30100   June 15, 2026  19:28:27
       Step Size:  0.100E-01 s, Total Time:  301.00000 s
       Pressure Iterations: 2
       Maximum Velocity Error:  0.19E-01 on Mesh 1 at (24,4,19)
       Maximum Pressure Error:  0.54E+02 on Mesh 1 at (20,13,18)
       ---------------------------------------------------------------
       Mesh    1
       Max CFL number:  0.53E+00 at (20,13,16)
       Max divergence:  0.48E+01 at (20,13,16)
       Min divergence: -0.11E+01 at (23,14,20)
       Max VN number :  0.28E+00 at (23,5,20)
       Mesh    2
       Max CFL number:  0.27E+00 at (3,21,20)
       Max divergence:  0.38E+00 at (1,15,19)
       Min divergence: -0.60E+00 at (1,12,20)
       Max VN number :  0.17E+00 at (1,12,20)
 
       Time Step    30200   June 15, 2026  19:28:37
       Step Size:  0.100E-01 s, Total Time:  302.00000 s
       Pressure Iterations: 2
       Maximum Velocity Error:  0.69E-01 on Mesh 1 at (24,13,16)
       Maximum Pressure Error:  0.17E+03 on Mesh 1 at (23,13,10)
       ---------------------------------------------------------------
       Mesh    1
       Max CFL number:  0.60E+00 at (23,13,16)
       Max divergence:  0.73E+01 at (23,13,16)
       Min divergence: -0.99E+00 at (21,12,20)
       Max VN number :  0.28E+00 at (20,32,20)
       Mesh    2
       Max CFL number:  0.28E+00 at (1,13,17)
       Max divergence:  0.79E+00 at (1,13,15)
       Min divergence: -0.57E+00 at (2,13,15)
       Max VN number :  0.32E+00 at (2,13,15)
 
       Time Step    30300   June 15, 2026  19:28:48
       Step Size:  0.100E-01 s, Total Time:  303.00000 s
       Pressure Iterations: 1
       Maximum Velocity Error:  0.69E-01 on Mesh 1 at (24,7,20)
       Maximum Pressure Error:  0.67E+02 on Mesh 1 at (21,6,20)
       ---------------------------------------------------------------
       Mesh    1
       Max CFL number:  0.56E+00 at (20,13,17)
       Max divergence:  0.64E+01 at (20,13,16)
       Min divergence: -0.85E+00 at (20,13,20)
       Max VN number :  0.27E+00 at (23,2,20)
       Mesh    2
       Max CFL number:  0.26E+00 at (1,7,20)
       Max divergence:  0.25E+00 at (1,14,19)
       Min divergence: -0.46E+00 at (1,14,20)
       Max VN number :  0.20E+00 at (1,2,20)
 
       Time Step    30400   June 15, 2026  19:28:59
       Step Size:  0.100E-01 s, Total Time:  304.00000 s
       Pressure Iterations: 3
       Maximum Velocity Error:  0.41E-01 on Mesh 1 at (24,13,18)
       Maximum Pressure Error:  0.76E+02 on Mesh 2 at (1,13,20)
       ---------------------------------------------------------------
       Mesh    1
       Max CFL number:  0.53E+00 at (23,13,17)
       Max divergence:  0.44E+01 at (20,13,16)
       Min divergence: -0.90E+00 at (21,17,20)
       Max VN number :  0.21E+00 at (19,15,11)
       Mesh    2
       Max CFL number:  0.39E+00 at (1,13,20)
       Max divergence:  0.97E+00 at (1,13,18)
       Min divergence: -0.69E+00 at (1,13,19)
       Max VN number :  0.17E+00 at (17,32,20)
 
       Time Step    30500   June 15, 2026  19:29:14
       Step Size:  0.100E-01 s, Total Time:  305.00000 s
       Pressure Iterations: 1
       Maximum Velocity Error:  0.70E-01 on Mesh 1 at (24,13,15)
       Maximum Pressure Error:  0.11E+03 on Mesh 1 at (21,13,14)
       ---------------------------------------------------------------
       Mesh    1
       Max CFL number:  0.51E+00 at (23,13,17)
       Max divergence:  0.63E+01 at (23,13,14)
       Min divergence: -0.10E+01 at (20,14,20)
       Max VN number :  0.33E+00 at (19,14,11)
       Mesh    2
       Max CFL number:  0.24E+00 at (2,7,20)
       Max divergence:  0.39E+00 at (1,12,19)
       Min divergence: -0.45E+00 at (5,16,20)
       Max VN number :  0.16E+00 at (18,1,15)
 
       Time Step    30600   June 15, 2026  19:29:26
       Step Size:  0.100E-01 s, Total Time:  306.00000 s
       Pressure Iterations: 1
       Maximum Velocity Error:  0.58E-01 on Mesh 1 at (24,22,20)
       Maximum Pressure Error:  0.12E+03 on Mesh 1 at (20,12,20)
       ---------------------------------------------------------------
       Mesh    1
       Max CFL number:  0.56E+00 at (20,13,17)
       Max divergence:  0.43E+01 at (23,13,11)
       Min divergence: -0.91E+00 at (21,11,20)
       Max VN number :  0.21E+00 at (23,2,20)
       Mesh    2
       Max CFL number:  0.24E+00 at (8,11,20)
       Max divergence:  0.35E+00 at (1,12,19)
       Min divergence: -0.54E+00 at (1,15,20)
       Max VN number :  0.16E+00 at (11,2,20)
 
       Time Step    30700   June 15, 2026  19:29:38
       Step Size:  0.100E-01 s, Total Time:  307.00000 s
       Pressure Iterations: 2
       Maximum Velocity Error:  0.45E-01 on Mesh 1 at (23,13,12)
       Maximum Pressure Error:  0.49E+03 on Mesh 1 at (23,13,12)
       ---------------------------------------------------------------
       Mesh    1
       Max CFL number:  0.51E+00 at (23,13,14)
       Max divergence:  0.68E+01 at (21,13,11)
       Min divergence: -0.88E+00 at (22,13,13)
       Max VN number :  0.20E+00 at (24,13,4)
       Mesh    2
       Max CFL number:  0.31E+00 at (1,9,20)
       Max divergence:  0.51E+00 at (1,13,5)
       Min divergence: -0.53E+00 at (2,9,20)
       Max VN number :  0.21E+00 at (2,10,20)
 
       Time Step    30800   June 15, 2026  19:29:49
       Step Size:  0.100E-01 s, Total Time:  308.00000 s
       Pressure Iterations: 2
       Maximum Velocity Error:  0.38E-01 on Mesh 1 at (24,13,16)
       Maximum Pressure Error:  0.16E+03 on Mesh 1 at (21,13,10)
       ---------------------------------------------------------------
       Mesh    1
       Max CFL number:  0.49E+00 at (20,13,16)
       Max divergence:  0.58E+01 at (20,13,16)
       Min divergence: -0.12E+01 at (21,13,20)
       Max VN number :  0.30E+00 at (21,11,20)
       Mesh    2
       Max CFL number:  0.34E+00 at (1,13,20)
       Max divergence:  0.82E+00 at (1,13,19)
       Min divergence: -0.66E+00 at (1,17,20)
       Max VN number :  0.13E+00 at (6,2,20)
 
       Time Step    30900   June 15, 2026  19:30:01
       Step Size:  0.100E-01 s, Total Time:  309.00000 s
       Pressure Iterations: 2
       Maximum Velocity Error:  0.29E-01 on Mesh 1 at (22,13,7)
       Maximum Pressure Error:  0.43E+03 on Mesh 1 at (22,13,7)
       ---------------------------------------------------------------
       Mesh    1
       Max CFL number:  0.54E+00 at (21,13,16)
       Max divergence:  0.55E+01 at (21,13,10)
       Min divergence: -0.88E+00 at (19,10,20)
       Max VN number :  0.37E+00 at (19,8,20)
       Mesh    2
       Max CFL number:  0.26E+00 at (1,2,20)
       Max divergence:  0.36E+00 at (1,13,4)
       Min divergence: -0.45E+00 at (2,2,20)
       Max VN number :  0.16E+00 at (23,6,20)
 
       Time Step    31000   June 15, 2026  19:30:13
       Step Size:  0.100E-01 s, Total Time:  310.00000 s
       Pressure Iterations: 1
       Maximum Velocity Error:  0.59E-01 on Mesh 1 at (24,12,20)
       Maximum Pressure Error:  0.27E+03 on Mesh 1 at (23,13,18)
       ---------------------------------------------------------------
       Mesh    1
       Max CFL number:  0.61E+00 at (23,13,16)
       Max divergence:  0.60E+01 at (21,13,16)
       Min divergence: -0.77E+00 at (21,16,20)
       Max VN number :  0.25E+00 at (23,13,17)
       Mesh    2
       Max CFL number:  0.28E+00 at (1,12,20)
       Max divergence:  0.49E+00 at (2,12,19)
       Min divergence: -0.54E+00 at (2,12,20)
       Max VN number :  0.15E+00 at (20,1,13)
 
       Time Step    31100   June 15, 2026  19:30:25
       Step Size:  0.100E-01 s, Total Time:  311.00000 s
       Pressure Iterations: 1
       Maximum Velocity Error:  0.41E-01 on Mesh 1 at (24,14,20)
       Maximum Pressure Error:  0.61E+02 on Mesh 1 at (23,13,20)
       ---------------------------------------------------------------
       Mesh    1
       Max CFL number:  0.51E+00 at (21,13,17)
       Max divergence:  0.49E+01 at (20,13,16)
       Min divergence: -0.52E+00 at (19,12,20)
       Max VN number :  0.19E+00 at (8,1,11)
       Mesh    2
       Max CFL number:  0.22E+00 at (1,16,20)
       Max divergence:  0.49E+00 at (1,13,3)
       Min divergence: -0.46E+00 at (7,7,20)
       Max VN number :  0.16E+00 at (13,1,14)
 
       Time Step    31200   June 15, 2026  19:30:37
       Step Size:  0.100E-01 s, Total Time:  312.00000 s
       Pressure Iterations: 2
       Maximum Velocity Error:  0.32E-01 on Mesh 1 at (21,13,2)
       Maximum Pressure Error:  0.35E+03 on Mesh 1 at (21,13,2)
       ---------------------------------------------------------------
       Mesh    1
       Max CFL number:  0.49E+00 at (21,13,18)
       Max divergence:  0.54E+01 at (21,13,2)
       Min divergence: -0.62E+00 at (24,13,20)
       Max VN number :  0.22E+00 at (24,13,5)
       Mesh    2
       Max CFL number:  0.24E+00 at (1,11,20)
       Max divergence:  0.57E+00 at (1,12,19)
       Min divergence: -0.42E+00 at (1,16,20)
       Max VN number :  0.16E+00 at (16,2,20)
 
       Time Step    31300   June 15, 2026  19:30:54
       Step Size:  0.100E-01 s, Total Time:  313.00000 s
       Pressure Iterations: 3
       Maximum Velocity Error:  0.23E-01 on Mesh 1 at (23,13,3)
       Maximum Pressure Error:  0.36E+03 on Mesh 1 at (23,13,3)
       ---------------------------------------------------------------
       Mesh    1
       Max CFL number:  0.60E+00 at (23,13,16)
       Max divergence:  0.62E+01 at (20,13,10)
       Min divergence: -0.11E+01 at (21,12,18)
       Max VN number :  0.22E+00 at (23,13,16)
       Mesh    2
       Max CFL number:  0.22E+00 at (8,12,20)
       Max divergence:  0.60E+00 at (1,12,19)
       Min divergence: -0.45E+00 at (1,13,20)
       Max VN number :  0.14E+00 at (12,1,12)
 
       Time Step    31400   June 15, 2026  19:31:07
       Step Size:  0.100E-01 s, Total Time:  314.00000 s
       Pressure Iterations: 2
       Maximum Velocity Error:  0.57E-01 on Mesh 1 at (24,13,18)
       Maximum Pressure Error:  0.26E+03 on Mesh 1 at (22,13,12)
       ---------------------------------------------------------------
       Mesh    1
       Max CFL number:  0.58E+00 at (24,13,20)
       Max divergence:  0.62E+01 at (20,13,16)
       Min divergence: -0.90E+00 at (20,10,20)
       Max VN number :  0.25E+00 at (19,12,20)
       Mesh    2
       Max CFL number:  0.30E+00 at (1,13,20)
       Max divergence:  0.10E+01 at (1,14,19)
       Min divergence: -0.83E+00 at (1,14,20)
       Max VN number :  0.18E+00 at (1,14,20)
 
       Time Step    31500   June 15, 2026  19:31:19
       Step Size:  0.100E-01 s, Total Time:  315.00000 s
       Pressure Iterations: 2
       Maximum Velocity Error:  0.33E-01 on Mesh 1 at (24,12,20)
       Maximum Pressure Error:  0.72E+02 on Mesh 1 at (20,13,18)
       ---------------------------------------------------------------
       Mesh    1
       Max CFL number:  0.53E+00 at (21,13,16)
       Max divergence:  0.64E+01 at (20,13,16)
       Min divergence: -0.10E+01 at (23,13,20)
       Max VN number :  0.25E+00 at (21,17,16)
       Mesh    2
       Max CFL number:  0.28E+00 at (1,11,20)
       Max divergence:  0.98E+00 at (1,13,19)
       Min divergence: -0.44E+00 at (5,24,20)
       Max VN number :  0.21E+00 at (24,2,20)
 
       Time Step    31600   June 15, 2026  19:31:29
       Step Size:  0.100E-01 s, Total Time:  316.00000 s
       Pressure Iterations: 2
       Maximum Velocity Error:  0.15E-01 on Mesh 1 at (23,13,12)
       Maximum Pressure Error:  0.17E+03 on Mesh 1 at (23,13,12)
       ---------------------------------------------------------------
       Mesh    1
       Max CFL number:  0.59E+00 at (22,13,18)
       Max divergence:  0.48E+01 at (20,13,14)
       Min divergence: -0.84E+00 at (19,12,18)
       Max VN number :  0.33E+00 at (24,2,20)
       Mesh    2
       Max CFL number:  0.24E+00 at (1,3,20)
       Max divergence:  0.43E+00 at (1,13,15)
       Min divergence: -0.39E+00 at (5,11,20)
       Max VN number :  0.19E+00 at (1,2,20)
 
       Time Step    31700   June 15, 2026  19:31:43
       Step Size:  0.100E-01 s, Total Time:  317.00000 s
       Pressure Iterations: 1
       Maximum Velocity Error:  0.51E-01 on Mesh 1 at (24,12,20)
       Maximum Pressure Error:  0.67E+02 on Mesh 1 at (22,13,9)
       ---------------------------------------------------------------
       Mesh    1
       Max CFL number:  0.53E+00 at (20,13,17)
       Max divergence:  0.41E+01 at (20,13,16)
       Min divergence: -0.76E+00 at (23,15,20)
       Max VN number :  0.33E+00 at (21,15,16)
       Mesh    2
       Max CFL number:  0.27E+00 at (2,9,20)
       Max divergence:  0.29E+00 at (4,10,19)
       Min divergence: -0.58E+00 at (5,11,20)
       Max VN number :  0.17E+00 at (20,32,20)
 
       Time Step    31800   June 15, 2026  19:32:01
       Step Size:  0.100E-01 s, Total Time:  318.00000 s
       Pressure Iterations: 1
       Maximum Velocity Error:  0.51E-01 on Mesh 1 at (24,12,14)
       Maximum Pressure Error:  0.44E+02 on Mesh 1 at (20,14,15)
       ---------------------------------------------------------------
       Mesh    1
       Max CFL number:  0.51E+00 at (22,13,14)
       Max divergence:  0.54E+01 at (20,13,16)
       Min divergence: -0.79E+00 at (21,14,20)
       Max VN number :  0.18E+00 at (17,15,16)
       Mesh    2
       Max CFL number:  0.27E+00 at (2,7,20)
       Max divergence:  0.46E+00 at (1,15,19)
       Min divergence: -0.72E+00 at (1,14,11)
       Max VN number :  0.19E+00 at (1,14,11)
 
       Time Step    31900   June 15, 2026  19:32:12
       Step Size:  0.100E-01 s, Total Time:  319.00000 s
       Pressure Iterations: 1
       Maximum Velocity Error:  0.47E-01 on Mesh 1 at (24,14,20)
       Maximum Pressure Error:  0.60E+02 on Mesh 1 at (22,13,5)
       ---------------------------------------------------------------
       Mesh    1
       Max CFL number:  0.50E+00 at (21,13,17)
       Max divergence:  0.51E+01 at (20,13,16)
       Min divergence: -0.99E+00 at (22,11,20)
       Max VN number :  0.34E+00 at (21,12,20)
       Mesh    2
       Max CFL number:  0.31E+00 at (7,12,20)
       Max divergence:  0.42E+00 at (1,15,19)
       Min divergence: -0.40E+00 at (8,14,20)
       Max VN number :  0.16E+00 at (19,1,13)
 
       Time Step    32000   June 15, 2026  19:32:23
       Step Size:  0.100E-01 s, Total Time:  320.00000 s
       Pressure Iterations: 1
       Maximum Velocity Error:  0.63E-01 on Mesh 1 at (24,12,20)
       Maximum Pressure Error:  0.69E+02 on Mesh 1 at (20,13,20)
       ---------------------------------------------------------------
       Mesh    1
       Max CFL number:  0.55E+00 at (20,13,17)
       Max divergence:  0.72E+01 at (20,13,16)
       Min divergence: -0.68E+00 at (19,12,20)
       Max VN number :  0.32E+00 at (20,16,16)
       Mesh    2
       Max CFL number:  0.28E+00 at (1,12,20)
       Max divergence:  0.32E+00 at (1,16,19)
       Min divergence: -0.56E+00 at (2,12,20)
       Max VN number :  0.14E+00 at (7,10,20)
 
       Time Step    32100   June 15, 2026  19:32:34
       Step Size:  0.100E-01 s, Total Time:  321.00000 s
       Pressure Iterations: 2
       Maximum Velocity Error:  0.38E-01 on Mesh 1 at (22,13,2)
       Maximum Pressure Error:  0.47E+03 on Mesh 1 at (22,13,2)
       ---------------------------------------------------------------
       Mesh    1
       Max CFL number:  0.50E+00 at (21,13,17)
       Max divergence:  0.57E+01 at (23,13,16)
       Min divergence: -0.96E+00 at (23,9,20)
       Max VN number :  0.22E+00 at (10,17,20)
       Mesh    2
       Max CFL number:  0.25E+00 at (1,11,20)
       Max divergence:  0.49E+00 at (1,13,19)
       Min divergence: -0.75E+00 at (1,11,20)
       Max VN number :  0.18E+00 at (23,19,20)
 
       Time Step    32200   June 15, 2026  19:32:44
       Step Size:  0.100E-01 s, Total Time:  322.00000 s
       Pressure Iterations: 2
       Maximum Velocity Error:  0.23E-01 on Mesh 1 at (20,13,14)
       Maximum Pressure Error:  0.29E+03 on Mesh 1 at (20,13,14)
       ---------------------------------------------------------------
       Mesh    1
       Max CFL number:  0.59E+00 at (20,13,16)
       Max divergence:  0.43E+01 at (20,13,16)
       Min divergence: -0.85E+00 at (18,9,20)
       Max VN number :  0.37E+00 at (20,15,16)
       Mesh    2
       Max CFL number:  0.23E+00 at (1,8,20)
       Max divergence:  0.40E+00 at (1,11,19)
       Min divergence: -0.46E+00 at (5,24,20)
       Max VN number :  0.16E+00 at (24,7,20)
 
       Time Step    32300   June 15, 2026  19:32:55
       Step Size:  0.100E-01 s, Total Time:  323.00000 s
       Pressure Iterations: 2
       Maximum Velocity Error:  0.25E-01 on Mesh 1 at (24,10,19)
       Maximum Pressure Error:  0.47E+02 on Mesh 1 at (20,13,20)
       ---------------------------------------------------------------
       Mesh    1
       Max CFL number:  0.54E+00 at (21,13,16)
       Max divergence:  0.37E+01 at (23,13,16)
       Min divergence: -0.68E+00 at (20,15,16)
       Max VN number :  0.35E+00 at (21,15,16)
       Mesh    2
       Max CFL number:  0.31E+00 at (1,10,20)
       Max divergence:  0.66E+00 at (1,12,19)
       Min divergence: -0.78E+00 at (1,8,20)
       Max VN number :  0.13E+00 at (21,1,14)
 
       Time Step    32400   June 15, 2026  19:33:06
       Step Size:  0.100E-01 s, Total Time:  324.00000 s
       Pressure Iterations: 2
       Maximum Velocity Error:  0.24E-01 on Mesh 1 at (23,13,2)
       Maximum Pressure Error:  0.27E+03 on Mesh 1 at (23,13,2)
       ---------------------------------------------------------------
       Mesh    1
       Max CFL number:  0.53E+00 at (22,13,16)
       Max divergence:  0.60E+01 at (23,13,2)
       Min divergence: -0.95E+00 at (21,13,18)
       Max VN number :  0.20E+00 at (19,14,11)
       Mesh    2
       Max CFL number:  0.28E+00 at (1,12,20)
       Max divergence:  0.48E+00 at (1,10,19)
       Min divergence: -0.58E+00 at (2,12,20)
       Max VN number :  0.11E+00 at (23,1,12)
 
       Time Step    32500   June 15, 2026  19:33:17
       Step Size:  0.100E-01 s, Total Time:  325.00000 s
       Pressure Iterations: 1
       Maximum Velocity Error:  0.27E-01 on Mesh 1 at (24,8,20)
       Maximum Pressure Error:  0.44E+02 on Mesh 1 at (20,14,15)
       ---------------------------------------------------------------
       Mesh    1
       Max CFL number:  0.49E+00 at (20,13,17)
       Max divergence:  0.54E+01 at (20,13,16)
       Min divergence: -0.67E+00 at (19,13,20)
       Max VN number :  0.20E+00 at (19,16,11)
       Mesh    2
       Max CFL number:  0.25E+00 at (1,13,20)
       Max divergence:  0.52E+00 at (1,11,19)
       Min divergence: -0.56E+00 at (1,10,20)
       Max VN number :  0.27E+00 at (1,32,20)
 
       Time Step    32600   June 15, 2026  19:33:28
       Step Size:  0.100E-01 s, Total Time:  326.00000 s
       Pressure Iterations: 2
       Maximum Velocity Error:  0.39E-01 on Mesh 1 at (24,13,16)
       Maximum Pressure Error:  0.37E+03 on Mesh 1 at (22,13,7)
       ---------------------------------------------------------------
       Mesh    1
       Max CFL number:  0.56E+00 at (23,12,15)
       Max divergence:  0.39E+01 at (23,13,1)
       Min divergence: -0.95E+00 at (21,19,20)
       Max VN number :  0.27E+00 at (20,16,16)
       Mesh    2
       Max CFL number:  0.33E+00 at (2,20,20)
       Max divergence:  0.96E+00 at (1,13,18)
       Min divergence: -0.71E+00 at (3,22,20)
       Max VN number :  0.21E+00 at (1,22,20)
 
       Time Step    32700   June 15, 2026  19:33:39
       Step Size:  0.100E-01 s, Total Time:  327.00000 s
       Pressure Iterations: 1
       Maximum Velocity Error:  0.53E-01 on Mesh 2 at (0,9,20)
       Maximum Pressure Error:  0.60E+02 on Mesh 1 at (20,14,15)
       ---------------------------------------------------------------
       Mesh    1
       Max CFL number:  0.48E+00 at (20,13,17)
       Max divergence:  0.39E+01 at (20,13,16)
       Min divergence: -0.69E+00 at (21,9,20)
       Max VN number :  0.22E+00 at (21,13,15)
       Mesh    2
       Max CFL number:  0.28E+00 at (3,10,20)
       Max divergence:  0.40E+00 at (1,15,19)
       Min divergence: -0.50E+00 at (5,11,20)
       Max VN number :  0.17E+00 at (4,11,20)
 
       Time Step    32800   June 15, 2026  19:33:49
       Step Size:  0.100E-01 s, Total Time:  328.00000 s
       Pressure Iterations: 2
       Maximum Velocity Error:  0.21E-01 on Mesh 1 at (24,13,10)
       Maximum Pressure Error:  0.92E+02 on Mesh 1 at (20,14,15)
       ---------------------------------------------------------------
       Mesh    1
       Max CFL number:  0.47E+00 at (20,13,20)
       Max divergence:  0.58E+01 at (23,13,9)
       Min divergence: -0.10E+01 at (17,14,20)
       Max VN number :  0.39E+00 at (21,12,20)
       Mesh    2
       Max CFL number:  0.25E+00 at (7,1,20)
       Max divergence:  0.66E+00 at (1,13,9)
       Min divergence: -0.41E+00 at (4,3,20)
       Max VN number :  0.16E+00 at (8,2,20)
 
       Time Step    32900   June 15, 2026  19:34:00
       Step Size:  0.100E-01 s, Total Time:  329.00000 s
       Pressure Iterations: 1
       Maximum Velocity Error:  0.70E-01 on Mesh 1 at (24,11,20)
       Maximum Pressure Error:  0.67E+02 on Mesh 1 at (18,14,15)
       ---------------------------------------------------------------
       Mesh    1
       Max CFL number:  0.49E+00 at (20,13,16)
       Max divergence:  0.50E+01 at (20,13,2)
       Min divergence: -0.77E+00 at (21,13,14)
       Max VN number :  0.22E+00 at (23,16,16)
       Mesh    2
       Max CFL number:  0.30E+00 at (1,7,20)
       Max divergence:  0.27E+00 at (1,11,19)
       Min divergence: -0.68E+00 at (3,17,20)
       Max VN number :  0.17E+00 at (24,2,20)
 
       Time Step    33000   June 15, 2026  19:34:12
       Step Size:  0.100E-01 s, Total Time:  330.00000 s
       Pressure Iterations: 1
       Maximum Velocity Error:  0.52E-01 on Mesh 1 at (23,13,10)
       Maximum Pressure Error:  0.11E+03 on Mesh 1 at (23,13,10)
       ---------------------------------------------------------------
       Mesh    1
       Max CFL number:  0.58E+00 at (23,13,18)
       Max divergence:  0.39E+01 at (23,13,15)
       Min divergence: -0.64E+00 at (18,15,20)
       Max VN number :  0.28E+00 at (21,2,20)
       Mesh    2
       Max CFL number:  0.27E+00 at (1,15,20)
       Max divergence:  0.40E+00 at (1,13,17)
       Min divergence: -0.51E+00 at (2,8,20)
       Max VN number :  0.16E+00 at (11,1,13)
 
       Time Step    33100   June 15, 2026  19:34:24
       Step Size:  0.100E-01 s, Total Time:  331.00000 s
       Pressure Iterations: 2
       Maximum Velocity Error:  0.28E-01 on Mesh 1 at (24,12,19)
       Maximum Pressure Error:  0.86E+02 on Mesh 1 at (23,14,15)
       ---------------------------------------------------------------
       Mesh    1
       Max CFL number:  0.48E+00 at (21,13,16)
       Max divergence:  0.54E+01 at (20,13,1)
       Min divergence: -0.61E+00 at (21,8,20)
       Max VN number :  0.26E+00 at (23,12,20)
       Mesh    2
       Max CFL number:  0.25E+00 at (1,16,20)
       Max divergence:  0.33E+00 at (1,12,19)
       Min divergence: -0.51E+00 at (2,17,20)
       Max VN number :  0.18E+00 at (17,1,13)
 
       Time Step    33200   June 15, 2026  19:34:35
       Step Size:  0.100E-01 s, Total Time:  332.00000 s
       Pressure Iterations: 1
       Maximum Velocity Error:  0.55E-01 on Mesh 1 at (24,13,20)
       Maximum Pressure Error:  0.89E+02 on Mesh 1 at (23,13,12)
       ---------------------------------------------------------------
       Mesh    1
       Max CFL number:  0.45E+00 at (22,13,15)
       Max divergence:  0.40E+01 at (23,13,4)
       Min divergence: -0.99E+00 at (21,13,13)
       Max VN number :  0.17E+00 at (24,13,3)
       Mesh    2
       Max CFL number:  0.28E+00 at (1,12,20)
       Max divergence:  0.60E+00 at (1,12,19)
       Min divergence: -0.50E+00 at (1,16,20)
       Max VN number :  0.14E+00 at (21,5,20)
 
       Time Step    33300   June 15, 2026  19:34:47
       Step Size:  0.100E-01 s, Total Time:  333.00000 s
       Pressure Iterations: 1
       Maximum Velocity Error:  0.64E-01 on Mesh 1 at (20,13,14)
       Maximum Pressure Error:  0.20E+03 on Mesh 1 at (20,13,18)
       ---------------------------------------------------------------
       Mesh    1
       Max CFL number:  0.61E+00 at (20,13,16)
       Max divergence:  0.72E+01 at (20,13,15)
       Min divergence: -0.66E+00 at (20,10,16)
       Max VN number :  0.30E+00 at (22,16,16)
       Mesh    2
       Max CFL number:  0.28E+00 at (1,11,20)
       Max divergence:  0.39E+00 at (1,11,19)
       Min divergence: -0.46E+00 at (3,5,20)
       Max VN number :  0.14E+00 at (24,1,14)
 
       Time Step    33400   June 15, 2026  19:34:59
       Step Size:  0.100E-01 s, Total Time:  334.00000 s
       Pressure Iterations: 1
       Maximum Velocity Error:  0.72E-01 on Mesh 1 at (22,13,3)
       Maximum Pressure Error:  0.19E+03 on Mesh 1 at (22,13,8)
       ---------------------------------------------------------------
       Mesh    1
       Max CFL number:  0.54E+00 at (23,13,18)
       Max divergence:  0.63E+01 at (23,13,3)
       Min divergence: -0.75E+00 at (16,9,20)
       Max VN number :  0.17E+00 at (22,13,8)
       Mesh    2
       Max CFL number:  0.24E+00 at (1,14,20)
       Max divergence:  0.61E+00 at (1,13,19)
       Min divergence: -0.56E+00 at (4,25,20)
       Max VN number :  0.17E+00 at (18,14,20)
 
       Time Step    33500   June 15, 2026  19:35:11
       Step Size:  0.100E-01 s, Total Time:  335.00000 s
       Pressure Iterations: 1
       Maximum Velocity Error:  0.38E-01 on Mesh 1 at (24,8,20)
       Maximum Pressure Error:  0.43E+02 on Mesh 1 at (22,9,20)
       ---------------------------------------------------------------
       Mesh    1
       Max CFL number:  0.48E+00 at (22,13,16)
       Max divergence:  0.44E+01 at (23,13,17)
       Min divergence: -0.65E+00 at (22,9,20)
       Max VN number :  0.23E+00 at (22,4,20)
       Mesh    2
       Max CFL number:  0.27E+00 at (1,10,20)
       Max divergence:  0.67E+00 at (1,12,19)
       Min divergence: -0.40E+00 at (7,11,20)
       Max VN number :  0.13E+00 at (17,1,14)
 
       Time Step    33600   June 15, 2026  19:35:22
       Step Size:  0.100E-01 s, Total Time:  336.00000 s
       Pressure Iterations: 1
       Maximum Velocity Error:  0.35E-01 on Mesh 1 at (24,14,20)
       Maximum Pressure Error:  0.71E+02 on Mesh 1 at (21,9,20)
       ---------------------------------------------------------------
       Mesh    1
       Max CFL number:  0.48E+00 at (22,13,16)
       Max divergence:  0.52E+01 at (20,13,16)
       Min divergence: -0.73E+00 at (21,10,20)
       Max VN number :  0.18E+00 at (22,17,16)
       Mesh    2
       Max CFL number:  0.27E+00 at (3,11,20)
       Max divergence:  0.44E+00 at (1,13,19)
       Min divergence: -0.39E+00 at (6,12,20)
       Max VN number :  0.15E+00 at (4,2,20)
 
       Time Step    33700   June 15, 2026  19:35:34
       Step Size:  0.100E-01 s, Total Time:  337.00000 s
       Pressure Iterations: 1
       Maximum Velocity Error:  0.48E-01 on Mesh 1 at (24,11,20)
       Maximum Pressure Error:  0.58E+02 on Mesh 1 at (20,13,10)
       ---------------------------------------------------------------
       Mesh    1
       Max CFL number:  0.49E+00 at (22,13,17)
       Max divergence:  0.33E+01 at (22,14,17)
       Min divergence: -0.52E+00 at (17,2,20)
       Max VN number :  0.27E+00 at (19,2,20)
       Mesh    2
       Max CFL number:  0.28E+00 at (1,12,20)
       Max divergence:  0.83E+00 at (1,13,19)
       Min divergence: -0.76E+00 at (2,11,20)
       Max VN number :  0.12E+00 at (1,12,20)
 
       Time Step    33800   June 15, 2026  19:35:47
       Step Size:  0.100E-01 s, Total Time:  338.00000 s
       Pressure Iterations: 1
       Maximum Velocity Error:  0.66E-01 on Mesh 1 at (24,13,20)
       Maximum Pressure Error:  0.62E+02 on Mesh 1 at (23,13,20)
       ---------------------------------------------------------------
       Mesh    1
       Max CFL number:  0.47E+00 at (20,13,20)
       Max divergence:  0.36E+01 at (20,13,16)
       Min divergence: -0.59E+00 at (17,15,20)
       Max VN number :  0.25E+00 at (21,16,16)
       Mesh    2
       Max CFL number:  0.31E+00 at (2,9,20)
       Max divergence:  0.74E+00 at (1,12,19)
       Min divergence: -0.64E+00 at (4,9,20)
       Max VN number :  0.18E+00 at (3,10,20)
 
       Time Step    33900   June 15, 2026  19:35:59
       Step Size:  0.100E-01 s, Total Time:  339.00000 s
       Pressure Iterations: 5
       Maximum Velocity Error:  0.66E-01 on Mesh 1 at (24,13,1)
       Maximum Pressure Error:  0.74E+03 on Mesh 1 at (22,13,1)
       ---------------------------------------------------------------
       Mesh    1
       Max CFL number:  0.47E+00 at (22,13,16)
       Max divergence:  0.47E+01 at (22,13,1)
       Min divergence: -0.53E+00 at (21,18,20)
       Max VN number :  0.19E+00 at (21,16,16)
       Mesh    2
       Max CFL number:  0.26E+00 at (1,15,20)
       Max divergence:  0.58E+00 at (1,12,19)
       Min divergence: -0.53E+00 at (2,9,20)
       Max VN number :  0.14E+00 at (23,1,13)
 
       Time Step    34000   June 15, 2026  19:36:09
       Step Size:  0.100E-01 s, Total Time:  340.00000 s
       Pressure Iterations: 2
       Maximum Velocity Error:  0.45E-01 on Mesh 1 at (22,13,4)
       Maximum Pressure Error:  0.66E+03 on Mesh 1 at (22,13,4)
       ---------------------------------------------------------------
       Mesh    1
       Max CFL number:  0.46E+00 at (21,13,18)
       Max divergence:  0.64E+01 at (22,13,4)
       Min divergence: -0.64E+00 at (18,10,20)
       Max VN number :  0.23E+00 at (22,15,16)
       Mesh    2
       Max CFL number:  0.25E+00 at (1,11,20)
       Max divergence:  0.65E+00 at (1,12,19)
       Min divergence: -0.42E+00 at (2,12,20)
       Max VN number :  0.15E+00 at (19,15,20)
 
       Time Step    34100   June 15, 2026  19:36:19
       Step Size:  0.100E-01 s, Total Time:  341.00000 s
       Pressure Iterations: 1
       Maximum Velocity Error:  0.32E-01 on Mesh 1 at (24,2,20)
       Maximum Pressure Error:  0.11E+03 on Mesh 1 at (20,14,15)
       ---------------------------------------------------------------
       Mesh    1
       Max CFL number:  0.51E+00 at (20,13,17)
       Max divergence:  0.40E+01 at (23,13,13)
       Min divergence: -0.90E+00 at (20,11,15)
       Max VN number :  0.26E+00 at (23,13,13)
       Mesh    2
       Max CFL number:  0.23E+00 at (1,10,20)
       Max divergence:  0.43E+00 at (1,12,19)
       Min divergence: -0.56E+00 at (2,9,20)
       Max VN number :  0.11E+00 at (3,2,20)
 
       Time Step    34200   June 15, 2026  19:36:30
       Step Size:  0.100E-01 s, Total Time:  342.00000 s
       Pressure Iterations: 2
       Maximum Velocity Error:  0.29E-01 on Mesh 1 at (24,14,19)
       Maximum Pressure Error:  0.16E+03 on Mesh 1 at (20,13,14)
       ---------------------------------------------------------------
       Mesh    1
       Max CFL number:  0.63E+00 at (20,13,16)
       Max divergence:  0.51E+01 at (20,13,14)
       Min divergence: -0.10E+01 at (21,13,12)
       Max VN number :  0.25E+00 at (20,15,16)
       Mesh    2
       Max CFL number:  0.38E+00 at (1,13,20)
       Max divergence:  0.95E+00 at (2,13,19)
       Min divergence: -0.68E+00 at (3,12,20)
       Max VN number :  0.12E+00 at (1,1,19)
 
       Time Step    34300   June 15, 2026  19:36:40
       Step Size:  0.100E-01 s, Total Time:  343.00000 s
       Pressure Iterations: 1
       Maximum Velocity Error:  0.47E-01 on Mesh 1 at (24,11,20)
       Maximum Pressure Error:  0.67E+02 on Mesh 1 at (22,13,14)
       ---------------------------------------------------------------
       Mesh    1
       Max CFL number:  0.50E+00 at (21,13,18)
       Max divergence:  0.43E+01 at (22,13,14)
       Min divergence: -0.68E+00 at (21,12,20)
       Max VN number :  0.21E+00 at (8,5,20)
       Mesh    2
       Max CFL number:  0.30E+00 at (3,11,20)
       Max divergence:  0.62E+00 at (1,15,19)
       Min divergence: -0.53E+00 at (6,15,20)
       Max VN number :  0.14E+00 at (21,1,14)
 
       Time Step    34400   June 15, 2026  19:36:50
       Step Size:  0.100E-01 s, Total Time:  344.00000 s
       Pressure Iterations: 2
       Maximum Velocity Error:  0.22E-01 on Mesh 1 at (24,14,17)
       Maximum Pressure Error:  0.26E+03 on Mesh 1 at (23,13,5)
       ---------------------------------------------------------------
       Mesh    1
       Max CFL number:  0.53E+00 at (23,13,13)
       Max divergence:  0.48E+01 at (20,13,12)
       Min divergence: -0.85E+00 at (22,13,15)
       Max VN number :  0.26E+00 at (19,15,11)
       Mesh    2
       Max CFL number:  0.31E+00 at (6,12,20)
       Max divergence:  0.54E+00 at (1,13,16)
       Min divergence: -0.63E+00 at (1,11,20)
       Max VN number :  0.20E+00 at (23,3,20)
 
       Time Step    34500   June 15, 2026  19:37:01
       Step Size:  0.100E-01 s, Total Time:  345.00000 s
       Pressure Iterations: 1
       Maximum Velocity Error:  0.71E-01 on Mesh 1 at (24,13,20)
       Maximum Pressure Error:  0.62E+02 on Mesh 1 at (21,13,12)
       ---------------------------------------------------------------
       Mesh    1
       Max CFL number:  0.47E+00 at (20,13,16)
       Max divergence:  0.41E+01 at (23,13,16)
       Min divergence: -0.94E+00 at (17,13,16)
       Max VN number :  0.50E+00 at (17,13,15)
       Mesh    2
       Max CFL number:  0.26E+00 at (1,14,20)
       Max divergence:  0.43E+00 at (2,13,19)
       Min divergence: -0.72E+00 at (1,17,20)
       Max VN number :  0.16E+00 at (13,7,20)
 
       Time Step    34600   June 15, 2026  19:37:11
       Step Size:  0.100E-01 s, Total Time:  346.00000 s
       Pressure Iterations: 1
       Maximum Velocity Error:  0.72E-01 on Mesh 1 at (24,11,20)
       Maximum Pressure Error:  0.47E+02 on Mesh 1 at (17,12,20)
       ---------------------------------------------------------------
       Mesh    1
       Max CFL number:  0.48E+00 at (20,13,17)
       Max divergence:  0.56E+01 at (23,13,16)
       Min divergence: -0.69E+00 at (17,19,20)
       Max VN number :  0.33E+00 at (18,19,20)
       Mesh    2
       Max CFL number:  0.24E+00 at (3,8,20)
       Max divergence:  0.33E+00 at (1,12,19)
       Min divergence: -0.53E+00 at (6,14,20)
       Max VN number :  0.22E+00 at (5,2,20)
 
       Time Step    34700   June 15, 2026  19:37:21
       Step Size:  0.100E-01 s, Total Time:  347.00000 s
       Pressure Iterations: 4
       Maximum Velocity Error:  0.39E-01 on Mesh 2 at (0,13,1)
       Maximum Pressure Error:  0.83E+03 on Mesh 1 at (23,13,2)
       ---------------------------------------------------------------
       Mesh    1
       Max CFL number:  0.48E+00 at (21,13,17)
       Max divergence:  0.38E+01 at (22,13,7)
       Min divergence: -0.54E+00 at (15,15,20)
       Max VN number :  0.15E+00 at (21,13,16)
       Mesh    2
       Max CFL number:  0.24E+00 at (1,15,20)
       Max divergence:  0.63E+00 at (1,13,19)
       Min divergence: -0.42E+00 at (7,3,20)
       Max VN number :  0.18E+00 at (17,2,20)
 
       Time Step    34800   June 15, 2026  19:37:31
       Step Size:  0.100E-01 s, Total Time:  348.00000 s
       Pressure Iterations: 2
       Maximum Velocity Error:  0.26E-01 on Mesh 1 at (23,13,10)
       Maximum Pressure Error:  0.31E+03 on Mesh 1 at (23,13,10)
       ---------------------------------------------------------------
       Mesh    1
       Max CFL number:  0.36E+00 at (20,12,13)
       Max divergence:  0.39E+01 at (23,13,1)
       Min divergence: -0.65E+00 at (20,10,17)
       Max VN number :  0.20E+00 at (23,11,1)
       Mesh    2
       Max CFL number:  0.18E+00 at (2,12,20)
       Max divergence:  0.51E+00 at (1,13,7)
       Min divergence: -0.37E+00 at (5,9,20)
       Max VN number :  0.14E+00 at (19,15,20)
 
       Time Step    34900   June 15, 2026  19:37:41
       Step Size:  0.100E-01 s, Total Time:  349.00000 s
       Pressure Iterations: 2
       Maximum Velocity Error:  0.44E-01 on Mesh 1 at (24,12,14)
       Maximum Pressure Error:  0.39E+03 on Mesh 1 at (22,13,4)
       ---------------------------------------------------------------
       Mesh    1
       Max CFL number:  0.50E+00 at (20,12,19)
       Max divergence:  0.52E+01 at (23,13,2)
       Min divergence: -0.72E+00 at (24,5,20)
       Max VN number :  0.36E+00 at (18,7,20)
       Mesh    2
       Max CFL number:  0.30E+00 at (1,6,20)
       Max divergence:  0.58E+00 at (1,13,19)
       Min divergence: -0.72E+00 at (1,5,20)
       Max VN number :  0.18E+00 at (2,13,11)
 
       Time Step    35000   June 15, 2026  19:37:51
       Step Size:  0.100E-01 s, Total Time:  350.00000 s
       Pressure Iterations: 1
       Maximum Velocity Error:  0.72E-01 on Mesh 1 at (24,13,9)
       Maximum Pressure Error:  0.65E+02 on Mesh 1 at (22,13,14)
       ---------------------------------------------------------------
       Mesh    1
       Max CFL number:  0.45E+00 at (21,13,13)
       Max divergence:  0.49E+01 at (21,13,1)
       Min divergence: -0.76E+00 at (17,11,20)
       Max VN number :  0.26E+00 at (20,32,20)
       Mesh    2
       Max CFL number:  0.27E+00 at (3,12,20)
       Max divergence:  0.85E+00 at (1,13,9)
       Min divergence: -0.66E+00 at (1,11,20)
       Max VN number :  0.16E+00 at (1,12,20)
 
       Time Step    35100   June 15, 2026  19:38:02
       Step Size:  0.100E-01 s, Total Time:  351.00000 s
       Pressure Iterations: 2
       Maximum Velocity Error:  0.19E-01 on Mesh 1 at (24,12,16)
       Maximum Pressure Error:  0.46E+02 on Mesh 1 at (21,13,20)
       ---------------------------------------------------------------
       Mesh    1
       Max CFL number:  0.48E+00 at (21,13,17)
       Max divergence:  0.46E+01 at (23,13,16)
       Min divergence: -0.54E+00 at (18,12,20)
       Max VN number :  0.26E+00 at (5,2,20)
       Mesh    2
       Max CFL number:  0.32E+00 at (2,5,20)
       Max divergence:  0.62E+00 at (1,13,20)
       Min divergence: -0.61E+00 at (3,4,20)
       Max VN number :  0.16E+00 at (19,1,12)
 
       Time Step    35200   June 15, 2026  19:38:12
       Step Size:  0.100E-01 s, Total Time:  352.00000 s
       Pressure Iterations: 1
       Maximum Velocity Error:  0.58E-01 on Mesh 1 at (20,13,13)
       Maximum Pressure Error:  0.12E+03 on Mesh 1 at (20,13,13)
       ---------------------------------------------------------------
       Mesh    1
       Max CFL number:  0.52E+00 at (20,13,16)
       Max divergence:  0.60E+01 at (20,13,12)
       Min divergence: -0.54E+00 at (18,11,20)
       Max VN number :  0.30E+00 at (22,16,16)
       Mesh    2
       Max CFL number:  0.25E+00 at (1,11,20)
       Max divergence:  0.36E+00 at (1,12,19)
       Min divergence: -0.48E+00 at (7,16,20)
       Max VN number :  0.13E+00 at (5,1,19)
 
       Time Step    35300   June 15, 2026  19:38:22
       Step Size:  0.100E-01 s, Total Time:  353.00000 s
       Pressure Iterations: 2
       Maximum Velocity Error:  0.30E-01 on Mesh 1 at (24,12,10)
       Maximum Pressure Error:  0.28E+03 on Mesh 1 at (23,12,10)
       ---------------------------------------------------------------
       Mesh    1
       Max CFL number:  0.50E+00 at (20,13,16)
       Max divergence:  0.74E+01 at (23,13,11)
       Min divergence: -0.79E+00 at (18,13,16)
       Max VN number :  0.40E+00 at (18,13,15)
       Mesh    2
       Max CFL number:  0.28E+00 at (1,7,20)
       Max divergence:  0.75E+00 at (1,7,19)
       Min divergence: -0.53E+00 at (2,7,20)
       Max VN number :  0.15E+00 at (24,1,11)
 
       Time Step    35400   June 15, 2026  19:38:33
       Step Size:  0.100E-01 s, Total Time:  354.00000 s
       Pressure Iterations: 1
       Maximum Velocity Error:  0.51E-01 on Mesh 1 at (24,5,20)
       Maximum Pressure Error:  0.97E+02 on Mesh 1 at (21,13,4)
       ---------------------------------------------------------------
       Mesh    1
       Max CFL number:  0.45E+00 at (22,13,20)
       Max divergence:  0.49E+01 at (22,13,2)
       Min divergence: -0.66E+00 at (14,11,20)
       Max VN number :  0.36E+00 at (24,13,11)
       Mesh    2
       Max CFL number:  0.22E+00 at (1,8,20)
       Max divergence:  0.61E+00 at (1,13,14)
       Min divergence: -0.42E+00 at (9,18,20)
       Max VN number :  0.15E+00 at (1,14,11)
 
       Time Step    35500   June 15, 2026  19:38:43
       Step Size:  0.100E-01 s, Total Time:  355.00000 s
       Pressure Iterations: 2
       Maximum Velocity Error:  0.31E-01 on Mesh 1 at (23,13,11)
       Maximum Pressure Error:  0.35E+03 on Mesh 1 at (21,13,8)
       ---------------------------------------------------------------
       Mesh    1
       Max CFL number:  0.50E+00 at (20,13,12)
       Max divergence:  0.76E+01 at (22,13,1)
       Min divergence: -0.10E+01 at (21,13,15)
       Max VN number :  0.21E+00 at (22,32,20)
       Mesh    2
       Max CFL number:  0.28E+00 at (1,12,20)
       Max divergence:  0.89E+00 at (1,13,20)
       Min divergence: -0.45E+00 at (1,20,20)
       Max VN number :  0.13E+00 at (21,1,14)
 
       Time Step    35600   June 15, 2026  19:38:53
       Step Size:  0.100E-01 s, Total Time:  356.00000 s
       Pressure Iterations: 2
       Maximum Velocity Error:  0.25E-01 on Mesh 1 at (23,13,4)
       Maximum Pressure Error:  0.26E+03 on Mesh 1 at (23,13,4)
       ---------------------------------------------------------------
       Mesh    1
       Max CFL number:  0.51E+00 at (21,12,17)
       Max divergence:  0.41E+01 at (22,13,1)
       Min divergence: -0.59E+00 at (14,9,20)
       Max VN number :  0.23E+00 at (23,16,16)
       Mesh    2
       Max CFL number:  0.23E+00 at (1,7,20)
       Max divergence:  0.35E+00 at (2,10,19)
       Min divergence: -0.56E+00 at (3,6,20)
       Max VN number :  0.17E+00 at (1,30,20)
 
       Time Step    35700   June 15, 2026  19:39:04
       Step Size:  0.100E-01 s, Total Time:  357.00000 s
       Pressure Iterations: 2
       Maximum Velocity Error:  0.20E-01 on Mesh 1 at (24,12,12)
       Maximum Pressure Error:  0.96E+02 on Mesh 1 at (23,14,15)
       ---------------------------------------------------------------
       Mesh    1
       Max CFL number:  0.44E+00 at (21,13,18)
       Max divergence:  0.43E+01 at (23,13,15)
       Min divergence: -0.55E+00 at (23,11,14)
       Max VN number :  0.30E+00 at (24,13,11)
       Mesh    2
       Max CFL number:  0.23E+00 at (1,13,12)
       Max divergence:  0.93E+00 at (1,12,12)
       Min divergence: -0.10E+01 at (1,14,11)
       Max VN number :  0.32E+00 at (1,14,11)
 
       Time Step    35800   June 15, 2026  19:39:14
       Step Size:  0.100E-01 s, Total Time:  358.00000 s
       Pressure Iterations: 2
       Maximum Velocity Error:  0.28E-01 on Mesh 1 at (24,11,19)
       Maximum Pressure Error:  0.58E+02 on Mesh 1 at (22,20,20)
       ---------------------------------------------------------------
       Mesh    1
       Max CFL number:  0.45E+00 at (21,13,16)
       Max divergence:  0.40E+01 at (20,13,16)
       Min divergence: -0.62E+00 at (22,13,15)
       Max VN number :  0.23E+00 at (21,5,20)
       Mesh    2
       Max CFL number:  0.28E+00 at (1,10,20)
       Max divergence:  0.58E+00 at (1,12,19)
       Min divergence: -0.53E+00 at (6,19,20)
       Max VN number :  0.18E+00 at (1,15,15)
 
       Time Step    35900   June 15, 2026  19:39:24
       Step Size:  0.100E-01 s, Total Time:  359.00000 s
       Pressure Iterations: 1
       Maximum Velocity Error:  0.64E-01 on Mesh 1 at (23,13,11)
       Maximum Pressure Error:  0.78E+02 on Mesh 1 at (23,14,11)
       ---------------------------------------------------------------
       Mesh    1
       Max CFL number:  0.44E+00 at (20,13,16)
       Max divergence:  0.57E+01 at (22,13,9)
       Min divergence: -0.87E+00 at (21,13,14)
       Max VN number :  0.25E+00 at (24,13,4)
       Mesh    2
       Max CFL number:  0.21E+00 at (1,31,20)
       Max divergence:  0.37E+00 at (1,13,6)
       Min divergence: -0.59E+00 at (11,5,20)
       Max VN number :  0.17E+00 at (22,4,20)
 
       Time Step    36000   June 15, 2026  19:39:35
       Step Size:  0.100E-01 s, Total Time:  360.00000 s
       Pressure Iterations: 1
       Maximum Velocity Error:  0.36E-01 on Mesh 1 at (24,7,20)
       Maximum Pressure Error:  0.81E+02 on Mesh 1 at (20,13,2)
       ---------------------------------------------------------------
       Mesh    1
       Max CFL number:  0.43E+00 at (20,13,16)
       Max divergence:  0.47E+01 at (22,13,1)
       Min divergence: -0.64E+00 at (23,13,11)
       Max VN number :  0.20E+00 at (21,13,20)
       Mesh    2
       Max CFL number:  0.26E+00 at (2,7,20)
       Max divergence:  0.42E+00 at (1,13,19)
       Min divergence: -0.48E+00 at (1,7,20)
       Max VN number :  0.16E+00 at (24,1,12)
 
       Time Step    36100   June 15, 2026  19:39:45
       Step Size:  0.100E-01 s, Total Time:  361.00000 s
       Pressure Iterations: 2
       Maximum Velocity Error:  0.59E-01 on Mesh 1 at (24,12,13)
       Maximum Pressure Error:  0.70E+02 on Mesh 1 at (23,13,3)
       ---------------------------------------------------------------
       Mesh    1
       Max CFL number:  0.49E+00 at (22,12,20)
       Max divergence:  0.44E+01 at (24,13,16)
       Min divergence: -0.64E+00 at (16,6,20)
       Max VN number :  0.20E+00 at (24,12,20)
       Mesh    2
       Max CFL number:  0.30E+00 at (4,10,20)
       Max divergence:  0.47E+00 at (1,12,19)
       Min divergence: -0.53E+00 at (6,10,20)
       Max VN number :  0.13E+00 at (18,4,20)
 
       Time Step    36200   June 15, 2026  19:39:55
       Step Size:  0.100E-01 s, Total Time:  362.00000 s
       Pressure Iterations: 1
       Maximum Velocity Error:  0.57E-01 on Mesh 1 at (24,12,15)
       Maximum Pressure Error:  0.76E+02 on Mesh 1 at (23,13,16)
       ---------------------------------------------------------------
       Mesh    1
       Max CFL number:  0.44E+00 at (21,13,16)
       Max divergence:  0.52E+01 at (23,12,16)
       Min divergence: -0.65E+00 at (22,13,15)
       Max VN number :  0.29E+00 at (18,13,9)
       Mesh    2
       Max CFL number:  0.25E+00 at (13,1,20)
       Max divergence:  0.26E+00 at (2,12,19)
       Min divergence: -0.50E+00 at (13,2,20)
       Max VN number :  0.15E+00 at (24,1,13)
 
       Time Step    36300   June 15, 2026  19:40:08
       Step Size:  0.100E-01 s, Total Time:  363.00000 s
       Pressure Iterations: 1
       Maximum Velocity Error:  0.45E-01 on Mesh 1 at (24,13,20)
       Maximum Pressure Error:  0.84E+02 on Mesh 1 at (20,13,12)
       ---------------------------------------------------------------
       Mesh    1
       Max CFL number:  0.49E+00 at (20,13,17)
       Max divergence:  0.43E+01 at (21,13,2)
       Min divergence: -0.67E+00 at (20,13,13)
       Max VN number :  0.24E+00 at (20,13,12)
       Mesh    2
       Max CFL number:  0.31E+00 at (6,1,20)
       Max divergence:  0.70E+00 at (1,10,19)
       Min divergence: -0.52E+00 at (2,11,20)
       Max VN number :  0.30E+00 at (6,2,20)
 
       Time Step    36400   June 15, 2026  19:40:19
       Step Size:  0.100E-01 s, Total Time:  364.00000 s
       Pressure Iterations: 2
       Maximum Velocity Error:  0.30E-01 on Mesh 1 at (20,13,1)
       Maximum Pressure Error:  0.84E+03 on Mesh 1 at (20,13,1)
       ---------------------------------------------------------------
       Mesh    1
       Max CFL number:  0.48E+00 at (19,13,17)
       Max divergence:  0.37E+01 at (21,13,4)
       Min divergence: -0.14E+01 at (20,13,1)
       Max VN number :  0.19E+00 at (19,15,8)
       Mesh    2
       Max CFL number:  0.23E+00 at (1,6,20)
       Max divergence:  0.37E+00 at (1,13,19)
       Min divergence: -0.50E+00 at (6,6,20)
       Max VN number :  0.13E+00 at (19,2,20)
 
       Time Step    36500   June 15, 2026  19:40:31
       Step Size:  0.100E-01 s, Total Time:  365.00000 s
       Pressure Iterations: 2
       Maximum Velocity Error:  0.19E-01 on Mesh 1 at (22,14,15)
       Maximum Pressure Error:  0.21E+03 on Mesh 1 at (22,14,15)
       ---------------------------------------------------------------
       Mesh    1
       Max CFL number:  0.40E+00 at (20,13,17)
       Max divergence:  0.44E+01 at (20,13,5)
       Min divergence: -0.68E+00 at (19,11,4)
       Max VN number :  0.20E+00 at (20,15,16)
       Mesh    2
       Max CFL number:  0.18E+00 at (3,25,20)
       Max divergence:  0.53E+00 at (1,15,20)
       Min divergence: -0.49E+00 at (2,27,20)
       Max VN number :  0.17E+00 at (20,1,15)
 
       Time Step    36600   June 15, 2026  19:40:42
       Step Size:  0.100E-01 s, Total Time:  366.00000 s
       Pressure Iterations: 1
       Maximum Velocity Error:  0.41E-01 on Mesh 1 at (24,24,20)
       Maximum Pressure Error:  0.57E+02 on Mesh 1 at (23,13,17)
       ---------------------------------------------------------------
       Mesh    1
       Max CFL number:  0.36E+00 at (20,11,17)
       Max divergence:  0.46E+01 at (20,12,2)
       Min divergence: -0.65E+00 at (21,13,12)
       Max VN number :  0.22E+00 at (17,13,6)
       Mesh    2
       Max CFL number:  0.20E+00 at (1,10,20)
       Max divergence:  0.69E+00 at (2,14,20)
       Min divergence: -0.58E+00 at (6,13,20)
       Max VN number :  0.11E+00 at (2,33,19)
 
       Time Step    36700   June 15, 2026  19:40:54
       Step Size:  0.100E-01 s, Total Time:  367.00000 s
       Pressure Iterations: 1
       Maximum Velocity Error:  0.38E-01 on Mesh 2 at (0,22,20)
       Maximum Pressure Error:  0.57E+02 on Mesh 1 at (19,14,5)
       ---------------------------------------------------------------
       Mesh    1
       Max CFL number:  0.41E+00 at (19,13,12)
       Max divergence:  0.55E+01 at (19,13,2)
       Min divergence: -0.57E+00 at (19,16,7)
       Max VN number :  0.18E+00 at (19,16,9)
       Mesh    2
       Max CFL number:  0.20E+00 at (1,11,20)
       Max divergence:  0.52E+00 at (2,12,19)
       Min divergence: -0.57E+00 at (15,11,20)
       Max VN number :  0.14E+00 at (21,1,15)
 
       Time Step    36800   June 15, 2026  19:41:05
       Step Size:  0.100E-01 s, Total Time:  368.00000 s
       Pressure Iterations: 1
       Maximum Velocity Error:  0.32E-01 on Mesh 1 at (24,24,20)
       Maximum Pressure Error:  0.36E+02 on Mesh 1 at (18,13,12)
       ---------------------------------------------------------------
       Mesh    1
       Max CFL number:  0.37E+00 at (21,13,16)
       Max divergence:  0.63E+01 at (19,13,2)
       Min divergence: -0.66E+00 at (18,13,5)
       Max VN number :  0.33E+00 at (19,15,13)
       Mesh    2
       Max CFL number:  0.20E+00 at (1,9,20)
       Max divergence:  0.65E+00 at (3,14,19)
       Min divergence: -0.44E+00 at (12,6,20)
       Max VN number :  0.11E+00 at (20,1,15)
 
       Time Step    36900   June 15, 2026  19:41:16
       Step Size:  0.100E-01 s, Total Time:  369.00000 s
       Pressure Iterations: 1
       Maximum Velocity Error:  0.57E-01 on Mesh 1 at (24,22,20)
       Maximum Pressure Error:  0.84E+02 on Mesh 1 at (20,12,11)
       ---------------------------------------------------------------
       Mesh    1
       Max CFL number:  0.39E+00 at (18,12,16)
       Max divergence:  0.47E+01 at (19,13,14)
       Min divergence: -0.68E+00 at (15,11,20)
       Max VN number :  0.39E+00 at (19,16,9)
       Mesh    2
       Max CFL number:  0.20E+00 at (1,17,20)
       Max divergence:  0.36E+00 at (1,15,19)
       Min divergence: -0.46E+00 at (10,22,20)
       Max VN number :  0.16E+00 at (22,1,15)
 
       Time Step    37000   June 15, 2026  19:41:27
       Step Size:  0.100E-01 s, Total Time:  370.00000 s
       Pressure Iterations: 2
       Maximum Velocity Error:  0.22E-01 on Mesh 1 at (24,5,19)
       Maximum Pressure Error:  0.95E+02 on Mesh 1 at (20,11,1)
       ---------------------------------------------------------------
       Mesh    1
       Max CFL number:  0.34E+00 at (18,12,19)
       Max divergence:  0.42E+01 at (18,12,1)
       Min divergence: -0.99E+00 at (21,13,4)
       Max VN number :  0.27E+00 at (20,13,3)
       Mesh    2
       Max CFL number:  0.17E+00 at (1,7,20)
       Max divergence:  0.15E+00 at (1,8,19)
       Min divergence: -0.50E+00 at (8,12,20)
       Max VN number :  0.15E+00 at (24,1,15)
 
       Time Step    37100   June 15, 2026  19:41:39
       Step Size:  0.100E-01 s, Total Time:  371.00000 s
       Pressure Iterations: 2
       Maximum Velocity Error:  0.14E-01 on Mesh 1 at (22,13,13)
       Maximum Pressure Error:  0.11E+03 on Mesh 1 at (21,12,8)
       ---------------------------------------------------------------
       Mesh    1
       Max CFL number:  0.41E+00 at (18,12,14)
       Max divergence:  0.55E+01 at (17,13,1)
       Min divergence: -0.57E+00 at (19,14,5)
       Max VN number :  0.20E+00 at (1,6,14)
       Mesh    2
       Max CFL number:  0.19E+00 at (1,17,20)
       Max divergence:  0.47E+00 at (1,8,20)
       Min divergence: -0.43E+00 at (2,3,20)
       Max VN number :  0.10E+00 at (14,1,14)
 
       Time Step    37200   June 15, 2026  19:41:51
       Step Size:  0.100E-01 s, Total Time:  372.00000 s
       Pressure Iterations: 1
       Maximum Velocity Error:  0.41E-01 on Mesh 1 at (17,13,15)
       Maximum Pressure Error:  0.58E+02 on Mesh 1 at (17,14,15)
       ---------------------------------------------------------------
       Mesh    1
       Max CFL number:  0.36E+00 at (17,13,16)
       Max divergence:  0.79E+01 at (19,13,10)
       Min divergence: -0.98E+00 at (19,14,10)
       Max VN number :  0.26E+00 at (19,14,9)
       Mesh    2
       Max CFL number:  0.20E+00 at (1,7,20)
       Max divergence:  0.47E+00 at (1,16,20)
       Min divergence: -0.42E+00 at (4,1,20)
       Max VN number :  0.16E+00 at (1,32,20)
 
       Time Step    37300   June 15, 2026  19:42:04
       Step Size:  0.100E-01 s, Total Time:  373.00000 s
       Pressure Iterations: 2
       Maximum Velocity Error:  0.19E-01 on Mesh 1 at (18,13,9)
       Maximum Pressure Error:  0.18E+03 on Mesh 1 at (18,14,9)
       ---------------------------------------------------------------
       Mesh    1
       Max CFL number:  0.34E+00 at (17,12,13)
       Max divergence:  0.55E+01 at (19,10,1)
       Min divergence: -0.57E+00 at (19,10,7)
       Max VN number :  0.16E+00 at (20,9,20)
       Mesh    2
       Max CFL number:  0.17E+00 at (10,1,20)
       Max divergence:  0.26E+00 at (1,16,19)
       Min divergence: -0.46E+00 at (5,28,20)
       Max VN number :  0.15E+00 at (21,1,16)
 
       Time Step    37400   June 15, 2026  19:42:16
       Step Size:  0.100E-01 s, Total Time:  374.00000 s
       Pressure Iterations: 2
       Maximum Velocity Error:  0.35E-01 on Mesh 1 at (19,15,13)
       Maximum Pressure Error:  0.34E+03 on Mesh 1 at (19,15,13)
       ---------------------------------------------------------------
       Mesh    1
       Max CFL number:  0.41E+00 at (17,10,19)
       Max divergence:  0.49E+01 at (19,10,1)
       Min divergence: -0.62E+00 at (16,10,7)
       Max VN number :  0.20E+00 at (18,2,20)
       Mesh    2
       Max CFL number:  0.21E+00 at (1,17,20)
       Max divergence:  0.14E+00 at (2,16,19)
       Min divergence: -0.53E+00 at (5,3,20)
       Max VN number :  0.10E+00 at (1,15,20)
 
       Time Step    37500   June 15, 2026  19:42:27
       Step Size:  0.100E-01 s, Total Time:  375.00000 s
       Pressure Iterations: 1
       Maximum Velocity Error:  0.29E-01 on Mesh 1 at (24,10,19)
       Maximum Pressure Error:  0.72E+02 on Mesh 1 at (19,10,1)
       ---------------------------------------------------------------
       Mesh    1
       Max CFL number:  0.32E+00 at (16,11,13)
       Max divergence:  0.35E+01 at (15,13,13)
       Min divergence: -0.52E+00 at (16,11,13)
       Max VN number :  0.16E+00 at (4,1,12)
       Mesh    2
       Max CFL number:  0.23E+00 at (12,11,20)
       Max divergence:  0.15E+00 at (1,11,19)
       Min divergence: -0.51E+00 at (7,19,20)
       Max VN number :  0.99E-01 at (24,1,14)
 
       Time Step    37600   June 15, 2026  19:42:39
       Step Size:  0.100E-01 s, Total Time:  376.00000 s
       Pressure Iterations: 1
       Maximum Velocity Error:  0.62E-01 on Mesh 1 at (20,13,14)
       Maximum Pressure Error:  0.13E+03 on Mesh 1 at (20,13,14)
       ---------------------------------------------------------------
       Mesh    1
       Max CFL number:  0.30E+00 at (17,11,10)
       Max divergence:  0.58E+01 at (17,11,10)
       Min divergence: -0.66E+00 at (18,11,8)
       Max VN number :  0.16E+00 at (20,12,20)
       Mesh    2
       Max CFL number:  0.18E+00 at (6,1,20)
       Max divergence:  0.71E-01 at (25,1,12)
       Min divergence: -0.27E+00 at (2,12,20)
       Max VN number :  0.14E+00 at (13,1,13)
 
       Time Step    37700   June 15, 2026  19:42:50
       Step Size:  0.100E-01 s, Total Time:  377.00000 s
       Pressure Iterations: 1
       Maximum Velocity Error:  0.90E-02 on Mesh 1 at (18,13,1)
       Maximum Pressure Error:  0.29E+03 on Mesh 1 at (19,8,1)
       ---------------------------------------------------------------
       Mesh    1
       Max CFL number:  0.28E+00 at (16,10,12)
       Max divergence:  0.62E+01 at (18,9,4)
       Min divergence: -0.52E+00 at (19,11,5)
       Max VN number :  0.17E+00 at (19,18,20)
       Mesh    2
       Max CFL number:  0.15E+00 at (15,1,16)
       Max divergence:  0.77E-01 at (6,12,2)
       Min divergence: -0.22E+00 at (1,15,20)
       Max VN number :  0.11E+00 at (23,24,20)
 
       Time Step    37800   June 15, 2026  19:43:02
       Step Size:  0.100E-01 s, Total Time:  378.00000 s
       Pressure Iterations: 1
       Maximum Velocity Error:  0.16E-01 on Mesh 1 at (24,12,20)
       Maximum Pressure Error:  0.19E+02 on Mesh 1 at (20,9,9)
       ---------------------------------------------------------------
       Mesh    1
       Max CFL number:  0.27E+00 at (15,6,11)
       Max divergence:  0.31E+01 at (18,8,3)
       Min divergence: -0.28E+00 at (22,18,20)
       Max VN number :  0.14E+00 at (8,1,11)
       Mesh    2
       Max CFL number:  0.16E+00 at (8,9,20)
       Max divergence:  0.91E-01 at (6,12,2)
       Min divergence: -0.20E+00 at (2,10,20)
       Max VN number :  0.11E+00 at (24,33,15)
 
       Time Step    37900   June 15, 2026  19:43:14
       Step Size:  0.100E-01 s, Total Time:  379.00000 s
       Pressure Iterations: 1
       Maximum Velocity Error:  0.65E-02 on Mesh 1 at (24,12,19)
       Maximum Pressure Error:  0.40E+02 on Mesh 1 at (12,8,1)
       ---------------------------------------------------------------
       Mesh    1
       Max CFL number:  0.24E+00 at (15,6,10)
       Max divergence:  0.31E+01 at (14,7,4)
       Min divergence: -0.67E+00 at (16,7,4)
       Max VN number :  0.13E+00 at (16,9,20)
       Mesh    2
       Max CFL number:  0.13E+00 at (16,5,20)
       Max divergence:  0.65E-01 at (5,1,12)
       Min divergence: -0.11E+00 at (1,17,15)
       Max VN number :  0.11E+00 at (18,14,20)
 
       Time Step    38000   June 15, 2026  19:43:25
       Step Size:  0.100E-01 s, Total Time:  380.00000 s
       Pressure Iterations: 1
       Maximum Velocity Error:  0.73E-02 on Mesh 1 at (24,14,20)
       Maximum Pressure Error:  0.27E+02 on Mesh 1 at (11,9,12)
       ---------------------------------------------------------------
       Mesh    1
       Max CFL number:  0.28E+00 at (12,6,7)
       Max divergence:  0.31E+01 at (12,7,1)
       Min divergence: -0.69E+00 at (14,7,4)
       Max VN number :  0.13E+00 at (16,3,20)
       Mesh    2
       Max CFL number:  0.11E+00 at (7,12,20)
       Max divergence:  0.67E-01 at (5,11,2)
       Min divergence: -0.12E+00 at (1,19,12)
       Max VN number :  0.14E+00 at (22,3,20)
 
       Time Step    38100   June 15, 2026  19:43:39
       Step Size:  0.100E-01 s, Total Time:  381.00000 s
       Pressure Iterations: 2
       Maximum Velocity Error:  0.68E-02 on Mesh 1 at (24,5,4)
       Maximum Pressure Error:  0.39E+03 on Mesh 1 at (13,6,1)
       ---------------------------------------------------------------
       Mesh    1
       Max CFL number:  0.30E+00 at (10,7,20)
       Max divergence:  0.38E+01 at (13,6,2)
       Min divergence: -0.66E+00 at (13,6,13)
       Max VN number :  0.15E+00 at (23,13,15)
       Mesh    2
       Max CFL number:  0.13E+00 at (1,8,20)
       Max divergence:  0.55E-01 at (4,10,4)
       Min divergence: -0.11E+00 at (7,14,11)
       Max VN number :  0.11E+00 at (1,7,20)
 
       Time Step    38200   June 15, 2026  19:43:50
       Step Size:  0.100E-01 s, Total Time:  382.00000 s
       Pressure Iterations: 1
       Maximum Velocity Error:  0.13E-01 on Mesh 1 at (8,13,8)
       Maximum Pressure Error:  0.85E+03 on Mesh 1 at (13,6,1)
       ---------------------------------------------------------------
       Mesh    1
       Max CFL number:  0.30E+00 at (17,5,9)
       Max divergence:  0.54E+01 at (15,6,4)
       Min divergence: -0.81E+00 at (13,6,9)
       Max VN number :  0.16E+00 at (12,7,20)
       Mesh    2
       Max CFL number:  0.13E+00 at (3,8,20)
       Max divergence:  0.48E-01 at (5,11,2)
       Min divergence: -0.12E+00 at (1,16,14)
       Max VN number :  0.95E-01 at (15,1,14)
 
       Time Step    38300   June 15, 2026  19:44:02
       Step Size:  0.100E-01 s, Total Time:  383.00000 s
       Pressure Iterations: 1
       Maximum Velocity Error:  0.83E-02 on Mesh 1 at (24,12,3)
       Maximum Pressure Error:  0.78E+03 on Mesh 1 at (16,4,1)
       ---------------------------------------------------------------
       Mesh    1
       Max CFL number:  0.35E+00 at (13,5,11)
       Max divergence:  0.10E+02 at (16,5,1)
       Min divergence: -0.64E+00 at (16,4,7)
       Max VN number :  0.17E+00 at (1,5,10)
       Mesh    2
       Max CFL number:  0.14E+00 at (1,1,20)
       Max divergence:  0.55E-01 at (1,13,15)
       Min divergence: -0.13E+00 at (1,14,4)
       Max VN number :  0.94E-01 at (16,1,15)
 
       Time Step    38400   June 15, 2026  19:44:15
       Step Size:  0.100E-01 s, Total Time:  384.00000 s
       Pressure Iterations: 1
       Maximum Velocity Error:  0.35E-01 on Mesh 1 at (24,20,20)
       Maximum Pressure Error:  0.63E+02 on Mesh 1 at (12,2,3)
       ---------------------------------------------------------------
       Mesh    1
       Max CFL number:  0.37E+00 at (14,7,17)
       Max divergence:  0.50E+01 at (14,4,3)
       Min divergence: -0.59E+00 at (14,6,19)
       Max VN number :  0.19E+00 at (18,2,20)
       Mesh    2
       Max CFL number:  0.15E+00 at (3,6,20)
       Max divergence:  0.67E-01 at (3,10,3)
       Min divergence: -0.13E+00 at (7,19,13)
       Max VN number :  0.98E-01 at (2,7,20)
 
       Time Step    38500   June 15, 2026  19:44:25
       Step Size:  0.100E-01 s, Total Time:  385.00000 s
       Pressure Iterations: 2
       Maximum Velocity Error:  0.57E-02 on Mesh 1 at (24,3,19)
       Maximum Pressure Error:  0.38E+03 on Mesh 1 at (13,4,1)
       ---------------------------------------------------------------
       Mesh    1
       Max CFL number:  0.36E+00 at (14,1,16)
       Max divergence:  0.49E+01 at (13,4,2)
       Min divergence: -0.61E+00 at (17,5,19)
       Max VN number :  0.27E+00 at (20,1,14)
       Mesh    2
       Max CFL number:  0.31E+00 at (3,10,20)
       Max divergence:  0.13E+00 at (1,13,15)
       Min divergence: -0.25E+00 at (2,11,20)
       Max VN number :  0.31E+00 at (4,8,20)
 
       Time Step    38600   June 15, 2026  19:44:38
       Step Size:  0.100E-01 s, Total Time:  386.00000 s
       Pressure Iterations: 1
       Maximum Velocity Error:  0.53E-01 on Mesh 1 at (24,2,20)
       Maximum Pressure Error:  0.93E+02 on Mesh 1 at (12,4,4)
       ---------------------------------------------------------------
       Mesh    1
       Max CFL number:  0.33E+00 at (24,1,20)
       Max divergence:  0.28E+01 at (11,2,7)
       Min divergence: -0.41E+00 at (18,1,20)
       Max VN number :  0.26E+00 at (8,1,19)
       Mesh    2
       Max CFL number:  0.33E+00 at (1,1,20)
       Max divergence:  0.19E+00 at (1,13,19)
       Min divergence: -0.56E+00 at (4,1,20)
       Max VN number :  0.17E+00 at (2,1,19)
 
       Time Step    38700   June 15, 2026  19:44:58
       Step Size:  0.100E-01 s, Total Time:  387.00000 s
       Pressure Iterations: 2
       Maximum Velocity Error:  0.24E-01 on Mesh 1 at (24,12,17)
       Maximum Pressure Error:  0.17E+03 on Mesh 1 at (9,1,1)
       ---------------------------------------------------------------
       Mesh    1
       Max CFL number:  0.21E+00 at (10,5,20)
       Max divergence:  0.30E+01 at (11,3,4)
       Min divergence: -0.44E+00 at (10,1,3)
       Max VN number :  0.18E+00 at (13,1,17)
       Mesh    2
       Max CFL number:  0.25E+00 at (17,3,20)
       Max divergence:  0.11E+00 at (1,12,17)
       Min divergence: -0.21E+00 at (3,10,19)
       Max VN number :  0.24E+00 at (24,17,20)
 
       Time Step    38800   June 15, 2026  19:45:22
       Step Size:  0.100E-01 s, Total Time:  388.00000 s
       Pressure Iterations: 1
       Maximum Velocity Error:  0.87E-02 on Mesh 1 at (24,13,20)
       Maximum Pressure Error:  0.44E+03 on Mesh 1 at (10,3,1)
       ---------------------------------------------------------------
       Mesh    1
       Max CFL number:  0.28E+00 at (10,1,11)
       Max divergence:  0.47E+01 at (10,3,1)
       Min divergence: -0.33E+00 at (11,1,12)
       Max VN number :  0.19E+00 at (18,1,19)
       Mesh    2
       Max CFL number:  0.20E+00 at (5,30,20)
       Max divergence:  0.84E-01 at (2,13,16)
       Min divergence: -0.31E+00 at (1,13,15)
       Max VN number :  0.21E+00 at (24,19,20)
 
       Time Step    38900   June 15, 2026  19:45:42
       Step Size:  0.100E-01 s, Total Time:  389.00000 s
       Pressure Iterations: 1
       Maximum Velocity Error:  0.18E-01 on Mesh 2 at (0,13,19)
       Maximum Pressure Error:  0.38E+02 on Mesh 1 at (2,14,15)
       ---------------------------------------------------------------
       Mesh    1
       Max CFL number:  0.21E+00 at (10,3,18)
       Max divergence:  0.29E+01 at (21,7,1)
       Min divergence: -0.26E+00 at (19,6,5)
       Max VN number :  0.25E+00 at (9,1,19)
       Mesh    2
       Max CFL number:  0.16E+00 at (16,29,20)
       Max divergence:  0.88E-01 at (2,13,17)
       Min divergence: -0.24E+00 at (1,13,18)
       Max VN number :  0.14E+00 at (24,30,20)
 
       Time Step    39000   June 15, 2026  19:46:00
       Step Size:  0.100E-01 s, Total Time:  390.00000 s
       Pressure Iterations: 1
       Maximum Velocity Error:  0.56E-01 on Mesh 1 at (24,13,15)
       Maximum Pressure Error:  0.15E+03 on Mesh 1 at (15,4,1)
       ---------------------------------------------------------------
       Mesh    1
       Max CFL number:  0.23E+00 at (16,5,11)
       Max divergence:  0.49E+01 at (18,6,2)
       Min divergence: -0.49E+00 at (24,13,15)
       Max VN number :  0.15E+00 at (7,1,5)
       Mesh    2
       Max CFL number:  0.14E+00 at (1,13,19)
       Max divergence:  0.74E+00 at (1,12,19)
       Min divergence: -0.45E+00 at (1,13,19)
       Max VN number :  0.16E+00 at (21,33,14)
 
       Time Step    39100   June 15, 2026  19:46:20
       Step Size:  0.100E-01 s, Total Time:  391.00000 s
       Pressure Iterations: 1
       Maximum Velocity Error:  0.22E-01 on Mesh 1 at (24,8,4)
       Maximum Pressure Error:  0.38E+03 on Mesh 1 at (16,6,3)
       ---------------------------------------------------------------
       Mesh    1
       Max CFL number:  0.23E+00 at (16,7,14)
       Max divergence:  0.64E+01 at (16,6,3)
       Min divergence: -0.73E+00 at (18,7,4)
       Max VN number :  0.13E+00 at (5,1,17)
       Mesh    2
       Max CFL number:  0.14E+00 at (4,11,20)
       Max divergence:  0.21E+01 at (1,8,4)
       Min divergence: -0.18E+00 at (2,17,20)
       Max VN number :  0.14E+00 at (4,12,20)
 
       Time Step    39200   June 15, 2026  19:46:39
       Step Size:  0.100E-01 s, Total Time:  392.00000 s
       Pressure Iterations: 2
       Maximum Velocity Error:  0.45E-01 on Mesh 1 at (24,8,7)
       Maximum Pressure Error:  0.18E+03 on Mesh 1 at (16,6,1)
       ---------------------------------------------------------------
       Mesh    1
       Max CFL number:  0.32E+00 at (12,6,18)
       Max divergence:  0.42E+01 at (17,6,4)
       Min divergence: -0.85E+00 at (23,6,8)
       Max VN number :  0.18E+00 at (9,12,20)
       Mesh    2
       Max CFL number:  0.16E+00 at (1,6,7)
       Max divergence:  0.29E+01 at (3,7,2)
       Min divergence: -0.41E+00 at (4,7,2)
       Max VN number :  0.99E-01 at (2,2,20)
 
       Time Step    39300   June 15, 2026  19:46:59
       Step Size:  0.100E-01 s, Total Time:  393.00000 s
       Pressure Iterations: 3
       Maximum Velocity Error:  0.34E-01 on Mesh 2 at (0,5,3)
       Maximum Pressure Error:  0.23E+03 on Mesh 2 at (3,5,3)
       ---------------------------------------------------------------
       Mesh    1
       Max CFL number:  0.35E+00 at (13,6,15)
       Max divergence:  0.45E+01 at (23,5,3)
       Min divergence: -0.67E+00 at (20,6,13)
       Max VN number :  0.25E+00 at (13,1,16)
       Mesh    2
       Max CFL number:  0.16E+00 at (3,5,3)
       Max divergence:  0.47E+01 at (1,4,1)
       Min divergence: -0.71E+00 at (3,5,3)
       Max VN number :  0.15E+00 at (1,22,20)
 
       Time Step    39400   June 15, 2026  19:47:19
       Step Size:  0.100E-01 s, Total Time:  394.00000 s
       Pressure Iterations: 2
       Maximum Velocity Error:  0.44E-01 on Mesh 1 at (24,4,4)
       Maximum Pressure Error:  0.29E+03 on Mesh 1 at (20,4,1)
       ---------------------------------------------------------------
       Mesh    1
       Max CFL number:  0.34E+00 at (17,9,16)
       Max divergence:  0.55E+01 at (23,4,5)
       Min divergence: -0.13E+01 at (23,5,11)
       Max VN number :  0.23E+00 at (18,1,6)
       Mesh    2
       Max CFL number:  0.24E+00 at (1,6,11)
       Max divergence:  0.42E+01 at (1,4,4)
       Min divergence: -0.51E+00 at (2,6,12)
       Max VN number :  0.16E+00 at (3,26,20)
 
       Time Step    39500   June 15, 2026  19:47:38
       Step Size:  0.100E-01 s, Total Time:  395.00000 s
       Pressure Iterations: 1
       Maximum Velocity Error:  0.37E-01 on Mesh 1 at (24,2,11)
       Maximum Pressure Error:  0.70E+03 on Mesh 1 at (17,2,1)
       ---------------------------------------------------------------
       Mesh    1
       Max CFL number:  0.44E+00 at (21,2,9)
       Max divergence:  0.43E+01 at (19,2,6)
       Min divergence: -0.89E+00 at (20,1,11)
       Max VN number :  0.29E+00 at (14,1,19)
       Mesh    2
       Max CFL number:  0.27E+00 at (1,8,20)
       Max divergence:  0.34E+00 at (1,1,10)
       Min divergence: -0.27E+00 at (1,13,20)
       Max VN number :  0.18E+00 at (1,20,20)
 
       Time Step    39600   June 15, 2026  19:47:58
       Step Size:  0.100E-01 s, Total Time:  396.00000 s
       Pressure Iterations: 1
       Maximum Velocity Error:  0.48E-01 on Mesh 2 at (0,5,19)
       Maximum Pressure Error:  0.16E+03 on Mesh 1 at (20,2,1)
       ---------------------------------------------------------------
       Mesh    1
       Max CFL number:  0.41E+00 at (18,11,20)
       Max divergence:  0.36E+01 at (20,1,8)
       Min divergence: -0.57E+00 at (21,2,16)
       Max VN number :  0.31E+00 at (13,1,19)
       Mesh    2
       Max CFL number:  0.47E+00 at (8,6,20)
       Max divergence:  0.26E+00 at (1,1,19)
       Min divergence: -0.53E+00 at (10,6,20)
       Max VN number :  0.30E+00 at (7,7,20)
 
       Time Step    39700   June 15, 2026  19:48:14
       Step Size:  0.100E-01 s, Total Time:  397.00000 s
       Pressure Iterations: 1
       Maximum Velocity Error:  0.27E-01 on Mesh 1 at (18,33,20)
       Maximum Pressure Error:  0.64E+02 on Mesh 1 at (19,1,7)
       ---------------------------------------------------------------
       Mesh    1
       Max CFL number:  0.27E+00 at (18,33,20)
       Max divergence:  0.24E+01 at (19,1,8)
       Min divergence: -0.29E+00 at (17,2,20)
       Max VN number :  0.23E+00 at (17,24,20)
       Mesh    2
       Max CFL number:  0.29E+00 at (24,13,20)
       Max divergence:  0.13E+00 at (12,22,19)
       Min divergence: -0.17E+00 at (12,22,20)
       Max VN number :  0.28E+00 at (12,22,20)
 
       Time Step    39800   June 15, 2026  19:48:27
       Step Size:  0.100E-01 s, Total Time:  398.00000 s
       Pressure Iterations: 1
       Maximum Velocity Error:  0.10E-01 on Mesh 2 at (10,33,20)
       Maximum Pressure Error:  0.69E+02 on Mesh 1 at (16,5,1)
       ---------------------------------------------------------------
       Mesh    1
       Max CFL number:  0.18E+00 at (16,30,20)
       Max divergence:  0.20E+01 at (16,5,2)
       Min divergence: -0.14E+00 at (20,13,12)
       Max VN number :  0.18E+00 at (15,33,17)
       Mesh    2
       Max CFL number:  0.20E+00 at (11,33,20)
       Max divergence:  0.75E-01 at (16,1,2)
       Min divergence: -0.11E+00 at (25,7,11)
       Max VN number :  0.18E+00 at (24,31,20)
 
       Time Step    39900   June 15, 2026  19:48:41
       Step Size:  0.100E-01 s, Total Time:  399.00000 s
       Pressure Iterations: 1
       Maximum Velocity Error:  0.61E-02 on Mesh 1 at (24,33,14)
       Maximum Pressure Error:  0.15E+03 on Mesh 1 at (10,3,1)
       ---------------------------------------------------------------
       Mesh    1
       Max CFL number:  0.13E+00 at (13,33,15)
       Max divergence:  0.21E+01 at (10,3,1)
       Min divergence: -0.20E+00 at (13,3,4)
       Max VN number :  0.17E+00 at (1,17,16)
       Mesh    2
       Max CFL number:  0.16E+00 at (22,33,17)
       Max divergence:  0.24E+00 at (1,7,2)
       Min divergence: -0.11E+00 at (25,11,6)
       Max VN number :  0.21E+00 at (25,17,9)
 
       Time Step    40000   June 15, 2026  19:48:55
       Step Size:  0.100E-01 s, Total Time:  400.00000 s
       Pressure Iterations: 1
       Maximum Velocity Error:  0.30E-01 on Mesh 1 at (24,7,2)
       Maximum Pressure Error:  0.98E+02 on Mesh 1 at (8,3,1)
       ---------------------------------------------------------------
       Mesh    1
       Max CFL number:  0.17E+00 at (9,3,6)
       Max divergence:  0.13E+01 at (9,2,1)
       Min divergence: -0.36E+00 at (10,3,1)
       Max VN number :  0.14E+00 at (11,33,12)
       Mesh    2
       Max CFL number:  0.11E+00 at (23,32,14)
       Max divergence:  0.69E+00 at (4,8,2)
       Min divergence: -0.97E-01 at (1,17,13)
       Max VN number :  0.13E+00 at (25,21,8)
 
       Time Step    40100   June 15, 2026  19:49:09
       Step Size:  0.100E-01 s, Total Time:  401.00000 s
       Pressure Iterations: 1
       Maximum Velocity Error:  0.17E-01 on Mesh 1 at (24,6,6)
       Maximum Pressure Error:  0.76E+02 on Mesh 1 at (9,1,1)
       ---------------------------------------------------------------
       Mesh    1
       Max CFL number:  0.21E+00 at (23,6,8)
       Max divergence:  0.52E+01 at (21,5,2)
       Min divergence: -0.54E+00 at (23,6,7)
       Max VN number :  0.14E+00 at (11,1,13)
       Mesh    2
       Max CFL number:  0.94E-01 at (3,24,17)
       Max divergence:  0.13E+01 at (1,7,3)
       Min divergence: -0.10E+00 at (4,33,10)
       Max VN number :  0.13E+00 at (3,33,10)
 
       Time Step    40200   June 15, 2026  19:49:23
       Step Size:  0.100E-01 s, Total Time:  402.00000 s
       Pressure Iterations: 1
       Maximum Velocity Error:  0.29E-01 on Mesh 1 at (24,8,12)
       Maximum Pressure Error:  0.22E+03 on Mesh 1 at (20,5,3)
       ---------------------------------------------------------------
       Mesh    1
       Max CFL number:  0.35E+00 at (21,6,20)
       Max divergence:  0.53E+01 at (23,6,1)
       Min divergence: -0.12E+01 at (20,5,9)
       Max VN number :  0.14E+00 at (23,7,20)
       Mesh    2
       Max CFL number:  0.25E+00 at (2,7,4)
       Max divergence:  0.42E+01 at (2,7,3)
       Min divergence: -0.97E+00 at (3,7,5)
       Max VN number :  0.11E+00 at (25,23,9)
 
       Time Step    40300   June 15, 2026  19:49:37
       Step Size:  0.100E-01 s, Total Time:  403.00000 s
       Pressure Iterations: 2
       Maximum Velocity Error:  0.35E-01 on Mesh 1 at (24,7,17)
       Maximum Pressure Error:  0.21E+03 on Mesh 1 at (12,1,1)
       ---------------------------------------------------------------
       Mesh    1
       Max CFL number:  0.43E+00 at (22,5,6)
       Max divergence:  0.62E+01 at (22,5,6)
       Min divergence: -0.80E+00 at (21,10,18)
       Max VN number :  0.23E+00 at (24,1,19)
       Mesh    2
       Max CFL number:  0.43E+00 at (1,6,16)
       Max divergence:  0.60E+01 at (5,7,6)
       Min divergence: -0.88E+00 at (4,8,14)
       Max VN number :  0.22E+00 at (1,2,20)
 
       Time Step    40400   June 15, 2026  19:49:52
       Step Size:  0.100E-01 s, Total Time:  404.00000 s
       Pressure Iterations: 2
       Maximum Velocity Error:  0.47E-01 on Mesh 1 at (24,5,1)
       Maximum Pressure Error:  0.18E+03 on Mesh 1 at (20,3,3)
       ---------------------------------------------------------------
       Mesh    1
       Max CFL number:  0.34E+00 at (19,4,15)
       Max divergence:  0.48E+01 at (22,4,2)
       Min divergence: -0.87E+00 at (24,5,7)
       Max VN number :  0.21E+00 at (7,16,20)
       Mesh    2
       Max CFL number:  0.39E+00 at (5,21,20)
       Max divergence:  0.62E+01 at (3,4,1)
       Min divergence: -0.94E+00 at (1,7,14)
       Max VN number :  0.24E+00 at (3,23,20)
 
       Time Step    40500   June 15, 2026  19:50:06
       Step Size:  0.100E-01 s, Total Time:  405.00000 s
       Pressure Iterations: 2
       Maximum Velocity Error:  0.67E-01 on Mesh 2 at (0,5,6)
       Maximum Pressure Error:  0.19E+03 on Mesh 2 at (6,5,1)
       ---------------------------------------------------------------
       Mesh    1
       Max CFL number:  0.33E+00 at (24,4,13)
       Max divergence:  0.36E+01 at (24,7,11)
       Min divergence: -0.65E+00 at (20,3,11)
       Max VN number :  0.25E+00 at (22,3,20)
       Mesh    2
       Max CFL number:  0.34E+00 at (2,7,15)
       Max divergence:  0.63E+01 at (5,5,4)
       Min divergence: -0.96E+00 at (4,4,6)
       Max VN number :  0.25E+00 at (10,32,20)
 
       Time Step    40600   June 15, 2026  19:50:17
       Step Size:  0.100E-01 s, Total Time:  406.00000 s
       Pressure Iterations: 2
       Maximum Velocity Error:  0.59E-01 on Mesh 1 at (24,7,12)
       Maximum Pressure Error:  0.24E+03 on Mesh 2 at (5,7,1)
       ---------------------------------------------------------------
       Mesh    1
       Max CFL number:  0.36E+00 at (23,1,13)
       Max divergence:  0.39E+01 at (23,1,12)
       Min divergence: -0.79E+00 at (21,1,14)
       Max VN number :  0.33E+00 at (24,1,15)
       Mesh    2
       Max CFL number:  0.36E+00 at (2,3,7)
       Max divergence:  0.60E+01 at (2,1,8)
       Min divergence: -0.89E+00 at (5,3,12)
       Max VN number :  0.22E+00 at (2,7,20)
 
       Time Step    40700   June 15, 2026  19:50:27
       Step Size:  0.100E-01 s, Total Time:  407.00000 s
       Pressure Iterations: 2
       Maximum Velocity Error:  0.36E-01 on Mesh 1 at (24,7,18)
       Maximum Pressure Error:  0.17E+03 on Mesh 2 at (5,5,4)
       ---------------------------------------------------------------
       Mesh    1
       Max CFL number:  0.32E+00 at (23,12,20)
       Max divergence:  0.31E+01 at (23,1,16)
       Min divergence: -0.44E+00 at (23,1,17)
       Max VN number :  0.33E+00 at (15,1,18)
       Mesh    2
       Max CFL number:  0.36E+00 at (3,4,16)
       Max divergence:  0.43E+01 at (4,4,7)
       Min divergence: -0.63E+00 at (2,16,20)
       Max VN number :  0.42E+00 at (10,1,17)
 
       Time Step    40800   June 15, 2026  19:50:37
       Step Size:  0.100E-01 s, Total Time:  408.00000 s
       Pressure Iterations: 2
       Maximum Velocity Error:  0.35E-01 on Mesh 1 at (24,3,17)
       Maximum Pressure Error:  0.14E+03 on Mesh 2 at (4,2,1)
       ---------------------------------------------------------------
       Mesh    1
       Max CFL number:  0.25E+00 at (19,28,20)
       Max divergence:  0.11E+01 at (24,2,17)
       Min divergence: -0.45E+00 at (19,5,20)
       Max VN number :  0.24E+00 at (1,29,9)
       Mesh    2
       Max CFL number:  0.29E+00 at (18,12,20)
       Max divergence:  0.31E+01 at (6,1,1)
       Min divergence: -0.53E+00 at (6,2,10)
       Max VN number :  0.23E+00 at (21,1,16)
 
       Time Step    40900   June 15, 2026  19:50:48
       Step Size:  0.100E-01 s, Total Time:  409.00000 s
       Pressure Iterations: 1
       Maximum Velocity Error:  0.92E-02 on Mesh 2 at (2,33,20)
       Maximum Pressure Error:  0.79E+02 on Mesh 2 at (6,1,1)
       ---------------------------------------------------------------
       Mesh    1
       Max CFL number:  0.17E+00 at (24,33,20)
       Max divergence:  0.26E+00 at (17,32,4)
       Min divergence: -0.27E+00 at (15,5,20)
       Max VN number :  0.21E+00 at (13,1,19)
       Mesh    2
       Max CFL number:  0.21E+00 at (25,27,13)
       Max divergence:  0.22E+01 at (6,2,3)
       Min divergence: -0.32E+00 at (7,3,8)
       Max VN number :  0.19E+00 at (25,29,14)
 
       Time Step    41000   June 15, 2026  19:51:00
       Step Size:  0.100E-01 s, Total Time:  410.00000 s
       Pressure Iterations: 1
       Maximum Velocity Error:  0.73E-02 on Mesh 1 at (1,33,4)
       Maximum Pressure Error:  0.13E+02 on Mesh 2 at (6,2,5)
       ---------------------------------------------------------------
       Mesh    1
       Max CFL number:  0.14E+00 at (21,33,20)
       Max divergence:  0.15E+00 at (20,33,6)
       Min divergence: -0.12E+00 at (4,33,4)
       Max VN number :  0.23E+00 at (4,33,15)
       Mesh    2
       Max CFL number:  0.18E+00 at (25,31,11)
       Max divergence:  0.14E+01 at (4,1,2)
       Min divergence: -0.31E+00 at (5,1,1)
       Max VN number :  0.16E+00 at (25,29,7)
 
       Time Step    41100   June 15, 2026  19:51:11
       Step Size:  0.100E-01 s, Total Time:  411.00000 s
       Pressure Iterations: 1
       Maximum Velocity Error:  0.62E-02 on Mesh 1 at (24,2,4)
       Maximum Pressure Error:  0.20E+02 on Mesh 1 at (2,14,15)
       ---------------------------------------------------------------
       Mesh    1
       Max CFL number:  0.12E+00 at (8,33,15)
       Max divergence:  0.74E-01 at (1,25,12)
       Min divergence: -0.11E+00 at (21,13,15)
       Max VN number :  0.15E+00 at (7,33,16)
       Mesh    2
       Max CFL number:  0.13E+00 at (9,3,11)
       Max divergence:  0.14E+01 at (4,3,6)
       Min divergence: -0.14E+00 at (2,3,5)
       Max VN number :  0.14E+00 at (18,33,11)
 
       Time Step    41200   June 15, 2026  19:51:22
       Step Size:  0.100E-01 s, Total Time:  412.00000 s
       Pressure Iterations: 1
       Maximum Velocity Error:  0.49E-02 on Mesh 1 at (24,2,3)
       Maximum Pressure Error:  0.15E+02 on Mesh 2 at (5,1,1)
       ---------------------------------------------------------------
       Mesh    1
       Max CFL number:  0.11E+00 at (22,13,1)
       Max divergence:  0.57E-01 at (1,23,7)
       Min divergence: -0.12E+00 at (20,13,15)
       Max VN number :  0.14E+00 at (12,33,15)
       Mesh    2
       Max CFL number:  0.93E-01 at (12,1,12)
       Max divergence:  0.16E+01 at (4,3,4)
       Min divergence: -0.95E-01 at (19,14,5)
       Max VN number :  0.12E+00 at (25,28,11)
 
       Time Step    41300   June 15, 2026  19:51:33
       Step Size:  0.100E-01 s, Total Time:  413.00000 s
       Pressure Iterations: 1
       Maximum Velocity Error:  0.38E-02 on Mesh 1 at (24,7,1)
       Maximum Pressure Error:  0.77E+01 on Mesh 2 at (3,1,2)
       ---------------------------------------------------------------
       Mesh    1
       Max CFL number:  0.82E-01 at (19,13,3)
       Max divergence:  0.56E-01 at (23,1,9)
       Min divergence: -0.12E+00 at (20,13,15)
       Max VN number :  0.11E+00 at (1,32,18)
       Mesh    2
       Max CFL number:  0.84E-01 at (2,1,7)
       Max divergence:  0.94E+00 at (4,3,2)
       Min divergence: -0.20E+00 at (3,1,2)
       Max VN number :  0.12E+00 at (8,3,1)
 
       Time Step    41400   June 15, 2026  19:51:46
       Step Size:  0.100E-01 s, Total Time:  414.00000 s
       Pressure Iterations: 1
       Maximum Velocity Error:  0.61E-02 on Mesh 1 at (24,2,4)
       Maximum Pressure Error:  0.71E+01 on Mesh 2 at (3,2,1)
       ---------------------------------------------------------------
       Mesh    1
       Max CFL number:  0.95E-01 at (22,13,7)
       Max divergence:  0.72E-01 at (24,1,8)
       Min divergence: -0.14E+00 at (23,13,10)
       Max VN number :  0.12E+00 at (21,28,20)
       Mesh    2
       Max CFL number:  0.12E+00 at (3,1,8)
       Max divergence:  0.21E+01 at (3,2,2)
       Min divergence: -0.18E+00 at (2,2,3)
       Max VN number :  0.12E+00 at (1,1,9)
 
       Time Step    41500   June 15, 2026  19:51:58
       Step Size:  0.100E-01 s, Total Time:  415.00000 s
       Pressure Iterations: 1
       Maximum Velocity Error:  0.17E-01 on Mesh 1 at (24,2,10)
       Maximum Pressure Error:  0.66E+02 on Mesh 2 at (4,3,4)
       ---------------------------------------------------------------
       Mesh    1
       Max CFL number:  0.13E+00 at (24,1,15)
       Max divergence:  0.52E-01 at (23,1,10)
       Min divergence: -0.14E+00 at (23,13,12)
       Max VN number :  0.12E+00 at (23,13,2)
       Mesh    2
       Max CFL number:  0.19E+00 at (1,1,8)
       Max divergence:  0.30E+01 at (3,2,4)
       Min divergence: -0.22E+00 at (1,1,11)
       Max VN number :  0.12E+00 at (4,1,12)
 
       Time Step    41600   June 15, 2026  19:52:11
       Step Size:  0.100E-01 s, Total Time:  416.00000 s
       Pressure Iterations: 1
       Maximum Velocity Error:  0.20E-01 on Mesh 1 at (24,2,8)
       Maximum Pressure Error:  0.15E+02 on Mesh 2 at (2,2,8)
       ---------------------------------------------------------------
       Mesh    1
       Max CFL number:  0.22E+00 at (22,1,20)
       Max divergence:  0.74E-01 at (22,1,9)
       Min divergence: -0.11E+00 at (20,13,12)
       Max VN number :  0.12E+00 at (23,1,19)
       Mesh    2
       Max CFL number:  0.11E+00 at (1,1,10)
       Max divergence:  0.22E+01 at (4,1,3)
       Min divergence: -0.16E+00 at (1,1,7)
       Max VN number :  0.13E+00 at (2,1,11)
 
       Time Step    41700   June 15, 2026  19:52:23
       Step Size:  0.100E-01 s, Total Time:  417.00000 s
       Pressure Iterations: 1
       Maximum Velocity Error:  0.19E-02 on Mesh 1 at (24,8,1)
       Maximum Pressure Error:  0.41E+01 on Mesh 2 at (6,1,5)
       ---------------------------------------------------------------
       Mesh    1
       Max CFL number:  0.12E+00 at (18,3,20)
       Max divergence:  0.45E-01 at (24,1,9)
       Min divergence: -0.10E+00 at (23,13,15)
       Max VN number :  0.12E+00 at (18,5,20)
       Mesh    2
       Max CFL number:  0.13E+00 at (5,1,7)
       Max divergence:  0.17E+01 at (6,1,6)
       Min divergence: -0.11E+00 at (6,1,5)
       Max VN number :  0.96E-01 at (4,1,8)
 
       Time Step    41800   June 15, 2026  19:52:34
       Step Size:  0.100E-01 s, Total Time:  418.00000 s
       Pressure Iterations: 1
       Maximum Velocity Error:  0.11E-02 on Mesh 1 at (24,11,2)
       Maximum Pressure Error:  0.51E+01 on Mesh 2 at (10,2,6)
       ---------------------------------------------------------------
       Mesh    1
       Max CFL number:  0.10E+00 at (20,13,6)
       Max divergence:  0.32E-01 at (15,1,18)
       Min divergence: -0.11E+00 at (21,13,15)
       Max VN number :  0.66E-01 at (9,18,20)
       Mesh    2
       Max CFL number:  0.74E-01 at (6,1,10)
       Max divergence:  0.35E+00 at (10,3,6)
       Min divergence: -0.11E+00 at (10,2,6)
       Max VN number :  0.84E-01 at (4,1,11)
 
       Time Step    41900   June 15, 2026  19:52:46
       Step Size:  0.100E-01 s, Total Time:  419.00000 s
       Pressure Iterations: 1
       Maximum Velocity Error:  0.19E-02 on Mesh 1 at (24,12,2)
       Maximum Pressure Error:  0.59E+01 on Mesh 2 at (12,3,1)
       ---------------------------------------------------------------
       Mesh    1
       Max CFL number:  0.95E-01 at (21,13,3)
       Max divergence:  0.26E-01 at (4,31,3)
       Min divergence: -0.10E+00 at (21,13,15)
       Max VN number :  0.93E-01 at (22,14,20)
       Mesh    2
       Max CFL number:  0.75E-01 at (1,14,5)
       Max divergence:  0.14E+01 at (13,2,6)
       Min divergence: -0.12E+00 at (12,2,7)
       Max VN number :  0.88E-01 at (4,12,20)
 
       Time Step    42000   June 15, 2026  19:52:57
       Step Size:  0.100E-01 s, Total Time:  420.00000 s
       Pressure Iterations: 1
       Maximum Velocity Error:  0.11E-02 on Mesh 1 at (24,13,2)
       Maximum Pressure Error:  0.31E+02 on Mesh 2 at (14,2,1)
       ---------------------------------------------------------------
       Mesh    1
       Max CFL number:  0.11E+00 at (20,13,1)
       Max divergence:  0.41E-01 at (19,13,2)
       Min divergence: -0.11E+00 at (22,13,15)
       Max VN number :  0.87E-01 at (20,28,1)
       Mesh    2
       Max CFL number:  0.84E-01 at (1,13,3)
       Max divergence:  0.14E+01 at (14,4,7)
       Min divergence: -0.23E+00 at (14,2,1)
       Max VN number :  0.76E-01 at (7,11,20)
 
       Time Step    42100   June 15, 2026  19:53:09
       Step Size:  0.100E-01 s, Total Time:  421.00000 s
       Pressure Iterations: 1
       Maximum Velocity Error:  0.28E-02 on Mesh 1 at (24,10,1)
       Maximum Pressure Error:  0.19E+03 on Mesh 2 at (15,3,1)
       ---------------------------------------------------------------
       Mesh    1
       Max CFL number:  0.11E+00 at (20,13,1)
       Max divergence:  0.32E-01 at (19,13,3)
       Min divergence: -0.11E+00 at (23,13,15)
       Max VN number :  0.93E-01 at (19,15,3)
       Mesh    2
       Max CFL number:  0.80E-01 at (14,1,7)
       Max divergence:  0.18E+01 at (16,2,1)
       Min divergence: -0.26E+00 at (15,3,1)
       Max VN number :  0.76E-01 at (4,8,1)
 
       Time Step    42200   June 15, 2026  19:53:21
       Step Size:  0.100E-01 s, Total Time:  422.00000 s
       Pressure Iterations: 1
       Maximum Velocity Error:  0.14E-02 on Mesh 1 at (24,9,3)
       Maximum Pressure Error:  0.60E+02 on Mesh 2 at (16,2,9)
       ---------------------------------------------------------------
       Mesh    1
       Max CFL number:  0.98E-01 at (22,13,7)
       Max divergence:  0.59E-01 at (1,29,6)
       Min divergence: -0.12E+00 at (23,13,15)
       Max VN number :  0.95E-01 at (9,26,1)
       Mesh    2
       Max CFL number:  0.85E-01 at (16,2,9)
       Max divergence:  0.11E+01 at (17,3,1)
       Min divergence: -0.24E+00 at (16,2,9)
       Max VN number :  0.79E-01 at (20,1,2)
 
       Time Step    42300   June 15, 2026  19:53:32
       Step Size:  0.100E-01 s, Total Time:  423.00000 s
       Pressure Iterations: 1
       Maximum Velocity Error:  0.99E-03 on Mesh 1 at (24,7,1)
       Maximum Pressure Error:  0.37E+02 on Mesh 2 at (18,3,1)
       ---------------------------------------------------------------
       Mesh    1
       Max CFL number:  0.93E-01 at (22,13,3)
       Max divergence:  0.37E-01 at (1,29,8)
       Min divergence: -0.10E+00 at (22,13,15)
       Max VN number :  0.12E+00 at (23,13,2)
       Mesh    2
       Max CFL number:  0.15E+00 at (19,1,6)
       Max divergence:  0.93E+00 at (19,2,1)
       Min divergence: -0.28E+00 at (18,3,1)
       Max VN number :  0.62E-01 at (21,1,3)
 
       Time Step    42400   June 15, 2026  19:53:44
       Step Size:  0.100E-01 s, Total Time:  424.00000 s
       Pressure Iterations: 1
       Maximum Velocity Error:  0.98E-03 on Mesh 1 at (24,12,1)
       Maximum Pressure Error:  0.10E+01 on Mesh 2 at (18,19,5)
       ---------------------------------------------------------------
       Mesh    1
       Max CFL number:  0.10E+00 at (20,13,1)
       Max divergence:  0.25E-01 at (1,30,8)
       Min divergence: -0.96E-01 at (22,13,15)
       Max VN number :  0.77E-01 at (7,21,20)
       Mesh    2
       Max CFL number:  0.12E+00 at (19,1,15)
       Max divergence:  0.53E-01 at (19,1,15)
       Min divergence: -0.55E-01 at (7,17,14)
       Max VN number :  0.73E-01 at (1,7,1)
 
       Time Step    42500   June 15, 2026  19:53:56
       Step Size:  0.100E-01 s, Total Time:  425.00000 s
       Pressure Iterations: 1
       Maximum Velocity Error:  0.64E-03 on Mesh 1 at (24,7,1)
       Maximum Pressure Error:  0.66E+00 on Mesh 2 at (18,14,4)
       ---------------------------------------------------------------
       Mesh    1
       Max CFL number:  0.95E-01 at (20,13,3)
       Max divergence:  0.36E-01 at (19,13,1)
       Min divergence: -0.92E-01 at (22,13,15)
       Max VN number :  0.56E-01 at (12,11,1)
       Mesh    2
       Max CFL number:  0.61E-01 at (1,11,1)
       Max divergence:  0.54E-01 at (20,1,12)
       Min divergence: -0.56E-01 at (7,17,14)
       Max VN number :  0.71E-01 at (2,12,1)
 
       Time Step    42600   June 15, 2026  19:54:07
       Step Size:  0.100E-01 s, Total Time:  426.00000 s
       Pressure Iterations: 1
       Maximum Velocity Error:  0.67E-03 on Mesh 2 at (0,11,2)
       Maximum Pressure Error:  0.19E+01 on Mesh 2 at (18,14,15)
       ---------------------------------------------------------------
       Mesh    1
       Max CFL number:  0.10E+00 at (20,13,1)
       Max divergence:  0.49E-01 at (19,13,5)
       Min divergence: -0.88E-01 at (22,13,15)
       Max VN number :  0.82E-01 at (23,13,2)
       Mesh    2
       Max CFL number:  0.52E-01 at (2,7,1)
       Max divergence:  0.29E-01 at (17,4,13)
       Min divergence: -0.54E-01 at (7,17,14)
       Max VN number :  0.62E-01 at (2,2,1)
 
       Time Step    42700   June 15, 2026  19:54:20
       Step Size:  0.100E-01 s, Total Time:  427.00000 s
       Pressure Iterations: 1
       Maximum Velocity Error:  0.63E-03 on Mesh 2 at (0,11,1)
       Maximum Pressure Error:  0.12E+01 on Mesh 2 at (18,14,2)
       ---------------------------------------------------------------
       Mesh    1
       Max CFL number:  0.99E-01 at (20,13,1)
       Max divergence:  0.29E-01 at (20,14,16)
       Min divergence: -0.84E-01 at (22,13,15)
       Max VN number :  0.78E-01 at (23,13,2)
       Mesh    2
       Max CFL number:  0.60E-01 at (1,13,2)
       Max divergence:  0.21E-01 at (14,1,11)
       Min divergence: -0.56E-01 at (7,14,5)
       Max VN number :  0.75E-01 at (4,7,1)
 
       Time Step    42800   June 15, 2026  19:54:32
       Step Size:  0.100E-01 s, Total Time:  428.00000 s
       Pressure Iterations: 1
       Maximum Velocity Error:  0.38E-03 on Mesh 2 at (16,33,6)
       Maximum Pressure Error:  0.49E+00 on Mesh 1 at (6,14,15)
       ---------------------------------------------------------------
       Mesh    1
       Max CFL number:  0.96E-01 at (20,13,1)
       Max divergence:  0.28E-01 at (20,14,16)
       Min divergence: -0.85E-01 at (23,13,3)
       Max VN number :  0.10E+00 at (23,13,2)
       Mesh    2
       Max CFL number:  0.52E-01 at (1,9,1)
       Max divergence:  0.23E-01 at (17,31,6)
       Min divergence: -0.57E-01 at (7,14,3)
       Max VN number :  0.60E-01 at (4,5,1)
 
       Time Step    42900   June 15, 2026  19:54:43
       Step Size:  0.100E-01 s, Total Time:  429.00000 s
       Pressure Iterations: 1
       Maximum Velocity Error:  0.38E-03 on Mesh 1 at (24,11,2)
       Maximum Pressure Error:  0.11E+01 on Mesh 1 at (2,14,15)
       ---------------------------------------------------------------
       Mesh    1
       Max CFL number:  0.93E-01 at (21,13,4)
       Max divergence:  0.31E-01 at (22,14,16)
       Min divergence: -0.76E-01 at (23,13,2)
       Max VN number :  0.12E+00 at (23,13,2)
       Mesh    2
       Max CFL number:  0.56E-01 at (1,13,2)
       Max divergence:  0.29E-01 at (16,32,6)
       Min divergence: -0.52E-01 at (7,14,7)
       Max VN number :  0.48E-01 at (3,5,1)
 
       Time Step    43000   June 15, 2026  19:54:55
       Step Size:  0.100E-01 s, Total Time:  430.00000 s
       Pressure Iterations: 1
       Maximum Velocity Error:  0.49E-03 on Mesh 1 at (24,9,2)
       Maximum Pressure Error:  0.77E+00 on Mesh 1 at (2,14,15)
       ---------------------------------------------------------------
       Mesh    1
       Max CFL number:  0.97E-01 at (20,13,1)
       Max divergence:  0.29E-01 at (22,14,16)
       Min divergence: -0.77E-01 at (22,13,15)
       Max VN number :  0.79E-01 at (23,13,2)
       Mesh    2
       Max CFL number:  0.58E-01 at (2,10,1)
       Max divergence:  0.29E-01 at (16,33,7)
       Min divergence: -0.48E-01 at (7,17,12)
       Max VN number :  0.48E-01 at (3,11,1)
 
       Time Step    43100   June 15, 2026  19:55:07
       Step Size:  0.100E-01 s, Total Time:  431.00000 s
       Pressure Iterations: 1
       Maximum Velocity Error:  0.70E-03 on Mesh 1 at (24,10,1)
       Maximum Pressure Error:  0.38E+00 on Mesh 2 at (7,14,1)
       ---------------------------------------------------------------
       Mesh    1
       Max CFL number:  0.94E-01 at (22,13,3)
       Max divergence:  0.26E-01 at (20,14,16)
       Min divergence: -0.75E-01 at (21,13,15)
       Max VN number :  0.71E-01 at (23,13,2)
       Mesh    2
       Max CFL number:  0.58E-01 at (3,8,1)
       Max divergence:  0.22E-01 at (23,26,3)
       Min divergence: -0.45E-01 at (7,17,12)
       Max VN number :  0.46E-01 at (4,9,1)
 
       Time Step    43200   June 15, 2026  19:55:20
       Step Size:  0.100E-01 s, Total Time:  432.00000 s
       Pressure Iterations: 1
       Maximum Velocity Error:  0.11E-02 on Mesh 2 at (18,33,9)
       Maximum Pressure Error:  0.14E+01 on Mesh 2 at (18,14,15)
       ---------------------------------------------------------------
       Mesh    1
       Max CFL number:  0.90E-01 at (20,13,1)
       Max divergence:  0.26E-01 at (21,15,16)
       Min divergence: -0.84E-01 at (20,13,1)
       Max VN number :  0.53E-01 at (24,13,2)
       Mesh    2
       Max CFL number:  0.59E-01 at (7,6,1)
       Max divergence:  0.27E-01 at (18,33,9)
       Min divergence: -0.47E-01 at (7,12,2)
       Max VN number :  0.51E-01 at (17,15,20)
 
       Time Step    43300   June 15, 2026  19:55:32
       Step Size:  0.100E-01 s, Total Time:  433.00000 s
       Pressure Iterations: 1
       Maximum Velocity Error:  0.67E-03 on Mesh 2 at (0,13,3)
       Maximum Pressure Error:  0.11E+01 on Mesh 2 at (18,14,15)
       ---------------------------------------------------------------
       Mesh    1
       Max CFL number:  0.87E-01 at (21,13,1)
       Max divergence:  0.37E-01 at (24,13,3)
       Min divergence: -0.77E-01 at (21,13,15)
       Max VN number :  0.63E-01 at (22,13,2)
       Mesh    2
       Max CFL number:  0.56E-01 at (9,5,1)
       Max divergence:  0.22E-01 at (25,28,3)
       Min divergence: -0.48E-01 at (7,17,11)
       Max VN number :  0.68E-01 at (17,15,20)
 
       Time Step    43400   June 15, 2026  19:55:44
       Step Size:  0.100E-01 s, Total Time:  434.00000 s
       Pressure Iterations: 1
       Maximum Velocity Error:  0.45E-03 on Mesh 1 at (24,24,1)
       Maximum Pressure Error:  0.45E+00 on Mesh 1 at (7,14,1)
       ---------------------------------------------------------------
       Mesh    1
       Max CFL number:  0.87E-01 at (21,13,6)
       Max divergence:  0.27E-01 at (22,15,16)
       Min divergence: -0.75E-01 at (20,13,15)
       Max VN number :  0.54E-01 at (7,25,1)
       Mesh    2
       Max CFL number:  0.52E-01 at (7,14,5)
       Max divergence:  0.22E-01 at (25,27,3)
       Min divergence: -0.46E-01 at (7,17,11)
       Max VN number :  0.59E-01 at (17,16,20)
 
       Time Step    43500   June 15, 2026  19:55:56
       Step Size:  0.100E-01 s, Total Time:  435.00000 s
       Pressure Iterations: 1
       Maximum Velocity Error:  0.41E-03 on Mesh 1 at (24,13,3)
       Maximum Pressure Error:  0.11E+01 on Mesh 1 at (2,14,15)
       ---------------------------------------------------------------
       Mesh    1
       Max CFL number:  0.90E-01 at (20,13,1)
       Max divergence:  0.27E-01 at (22,15,16)
       Min divergence: -0.79E-01 at (23,13,15)
       Max VN number :  0.68E-01 at (22,13,2)
       Mesh    2
       Max CFL number:  0.52E-01 at (3,4,1)
       Max divergence:  0.24E-01 at (25,23,2)
       Min divergence: -0.45E-01 at (7,17,11)
       Max VN number :  0.62E-01 at (9,10,1)
 
       Time Step    43600   June 15, 2026  19:56:08
       Step Size:  0.100E-01 s, Total Time:  436.00000 s
       Pressure Iterations: 1
       Maximum Velocity Error:  0.36E-03 on Mesh 1 at (24,12,3)
       Maximum Pressure Error:  0.98E+00 on Mesh 1 at (7,14,1)
       ---------------------------------------------------------------
       Mesh    1
       Max CFL number:  0.85E-01 at (20,13,1)
       Max divergence:  0.25E-01 at (22,14,16)
       Min divergence: -0.78E-01 at (20,13,1)
       Max VN number :  0.58E-01 at (17,13,2)
       Mesh    2
       Max CFL number:  0.45E-01 at (4,3,1)
       Max divergence:  0.27E-01 at (12,32,7)
       Min divergence: -0.40E-01 at (7,17,11)
       Max VN number :  0.57E-01 at (17,16,20)
 
       Time Step    43700   June 15, 2026  19:56:19
       Step Size:  0.100E-01 s, Total Time:  437.00000 s
       Pressure Iterations: 1
       Maximum Velocity Error:  0.41E-03 on Mesh 1 at (24,33,3)
       Maximum Pressure Error:  0.44E+00 on Mesh 1 at (7,17,1)
       ---------------------------------------------------------------
       Mesh    1
       Max CFL number:  0.93E-01 at (20,13,1)
       Max divergence:  0.25E-01 at (21,15,16)
       Min divergence: -0.73E-01 at (23,13,15)
       Max VN number :  0.54E-01 at (17,5,1)
       Mesh    2
       Max CFL number:  0.46E-01 at (1,14,7)
       Max divergence:  0.36E-01 at (16,31,8)
       Min divergence: -0.39E-01 at (7,17,11)
       Max VN number :  0.65E-01 at (17,16,20)
 
       Time Step    43800   June 15, 2026  19:56:29
       Step Size:  0.100E-01 s, Total Time:  438.00000 s
       Pressure Iterations: 1
       Maximum Velocity Error:  0.49E-03 on Mesh 2 at (17,33,6)
       Maximum Pressure Error:  0.34E+00 on Mesh 2 at (7,16,1)
       ---------------------------------------------------------------
       Mesh    1
       Max CFL number:  0.92E-01 at (20,13,1)
       Max divergence:  0.28E-01 at (22,14,16)
       Min divergence: -0.72E-01 at (23,13,15)
       Max VN number :  0.68E-01 at (23,13,2)
       Mesh    2
       Max CFL number:  0.45E-01 at (1,13,4)
       Max divergence:  0.38E-01 at (16,32,9)
       Min divergence: -0.39E-01 at (1,17,12)
       Max VN number :  0.62E-01 at (17,16,20)
 
       Time Step    43900   June 15, 2026  19:56:39
       Step Size:  0.100E-01 s, Total Time:  439.00000 s
       Pressure Iterations: 1
       Maximum Velocity Error:  0.32E-03 on Mesh 1 at (24,31,3)
       Maximum Pressure Error:  0.56E+00 on Mesh 1 at (2,14,15)
       ---------------------------------------------------------------
       Mesh    1
       Max CFL number:  0.91E-01 at (20,13,1)
       Max divergence:  0.38E-01 at (21,14,16)
       Min divergence: -0.71E-01 at (23,13,15)
       Max VN number :  0.45E-01 at (8,15,20)
       Mesh    2
       Max CFL number:  0.47E-01 at (1,14,8)
       Max divergence:  0.39E-01 at (11,33,9)
       Min divergence: -0.40E-01 at (7,17,12)
       Max VN number :  0.59E-01 at (18,16,20)
 
       Time Step    44000   June 15, 2026  19:56:49
       Step Size:  0.100E-01 s, Total Time:  440.00000 s
       Pressure Iterations: 1
       Maximum Velocity Error:  0.46E-03 on Mesh 1 at (24,1,4)
       Maximum Pressure Error:  0.38E+00 on Mesh 1 at (2,14,15)
       ---------------------------------------------------------------
       Mesh    1
       Max CFL number:  0.77E-01 at (20,13,1)
       Max divergence:  0.42E-01 at (21,14,16)
       Min divergence: -0.77E-01 at (23,13,10)
       Max VN number :  0.93E-01 at (23,13,2)
       Mesh    2
       Max CFL number:  0.53E-01 at (1,13,6)
       Max divergence:  0.51E-01 at (13,32,10)
       Min divergence: -0.39E-01 at (7,17,13)
       Max VN number :  0.57E-01 at (18,16,20)
 
       Time Step    44100   June 15, 2026  19:56:59
       Step Size:  0.100E-01 s, Total Time:  441.00000 s
       Pressure Iterations: 1
       Maximum Velocity Error:  0.59E-03 on Mesh 2 at (0,13,1)
       Maximum Pressure Error:  0.11E+01 on Mesh 1 at (2,14,15)
       ---------------------------------------------------------------
       Mesh    1
       Max CFL number:  0.82E-01 at (20,13,3)
       Max divergence:  0.40E-01 at (21,14,16)
       Min divergence: -0.70E-01 at (21,13,15)
       Max VN number :  0.52E-01 at (23,13,4)
       Mesh    2
       Max CFL number:  0.50E-01 at (1,13,5)
       Max divergence:  0.18E-01 at (12,31,10)
       Min divergence: -0.37E-01 at (7,17,12)
       Max VN number :  0.56E-01 at (19,16,20)
 
       Time Step    44200   June 15, 2026  19:57:09
       Step Size:  0.100E-01 s, Total Time:  442.00000 s
       Pressure Iterations: 1
       Maximum Velocity Error:  0.63E-03 on Mesh 2 at (10,33,10)
       Maximum Pressure Error:  0.70E+00 on Mesh 1 at (2,14,15)
       ---------------------------------------------------------------
       Mesh    1
       Max CFL number:  0.79E-01 at (22,13,4)
       Max divergence:  0.39E-01 at (21,14,16)
       Min divergence: -0.68E-01 at (21,13,15)
       Max VN number :  0.83E-01 at (24,13,2)
       Mesh    2
       Max CFL number:  0.47E-01 at (7,14,6)
       Max divergence:  0.48E-01 at (10,33,10)
       Min divergence: -0.37E-01 at (7,17,12)
       Max VN number :  0.58E-01 at (19,16,20)
 
       Time Step    44300   June 15, 2026  19:57:20
       Step Size:  0.100E-01 s, Total Time:  443.00000 s
       Pressure Iterations: 1
       Maximum Velocity Error:  0.59E-03 on Mesh 1 at (24,12,2)
       Maximum Pressure Error:  0.33E+00 on Mesh 1 at (19,15,2)
       ---------------------------------------------------------------
       Mesh    1
       Max CFL number:  0.80E-01 at (22,13,1)
       Max divergence:  0.42E-01 at (21,14,16)
       Min divergence: -0.66E-01 at (21,13,15)
       Max VN number :  0.83E-01 at (24,13,2)
       Mesh    2
       Max CFL number:  0.45E-01 at (1,14,6)
       Max divergence:  0.18E-01 at (10,32,10)
       Min divergence: -0.36E-01 at (7,17,12)
       Max VN number :  0.52E-01 at (19,16,20)
 
       Time Step    44400   June 15, 2026  19:57:31
       Step Size:  0.100E-01 s, Total Time:  444.00000 s
       Pressure Iterations: 1
       Maximum Velocity Error:  0.54E-03 on Mesh 1 at (24,11,1)
       Maximum Pressure Error:  0.29E+00 on Mesh 2 at (18,19,3)
       ---------------------------------------------------------------
       Mesh    1
       Max CFL number:  0.83E-01 at (20,13,1)
       Max divergence:  0.42E-01 at (21,14,16)
       Min divergence: -0.66E-01 at (23,13,15)
       Max VN number :  0.59E-01 at (24,13,2)
       Mesh    2
       Max CFL number:  0.48E-01 at (7,14,7)
       Max divergence:  0.16E-01 at (10,32,10)
       Min divergence: -0.34E-01 at (7,17,12)
       Max VN number :  0.48E-01 at (18,18,20)
 
       Time Step    44500   June 15, 2026  19:57:41
       Step Size:  0.100E-01 s, Total Time:  445.00000 s
       Pressure Iterations: 1
       Maximum Velocity Error:  0.35E-03 on Mesh 1 at (24,7,1)
       Maximum Pressure Error:  0.39E+00 on Mesh 2 at (18,19,2)
       ---------------------------------------------------------------
       Mesh    1
       Max CFL number:  0.77E-01 at (22,13,1)
       Max divergence:  0.47E-01 at (21,14,16)
       Min divergence: -0.68E-01 at (23,13,15)
       Max VN number :  0.96E-01 at (24,13,2)
       Mesh    2
       Max CFL number:  0.46E-01 at (7,14,5)
       Max divergence:  0.16E-01 at (5,9,6)
       Min divergence: -0.32E-01 at (7,17,12)
       Max VN number :  0.49E-01 at (18,18,20)
 
       Time Step    44600   June 15, 2026  19:57:53
       Step Size:  0.100E-01 s, Total Time:  446.00000 s
       Pressure Iterations: 1
       Maximum Velocity Error:  0.25E-03 on Mesh 1 at (24,33,5)
       Maximum Pressure Error:  0.31E+00 on Mesh 1 at (2,14,5)
       ---------------------------------------------------------------
       Mesh    1
       Max CFL number:  0.88E-01 at (20,13,1)
       Max divergence:  0.54E-01 at (21,14,16)
       Min divergence: -0.69E-01 at (20,13,1)
       Max VN number :  0.63E-01 at (16,16,16)
       Mesh    2
       Max CFL number:  0.46E-01 at (1,12,1)
       Max divergence:  0.15E-01 at (2,17,16)
       Min divergence: -0.31E-01 at (7,14,7)
       Max VN number :  0.44E-01 at (18,18,20)
 
       Time Step    44700   June 15, 2026  19:58:04
       Step Size:  0.100E-01 s, Total Time:  447.00000 s
       Pressure Iterations: 1
       Maximum Velocity Error:  0.36E-03 on Mesh 1 at (24,11,1)
       Maximum Pressure Error:  0.31E+00 on Mesh 1 at (13,14,2)
       ---------------------------------------------------------------
       Mesh    1
       Max CFL number:  0.80E-01 at (20,13,1)
       Max divergence:  0.56E-01 at (21,14,16)
       Min divergence: -0.63E-01 at (20,13,15)
       Max VN number :  0.63E-01 at (16,16,16)
       Mesh    2
       Max CFL number:  0.42E-01 at (2,10,1)
       Max divergence:  0.26E-01 at (8,32,9)
       Min divergence: -0.30E-01 at (7,14,4)
       Max VN number :  0.41E-01 at (18,15,20)
 
       Time Step    44800   June 15, 2026  19:58:15
       Step Size:  0.100E-01 s, Total Time:  448.00000 s
       Pressure Iterations: 1
       Maximum Velocity Error:  0.33E-03 on Mesh 2 at (0,3,1)
       Maximum Pressure Error:  0.38E+00 on Mesh 1 at (19,15,2)
       ---------------------------------------------------------------
       Mesh    1
       Max CFL number:  0.88E-01 at (20,13,1)
       Max divergence:  0.52E-01 at (21,14,16)
       Min divergence: -0.63E-01 at (23,13,15)
       Max VN number :  0.67E-01 at (21,15,16)
       Mesh    2
       Max CFL number:  0.40E-01 at (2,10,1)
       Max divergence:  0.16E-01 at (7,8,5)
       Min divergence: -0.30E-01 at (7,14,5)
       Max VN number :  0.44E-01 at (19,15,20)
 
       Time Step    44900   June 15, 2026  19:58:26
       Step Size:  0.100E-01 s, Total Time:  449.00000 s
       Pressure Iterations: 1
       Maximum Velocity Error:  0.30E-03 on Mesh 1 at (24,3,1)
       Maximum Pressure Error:  0.25E+00 on Mesh 1 at (13,14,2)
       ---------------------------------------------------------------
       Mesh    1
       Max CFL number:  0.88E-01 at (20,13,1)
       Max divergence:  0.39E-01 at (20,14,16)
       Min divergence: -0.63E-01 at (20,13,15)
       Max VN number :  0.77E-01 at (21,15,16)
       Mesh    2
       Max CFL number:  0.40E-01 at (1,14,8)
       Max divergence:  0.16E-01 at (7,9,5)
       Min divergence: -0.27E-01 at (7,14,7)
       Max VN number :  0.46E-01 at (19,15,20)
 
       Time Step    45000   June 15, 2026  19:58:36
       Step Size:  0.100E-01 s, Total Time:  450.00000 s
       Pressure Iterations: 1
       Maximum Velocity Error:  0.36E-03 on Mesh 2 at (0,11,6)
       Maximum Pressure Error:  0.55E+00 on Mesh 2 at (18,19,15)
       ---------------------------------------------------------------
       Mesh    1
       Max CFL number:  0.85E-01 at (20,13,1)
       Max divergence:  0.41E-01 at (20,14,16)
       Min divergence: -0.63E-01 at (22,13,15)
       Max VN number :  0.63E-01 at (21,15,16)
       Mesh    2
       Max CFL number:  0.36E-01 at (1,14,6)
       Max divergence:  0.16E-01 at (2,16,16)
       Min divergence: -0.27E-01 at (7,17,13)
       Max VN number :  0.47E-01 at (19,15,20)
 
       Time Step    45100   June 15, 2026  19:58:48
       Step Size:  0.100E-01 s, Total Time:  451.00000 s
       Pressure Iterations: 1
       Maximum Velocity Error:  0.28E-03 on Mesh 1 at (24,11,4)
       Maximum Pressure Error:  0.51E+00 on Mesh 2 at (18,14,15)
       ---------------------------------------------------------------
       Mesh    1
       Max CFL number:  0.82E-01 at (20,13,1)
       Max divergence:  0.36E-01 at (20,14,16)
       Min divergence: -0.62E-01 at (22,13,15)
       Max VN number :  0.65E-01 at (20,15,16)
       Mesh    2
       Max CFL number:  0.39E-01 at (3,7,1)
       Max divergence:  0.16E-01 at (2,17,16)
       Min divergence: -0.28E-01 at (7,17,13)
       Max VN number :  0.44E-01 at (19,15,20)
 
       Time Step    45200   June 15, 2026  19:58:59
       Step Size:  0.100E-01 s, Total Time:  452.00000 s
       Pressure Iterations: 1
       Maximum Velocity Error:  0.33E-03 on Mesh 1 at (24,13,5)
       Maximum Pressure Error:  0.26E+00 on Mesh 1 at (16,13,1)
       ---------------------------------------------------------------
       Mesh    1
       Max CFL number:  0.81E-01 at (20,13,1)
       Max divergence:  0.33E-01 at (18,14,16)
       Min divergence: -0.61E-01 at (23,13,15)
       Max VN number :  0.62E-01 at (20,15,16)
       Mesh    2
       Max CFL number:  0.36E-01 at (7,14,7)
       Max divergence:  0.16E-01 at (2,17,16)
       Min divergence: -0.27E-01 at (1,17,12)
       Max VN number :  0.40E-01 at (16,19,20)
 
       Time Step    45300   June 15, 2026  19:59:10
       Step Size:  0.100E-01 s, Total Time:  453.00000 s
       Pressure Iterations: 1
       Maximum Velocity Error:  0.38E-03 on Mesh 2 at (0,12,4)
       Maximum Pressure Error:  0.38E+00 on Mesh 2 at (18,14,15)
       ---------------------------------------------------------------
       Mesh    1
       Max CFL number:  0.82E-01 at (20,13,1)
       Max divergence:  0.31E-01 at (18,14,16)
       Min divergence: -0.62E-01 at (23,13,15)
       Max VN number :  0.51E-01 at (20,14,16)
       Mesh    2
       Max CFL number:  0.39E-01 at (1,13,5)
       Max divergence:  0.16E-01 at (2,18,16)
       Min divergence: -0.27E-01 at (1,17,12)
       Max VN number :  0.36E-01 at (16,19,20)
 
       Time Step    45400   June 15, 2026  19:59:21
       Step Size:  0.100E-01 s, Total Time:  454.00000 s
       Pressure Iterations: 1
       Maximum Velocity Error:  0.26E-03 on Mesh 1 at (24,11,4)
       Maximum Pressure Error:  0.34E+00 on Mesh 1 at (7,14,2)
       ---------------------------------------------------------------
       Mesh    1
       Max CFL number:  0.76E-01 at (20,13,1)
       Max divergence:  0.33E-01 at (18,14,16)
       Min divergence: -0.62E-01 at (23,13,15)
       Max VN number :  0.37E-01 at (17,13,2)
       Mesh    2
       Max CFL number:  0.38E-01 at (7,14,7)
       Max divergence:  0.16E-01 at (2,18,16)
       Min divergence: -0.26E-01 at (1,17,12)
       Max VN number :  0.31E-01 at (18,15,20)
 
       Time Step    45500   June 15, 2026  19:59:31
       Step Size:  0.100E-01 s, Total Time:  455.00000 s
       Pressure Iterations: 1
       Maximum Velocity Error:  0.26E-03 on Mesh 2 at (0,8,1)
       Maximum Pressure Error:  0.26E+00 on Mesh 1 at (7,14,1)
       ---------------------------------------------------------------
       Mesh    1
       Max CFL number:  0.71E-01 at (20,13,1)
       Max divergence:  0.30E-01 at (18,14,16)
       Min divergence: -0.59E-01 at (23,13,15)
       Max VN number :  0.42E-01 at (17,13,2)
       Mesh    2
       Max CFL number:  0.39E-01 at (7,14,6)
       Max divergence:  0.16E-01 at (3,18,16)
       Min divergence: -0.25E-01 at (7,16,14)
       Max VN number :  0.31E-01 at (16,19,20)
 
       Time Step    45600   June 15, 2026  19:59:41
       Step Size:  0.100E-01 s, Total Time:  456.00000 s
       Pressure Iterations: 1
       Maximum Velocity Error:  0.24E-03 on Mesh 2 at (0,6,1)
       Maximum Pressure Error:  0.32E+00 on Mesh 1 at (2,14,15)
       ---------------------------------------------------------------
       Mesh    1
       Max CFL number:  0.71E-01 at (20,13,1)
       Max divergence:  0.32E-01 at (20,14,16)
       Min divergence: -0.57E-01 at (23,13,13)
       Max VN number :  0.50E-01 at (17,13,2)
       Mesh    2
       Max CFL number:  0.41E-01 at (1,13,5)
       Max divergence:  0.15E-01 at (3,18,16)
       Min divergence: -0.24E-01 at (7,17,11)
       Max VN number :  0.30E-01 at (19,23,20)
 
       Time Step    45700   June 15, 2026  19:59:51
       Step Size:  0.100E-01 s, Total Time:  457.00000 s
       Pressure Iterations: 1
       Maximum Velocity Error:  0.32E-03 on Mesh 1 at (24,12,1)
       Maximum Pressure Error:  0.27E+00 on Mesh 1 at (7,16,1)
       ---------------------------------------------------------------
       Mesh    1
       Max CFL number:  0.69E-01 at (20,13,1)
       Max divergence:  0.34E-01 at (20,14,16)
       Min divergence: -0.56E-01 at (23,13,13)
       Max VN number :  0.49E-01 at (24,13,2)
       Mesh    2
       Max CFL number:  0.36E-01 at (1,13,4)
       Max divergence:  0.16E-01 at (2,18,16)
       Min divergence: -0.25E-01 at (7,14,9)
       Max VN number :  0.33E-01 at (16,15,16)
 
       Time Step    45800   June 15, 2026  20:00:02
       Step Size:  0.100E-01 s, Total Time:  458.00000 s
       Pressure Iterations: 1
       Maximum Velocity Error:  0.20E-03 on Mesh 2 at (0,25,20)
       Maximum Pressure Error:  0.19E+00 on Mesh 1 at (15,13,1)
       ---------------------------------------------------------------
       Mesh    1
       Max CFL number:  0.72E-01 at (20,13,1)
       Max divergence:  0.40E-01 at (20,14,16)
       Min divergence: -0.55E-01 at (23,13,13)
       Max VN number :  0.43E-01 at (8,15,20)
       Mesh    2
       Max CFL number:  0.39E-01 at (1,13,6)
       Max divergence:  0.16E-01 at (2,14,16)
       Min divergence: -0.25E-01 at (7,14,8)
       Max VN number :  0.29E-01 at (20,17,20)
 
       Time Step    45900   June 15, 2026  20:00:20
       Step Size:  0.100E-01 s, Total Time:  459.00000 s
       Pressure Iterations: 1
       Maximum Velocity Error:  0.22E-03 on Mesh 1 at (24,27,20)
       Maximum Pressure Error:  0.34E+00 on Mesh 1 at (2,19,15)
       ---------------------------------------------------------------
       Mesh    1
       Max CFL number:  0.76E-01 at (20,13,1)
       Max divergence:  0.43E-01 at (20,14,16)
       Min divergence: -0.54E-01 at (21,13,15)
       Max VN number :  0.45E-01 at (9,15,20)
       Mesh    2
       Max CFL number:  0.40E-01 at (1,13,5)
       Max divergence:  0.18E-01 at (2,14,16)
       Min divergence: -0.26E-01 at (7,14,8)
       Max VN number :  0.34E-01 at (5,11,1)
 
       Time Step    46000   June 15, 2026  20:00:33
       Step Size:  0.100E-01 s, Total Time:  460.00000 s
       Pressure Iterations: 1
       Maximum Velocity Error:  0.25E-03 on Mesh 1 at (24,30,20)
       Maximum Pressure Error:  0.47E+00 on Mesh 1 at (2,14,15)
       ---------------------------------------------------------------
       Mesh    1
       Max CFL number:  0.72E-01 at (20,13,1)
       Max divergence:  0.45E-01 at (21,14,16)
       Min divergence: -0.54E-01 at (21,13,15)
       Max VN number :  0.57E-01 at (15,10,1)
       Mesh    2
       Max CFL number:  0.34E-01 at (1,13,5)
       Max divergence:  0.20E-01 at (2,14,16)
       Min divergence: -0.23E-01 at (7,14,7)
       Max VN number :  0.44E-01 at (20,20,20)
 
       Time Step    46100   June 15, 2026  20:00:45
       Step Size:  0.100E-01 s, Total Time:  461.00000 s
       Pressure Iterations: 1
       Maximum Velocity Error:  0.28E-03 on Mesh 1 at (24,31,20)
       Maximum Pressure Error:  0.30E+00 on Mesh 1 at (19,14,1)
       ---------------------------------------------------------------
       Mesh    1
       Max CFL number:  0.71E-01 at (20,13,1)
       Max divergence:  0.52E-01 at (21,14,16)
       Min divergence: -0.56E-01 at (21,13,15)
       Max VN number :  0.55E-01 at (24,13,2)
       Mesh    2
       Max CFL number:  0.34E-01 at (19,18,20)
       Max divergence:  0.24E-01 at (1,9,3)
       Min divergence: -0.23E-01 at (7,18,14)
       Max VN number :  0.42E-01 at (20,20,20)
 
       Time Step    46200   June 15, 2026  20:00:57
       Step Size:  0.100E-01 s, Total Time:  462.00000 s
       Pressure Iterations: 1
       Maximum Velocity Error:  0.25E-03 on Mesh 1 at (24,13,4)
       Maximum Pressure Error:  0.49E+00 on Mesh 1 at (2,14,15)
       ---------------------------------------------------------------
       Mesh    1
       Max CFL number:  0.69E-01 at (20,13,1)
       Max divergence:  0.45E-01 at (21,14,16)
       Min divergence: -0.56E-01 at (21,13,15)
       Max VN number :  0.62E-01 at (23,13,2)
       Mesh    2
       Max CFL number:  0.36E-01 at (1,13,5)
       Max divergence:  0.19E-01 at (2,18,16)
       Min divergence: -0.21E-01 at (7,18,14)
       Max VN number :  0.36E-01 at (21,20,20)
 
       Time Step    46300   June 15, 2026  20:01:08
       Step Size:  0.100E-01 s, Total Time:  463.00000 s
       Pressure Iterations: 1
       Maximum Velocity Error:  0.33E-03 on Mesh 2 at (0,10,1)
       Maximum Pressure Error:  0.32E+00 on Mesh 1 at (2,14,15)
       ---------------------------------------------------------------
       Mesh    1
       Max CFL number:  0.68E-01 at (21,13,6)
       Max divergence:  0.45E-01 at (21,14,16)
       Min divergence: -0.57E-01 at (21,13,15)
       Max VN number :  0.68E-01 at (23,13,2)
       Mesh    2
       Max CFL number:  0.36E-01 at (1,13,4)
       Max divergence:  0.19E-01 at (2,18,16)
       Min divergence: -0.22E-01 at (7,18,14)
       Max VN number :  0.36E-01 at (16,14,16)
 
       Time Step    46400   June 15, 2026  20:01:20
       Step Size:  0.100E-01 s, Total Time:  464.00000 s
       Pressure Iterations: 1
       Maximum Velocity Error:  0.32E-03 on Mesh 1 at (24,9,1)
       Maximum Pressure Error:  0.20E+00 on Mesh 1 at (20,14,3)
       ---------------------------------------------------------------
       Mesh    1
       Max CFL number:  0.70E-01 at (20,13,1)
       Max divergence:  0.50E-01 at (21,14,16)
       Min divergence: -0.57E-01 at (21,13,15)
       Max VN number :  0.68E-01 at (22,16,16)
       Mesh    2
       Max CFL number:  0.35E-01 at (1,13,3)
       Max divergence:  0.18E-01 at (2,18,16)
       Min divergence: -0.22E-01 at (7,14,8)
       Max VN number :  0.30E-01 at (16,14,16)
 
       Time Step    46500   June 15, 2026  20:01:31
       Step Size:  0.100E-01 s, Total Time:  465.00000 s
       Pressure Iterations: 1
       Maximum Velocity Error:  0.31E-03 on Mesh 1 at (24,8,1)
       Maximum Pressure Error:  0.17E+00 on Mesh 1 at (19,14,1)
       ---------------------------------------------------------------
       Mesh    1
       Max CFL number:  0.65E-01 at (21,13,3)
       Max divergence:  0.42E-01 at (20,14,16)
       Min divergence: -0.56E-01 at (21,13,15)
       Max VN number :  0.76E-01 at (22,16,16)
       Mesh    2
       Max CFL number:  0.35E-01 at (16,18,20)
       Max divergence:  0.18E-01 at (2,18,16)
       Min divergence: -0.21E-01 at (7,17,12)
       Max VN number :  0.26E-01 at (8,9,1)
 
       Time Step    46600   June 15, 2026  20:01:43
       Step Size:  0.100E-01 s, Total Time:  466.00000 s
       Pressure Iterations: 1
       Maximum Velocity Error:  0.28E-03 on Mesh 1 at (24,7,1)
       Maximum Pressure Error:  0.30E+00 on Mesh 1 at (7,14,1)
       ---------------------------------------------------------------
       Mesh    1
       Max CFL number:  0.64E-01 at (21,13,6)
       Max divergence:  0.40E-01 at (20,14,16)
       Min divergence: -0.59E-01 at (23,13,10)
       Max VN number :  0.87E-01 at (22,16,16)
       Mesh    2
       Max CFL number:  0.35E-01 at (16,17,20)
       Max divergence:  0.21E-01 at (2,14,16)
       Min divergence: -0.20E-01 at (7,17,12)
       Max VN number :  0.30E-01 at (16,19,20)
 
       Time Step    46700   June 15, 2026  20:01:54
       Step Size:  0.100E-01 s, Total Time:  467.00000 s
       Pressure Iterations: 1
       Maximum Velocity Error:  0.35E-03 on Mesh 1 at (24,6,1)
       Maximum Pressure Error:  0.22E+00 on Mesh 1 at (18,13,1)
       ---------------------------------------------------------------
       Mesh    1
       Max CFL number:  0.65E-01 at (20,13,1)
       Max divergence:  0.44E-01 at (21,14,16)
       Min divergence: -0.64E-01 at (23,13,9)
       Max VN number :  0.84E-01 at (21,16,16)
       Mesh    2
       Max CFL number:  0.34E-01 at (16,18,20)
       Max divergence:  0.26E-01 at (2,14,16)
       Min divergence: -0.19E-01 at (1,14,9)
       Max VN number :  0.34E-01 at (16,19,20)
 
       Time Step    46800   June 15, 2026  20:02:06
       Step Size:  0.100E-01 s, Total Time:  468.00000 s
       Pressure Iterations: 1
       Maximum Velocity Error:  0.29E-03 on Mesh 2 at (0,20,20)
       Maximum Pressure Error:  0.29E+00 on Mesh 1 at (2,14,15)
       ---------------------------------------------------------------
       Mesh    1
       Max CFL number:  0.70E-01 at (20,13,1)
       Max divergence:  0.48E-01 at (21,14,16)
       Min divergence: -0.60E-01 at (23,13,9)
       Max VN number :  0.89E-01 at (21,16,16)
       Mesh    2
       Max CFL number:  0.34E-01 at (16,18,20)
       Max divergence:  0.20E-01 at (2,14,16)
       Min divergence: -0.21E-01 at (7,14,8)
       Max VN number :  0.32E-01 at (16,19,20)
 
       Time Step    46900   June 15, 2026  20:02:19
       Step Size:  0.100E-01 s, Total Time:  469.00000 s
       Pressure Iterations: 1
       Maximum Velocity Error:  0.27E-03 on Mesh 1 at (24,22,20)
       Maximum Pressure Error:  0.31E+00 on Mesh 1 at (18,14,4)
       ---------------------------------------------------------------
       Mesh    1
       Max CFL number:  0.73E-01 at (20,13,1)
       Max divergence:  0.44E-01 at (20,14,16)
       Min divergence: -0.56E-01 at (23,13,8)
       Max VN number :  0.63E-01 at (21,16,16)
       Mesh    2
       Max CFL number:  0.33E-01 at (19,17,20)
       Max divergence:  0.21E-01 at (1,12,2)
       Min divergence: -0.20E-01 at (7,14,8)
       Max VN number :  0.33E-01 at (4,11,1)
 
       Time Step    47000   June 15, 2026  20:02:31
       Step Size:  0.100E-01 s, Total Time:  470.00000 s
       Pressure Iterations: 1
       Maximum Velocity Error:  0.26E-03 on Mesh 1 at (24,25,20)
       Maximum Pressure Error:  0.45E+00 on Mesh 1 at (19,14,1)
       ---------------------------------------------------------------
       Mesh    1
       Max CFL number:  0.74E-01 at (20,13,1)
       Max divergence:  0.42E-01 at (20,14,16)
       Min divergence: -0.52E-01 at (21,13,15)
       Max VN number :  0.61E-01 at (18,13,2)
       Mesh    2
       Max CFL number:  0.33E-01 at (19,17,20)
       Max divergence:  0.18E-01 at (2,18,16)
       Min divergence: -0.18E-01 at (7,18,14)
       Max VN number :  0.35E-01 at (16,19,20)
 
       Time Step    47100   June 15, 2026  20:02:44
       Step Size:  0.100E-01 s, Total Time:  471.00000 s
       Pressure Iterations: 1
       Maximum Velocity Error:  0.23E-03 on Mesh 1 at (24,9,20)
       Maximum Pressure Error:  0.30E+00 on Mesh 2 at (18,14,15)
       ---------------------------------------------------------------
       Mesh    1
       Max CFL number:  0.77E-01 at (20,13,1)
       Max divergence:  0.39E-01 at (20,14,16)
       Min divergence: -0.53E-01 at (23,13,10)
       Max VN number :  0.67E-01 at (24,13,2)
       Mesh    2
       Max CFL number:  0.33E-01 at (19,17,20)
       Max divergence:  0.18E-01 at (4,14,16)
       Min divergence: -0.18E-01 at (7,18,14)
       Max VN number :  0.36E-01 at (16,19,20)
 
       Time Step    47200   June 15, 2026  20:02:57
       Step Size:  0.100E-01 s, Total Time:  472.00000 s
       Pressure Iterations: 1
       Maximum Velocity Error:  0.27E-03 on Mesh 1 at (24,9,19)
       Maximum Pressure Error:  0.34E+00 on Mesh 1 at (14,13,1)
       ---------------------------------------------------------------
       Mesh    1
       Max CFL number:  0.78E-01 at (20,13,1)
       Max divergence:  0.41E-01 at (20,14,16)
       Min divergence: -0.51E-01 at (22,13,15)
       Max VN number :  0.63E-01 at (24,13,2)
       Mesh    2
       Max CFL number:  0.34E-01 at (1,13,3)
       Max divergence:  0.24E-01 at (3,14,16)
       Min divergence: -0.17E-01 at (7,18,14)
       Max VN number :  0.33E-01 at (16,19,20)
 
       Time Step    47300   June 15, 2026  20:03:08
       Step Size:  0.100E-01 s, Total Time:  473.00000 s
       Pressure Iterations: 1
       Maximum Velocity Error:  0.26E-03 on Mesh 1 at (24,1,20)
       Maximum Pressure Error:  0.17E+00 on Mesh 1 at (20,14,3)
       ---------------------------------------------------------------
       Mesh    1
       Max CFL number:  0.70E-01 at (20,13,1)
       Max divergence:  0.44E-01 at (20,14,16)
       Min divergence: -0.50E-01 at (22,13,15)
       Max VN number :  0.57E-01 at (24,13,2)
       Mesh    2
       Max CFL number:  0.33E-01 at (19,17,20)
       Max divergence:  0.26E-01 at (3,14,16)
       Min divergence: -0.18E-01 at (1,15,11)
       Max VN number :  0.30E-01 at (16,19,20)
 
       Time Step    47400   June 15, 2026  20:03:20
       Step Size:  0.100E-01 s, Total Time:  474.00000 s
       Pressure Iterations: 1
       Maximum Velocity Error:  0.27E-03 on Mesh 2 at (0,19,19)
       Maximum Pressure Error:  0.29E+00 on Mesh 1 at (19,14,1)
       ---------------------------------------------------------------
       Mesh    1
       Max CFL number:  0.65E-01 at (21,13,4)
       Max divergence:  0.51E-01 at (20,14,16)
       Min divergence: -0.56E-01 at (21,13,4)
       Max VN number :  0.56E-01 at (21,16,16)
       Mesh    2
       Max CFL number:  0.33E-01 at (19,17,20)
       Max divergence:  0.19E-01 at (3,14,16)
       Min divergence: -0.18E-01 at (1,15,10)
       Max VN number :  0.31E-01 at (16,19,20)
 
       Time Step    47500   June 15, 2026  20:03:31
       Step Size:  0.100E-01 s, Total Time:  475.00000 s
       Pressure Iterations: 1
       Maximum Velocity Error:  0.33E-03 on Mesh 2 at (0,20,19)
       Maximum Pressure Error:  0.24E+00 on Mesh 2 at (18,14,2)
       ---------------------------------------------------------------
       Mesh    1
       Max CFL number:  0.61E-01 at (20,13,1)
       Max divergence:  0.44E-01 at (20,14,16)
       Min divergence: -0.50E-01 at (23,13,11)
       Max VN number :  0.53E-01 at (19,5,1)
       Mesh    2
       Max CFL number:  0.33E-01 at (19,17,20)
       Max divergence:  0.23E-01 at (3,15,16)
       Min divergence: -0.16E-01 at (7,18,10)
       Max VN number :  0.36E-01 at (16,19,20)
 
       Time Step    47600   June 15, 2026  20:03:43
       Step Size:  0.100E-01 s, Total Time:  476.00000 s
       Pressure Iterations: 1
       Maximum Velocity Error:  0.31E-03 on Mesh 1 at (24,21,19)
       Maximum Pressure Error:  0.24E+00 on Mesh 1 at (19,14,3)
       ---------------------------------------------------------------
       Mesh    1
       Max CFL number:  0.61E-01 at (21,13,5)
       Max divergence:  0.44E-01 at (21,14,16)
       Min divergence: -0.53E-01 at (23,13,10)
       Max VN number :  0.51E-01 at (24,13,2)
       Mesh    2
       Max CFL number:  0.33E-01 at (19,18,20)
       Max divergence:  0.22E-01 at (3,15,16)
       Min divergence: -0.18E-01 at (1,15,9)
       Max VN number :  0.40E-01 at (16,19,20)
 
       Time Step    47700   June 15, 2026  20:03:55
       Step Size:  0.100E-01 s, Total Time:  477.00000 s
       Pressure Iterations: 1
       Maximum Velocity Error:  0.27E-03 on Mesh 1 at (24,22,19)
       Maximum Pressure Error:  0.23E+00 on Mesh 2 at (18,14,15)
       ---------------------------------------------------------------
       Mesh    1
       Max CFL number:  0.62E-01 at (20,13,5)
       Max divergence:  0.44E-01 at (21,14,16)
       Min divergence: -0.57E-01 at (23,13,10)
       Max VN number :  0.44E-01 at (24,13,2)
       Mesh    2
       Max CFL number:  0.34E-01 at (19,18,20)
       Max divergence:  0.20E-01 at (2,15,16)
       Min divergence: -0.18E-01 at (1,17,3)
       Max VN number :  0.39E-01 at (16,19,20)
 
       Time Step    47800   June 15, 2026  20:04:07
       Step Size:  0.100E-01 s, Total Time:  478.00000 s
       Pressure Iterations: 1
       Maximum Velocity Error:  0.26E-03 on Mesh 1 at (24,18,20)
       Maximum Pressure Error:  0.26E+00 on Mesh 2 at (18,14,1)
       ---------------------------------------------------------------
       Mesh    1
       Max CFL number:  0.64E-01 at (20,13,3)
       Max divergence:  0.47E-01 at (21,14,16)
       Min divergence: -0.53E-01 at (23,13,10)
       Max VN number :  0.43E-01 at (23,13,2)
       Mesh    2
       Max CFL number:  0.33E-01 at (19,16,20)
       Max divergence:  0.25E-01 at (2,15,16)
       Min divergence: -0.17E-01 at (7,16,9)
       Max VN number :  0.36E-01 at (16,19,20)
 
       Time Step    47900   June 15, 2026  20:04:18
       Step Size:  0.100E-01 s, Total Time:  479.00000 s
       Pressure Iterations: 1
       Maximum Velocity Error:  0.23E-03 on Mesh 1 at (24,28,20)
       Maximum Pressure Error:  0.30E+00 on Mesh 1 at (19,14,1)
       ---------------------------------------------------------------
       Mesh    1
       Max CFL number:  0.62E-01 at (20,13,3)
       Max divergence:  0.46E-01 at (21,14,16)
       Min divergence: -0.48E-01 at (21,13,15)
       Max VN number :  0.47E-01 at (24,13,2)
       Mesh    2
       Max CFL number:  0.33E-01 at (19,17,20)
       Max divergence:  0.29E-01 at (2,15,16)
       Min divergence: -0.16E-01 at (7,16,9)
       Max VN number :  0.37E-01 at (17,19,20)
 
       Time Step    48000   June 15, 2026  20:04:30
       Step Size:  0.100E-01 s, Total Time:  480.00000 s
       Pressure Iterations: 1
       Maximum Velocity Error:  0.34E-03 on Mesh 2 at (0,12,1)
       Maximum Pressure Error:  0.14E+00 on Mesh 1 at (2,14,15)
       ---------------------------------------------------------------
       Mesh    1
       Max CFL number:  0.62E-01 at (21,13,4)
       Max divergence:  0.48E-01 at (21,14,16)
       Min divergence: -0.47E-01 at (21,13,15)
       Max VN number :  0.50E-01 at (24,13,2)
       Mesh    2
       Max CFL number:  0.34E-01 at (19,17,20)
       Max divergence:  0.32E-01 at (2,15,16)
       Min divergence: -0.15E-01 at (7,15,6)
       Max VN number :  0.39E-01 at (17,19,20)
 
       Time Step    48100   June 15, 2026  20:04:41
       Step Size:  0.100E-01 s, Total Time:  481.00000 s
       Pressure Iterations: 1
       Maximum Velocity Error:  0.32E-03 on Mesh 1 at (24,11,19)
       Maximum Pressure Error:  0.21E+00 on Mesh 1 at (8,14,15)
       ---------------------------------------------------------------
       Mesh    1
       Max CFL number:  0.64E-01 at (21,13,6)
       Max divergence:  0.42E-01 at (21,14,16)
       Min divergence: -0.49E-01 at (23,13,11)
       Max VN number :  0.45E-01 at (24,13,2)
       Mesh    2
       Max CFL number:  0.34E-01 at (19,17,20)
       Max divergence:  0.25E-01 at (2,15,16)
       Min divergence: -0.17E-01 at (7,18,13)
       Max VN number :  0.38E-01 at (17,19,20)
 
       Time Step    48200   June 15, 2026  20:04:53
       Step Size:  0.100E-01 s, Total Time:  482.00000 s
       Pressure Iterations: 1
       Maximum Velocity Error:  0.32E-03 on Mesh 1 at (24,10,19)
       Maximum Pressure Error:  0.29E+00 on Mesh 1 at (19,14,3)
       ---------------------------------------------------------------
       Mesh    1
       Max CFL number:  0.62E-01 at (21,13,4)
       Max divergence:  0.45E-01 at (21,14,16)
       Min divergence: -0.47E-01 at (23,13,7)
       Max VN number :  0.40E-01 at (24,13,2)
       Mesh    2
       Max CFL number:  0.35E-01 at (19,17,20)
       Max divergence:  0.24E-01 at (2,15,16)
       Min divergence: -0.17E-01 at (7,18,13)
       Max VN number :  0.37E-01 at (17,19,20)
 
       Time Step    48300   June 15, 2026  20:05:05
       Step Size:  0.100E-01 s, Total Time:  483.00000 s
       Pressure Iterations: 1
       Maximum Velocity Error:  0.34E-03 on Mesh 1 at (24,23,19)
       Maximum Pressure Error:  0.13E+00 on Mesh 1 at (19,15,3)
       ---------------------------------------------------------------
       Mesh    1
       Max CFL number:  0.60E-01 at (21,13,6)
       Max divergence:  0.43E-01 at (21,14,16)
       Min divergence: -0.48E-01 at (23,13,10)
       Max VN number :  0.43E-01 at (24,13,2)
       Mesh    2
       Max CFL number:  0.35E-01 at (19,17,20)
       Max divergence:  0.24E-01 at (2,15,16)
       Min divergence: -0.17E-01 at (7,18,11)
       Max VN number :  0.39E-01 at (17,19,20)
 
       Time Step    48400   June 15, 2026  20:05:16
       Step Size:  0.100E-01 s, Total Time:  484.00000 s
       Pressure Iterations: 1
       Maximum Velocity Error:  0.36E-03 on Mesh 1 at (24,24,19)
       Maximum Pressure Error:  0.23E+00 on Mesh 2 at (18,14,15)
       ---------------------------------------------------------------
       Mesh    1
       Max CFL number:  0.57E-01 at (20,13,1)
       Max divergence:  0.40E-01 at (21,14,16)
       Min divergence: -0.47E-01 at (21,13,15)
       Max VN number :  0.46E-01 at (24,13,2)
       Mesh    2
       Max CFL number:  0.34E-01 at (19,17,20)
       Max divergence:  0.21E-01 at (4,15,16)
       Min divergence: -0.16E-01 at (7,18,11)
       Max VN number :  0.41E-01 at (17,19,20)
 
       Time Step    48500   June 15, 2026  20:05:28
       Step Size:  0.100E-01 s, Total Time:  485.00000 s
       Pressure Iterations: 1
       Maximum Velocity Error:  0.33E-03 on Mesh 1 at (24,25,19)
       Maximum Pressure Error:  0.19E+00 on Mesh 1 at (19,14,3)
       ---------------------------------------------------------------
       Mesh    1
       Max CFL number:  0.55E-01 at (21,13,8)
       Max divergence:  0.41E-01 at (22,14,16)
       Min divergence: -0.53E-01 at (22,13,4)
       Max VN number :  0.45E-01 at (24,13,2)
       Mesh    2
       Max CFL number:  0.34E-01 at (1,22,20)
       Max divergence:  0.24E-01 at (3,16,16)
       Min divergence: -0.15E-01 at (7,18,11)
       Max VN number :  0.43E-01 at (17,19,20)
 
       Time Step    48600   June 15, 2026  20:05:40
       Step Size:  0.100E-01 s, Total Time:  486.00000 s
       Pressure Iterations: 1
       Maximum Velocity Error:  0.34E-03 on Mesh 1 at (24,11,20)
       Maximum Pressure Error:  0.21E+00 on Mesh 1 at (2,14,15)
       ---------------------------------------------------------------
       Mesh    1
       Max CFL number:  0.58E-01 at (21,13,8)
       Max divergence:  0.38E-01 at (20,14,16)
       Min divergence: -0.46E-01 at (22,13,15)
       Max VN number :  0.45E-01 at (24,13,2)
       Mesh    2
       Max CFL number:  0.34E-01 at (1,24,20)
       Max divergence:  0.25E-01 at (2,14,16)
       Min divergence: -0.14E-01 at (7,18,11)
       Max VN number :  0.42E-01 at (17,19,20)
 
       Time Step    48700   June 15, 2026  20:05:51
       Step Size:  0.100E-01 s, Total Time:  487.00000 s
       Pressure Iterations: 1
       Maximum Velocity Error:  0.40E-03 on Mesh 1 at (24,9,20)
       Maximum Pressure Error:  0.63E+00 on Mesh 1 at (19,14,1)
       ---------------------------------------------------------------
       Mesh    1
       Max CFL number:  0.59E-01 at (21,13,6)
       Max divergence:  0.43E-01 at (21,14,16)
       Min divergence: -0.45E-01 at (22,13,15)
       Max VN number :  0.43E-01 at (24,13,2)
       Mesh    2
       Max CFL number:  0.34E-01 at (2,25,20)
       Max divergence:  0.24E-01 at (2,14,16)
       Min divergence: -0.14E-01 at (7,18,11)
       Max VN number :  0.40E-01 at (17,19,20)
 
       Time Step    48800   June 15, 2026  20:06:03
       Step Size:  0.100E-01 s, Total Time:  488.00000 s
       Pressure Iterations: 1
       Maximum Velocity Error:  0.38E-03 on Mesh 1 at (24,5,20)
       Maximum Pressure Error:  0.33E+00 on Mesh 1 at (19,14,1)
       ---------------------------------------------------------------
       Mesh    1
       Max CFL number:  0.62E-01 at (20,13,1)
       Max divergence:  0.43E-01 at (21,14,16)
       Min divergence: -0.45E-01 at (22,13,15)
       Max VN number :  0.51E-01 at (16,11,1)
       Mesh    2
       Max CFL number:  0.34E-01 at (19,18,20)
       Max divergence:  0.25E-01 at (3,16,16)
       Min divergence: -0.14E-01 at (7,18,11)
       Max VN number :  0.40E-01 at (17,19,20)
 
       Time Step    48900   June 15, 2026  20:06:14
       Step Size:  0.100E-01 s, Total Time:  489.00000 s
       Pressure Iterations: 1
       Maximum Velocity Error:  0.32E-03 on Mesh 1 at (24,20,19)
       Maximum Pressure Error:  0.23E+00 on Mesh 1 at (19,14,1)
       ---------------------------------------------------------------
       Mesh    1
       Max CFL number:  0.61E-01 at (20,13,1)
       Max divergence:  0.45E-01 at (21,14,16)
       Min divergence: -0.45E-01 at (22,13,15)
       Max VN number :  0.57E-01 at (17,10,1)
       Mesh    2
       Max CFL number:  0.34E-01 at (19,18,20)
       Max divergence:  0.20E-01 at (5,16,16)
       Min divergence: -0.13E-01 at (7,16,10)
       Max VN number :  0.41E-01 at (17,19,20)
 
       Time Step    49000   June 15, 2026  20:06:25
       Step Size:  0.100E-01 s, Total Time:  490.00000 s
       Pressure Iterations: 1
       Maximum Velocity Error:  0.33E-03 on Mesh 1 at (24,21,19)
       Maximum Pressure Error:  0.31E+00 on Mesh 1 at (19,14,4)
       ---------------------------------------------------------------
       Mesh    1
       Max CFL number:  0.56E-01 at (21,13,8)
       Max divergence:  0.42E-01 at (21,14,16)
       Min divergence: -0.45E-01 at (22,13,15)
       Max VN number :  0.40E-01 at (17,10,1)
       Mesh    2
       Max CFL number:  0.34E-01 at (19,18,20)
       Max divergence:  0.21E-01 at (5,16,16)
       Min divergence: -0.13E-01 at (7,18,12)
       Max VN number :  0.39E-01 at (17,18,20)
 
       Time Step    49100   June 15, 2026  20:06:37
       Step Size:  0.100E-01 s, Total Time:  491.00000 s
       Pressure Iterations: 1
       Maximum Velocity Error:  0.38E-03 on Mesh 1 at (24,11,20)
       Maximum Pressure Error:  0.38E+00 on Mesh 1 at (19,14,3)
       ---------------------------------------------------------------
       Mesh    1
       Max CFL number:  0.57E-01 at (21,13,6)
       Max divergence:  0.41E-01 at (21,14,16)
       Min divergence: -0.51E-01 at (23,13,8)
       Max VN number :  0.46E-01 at (17,9,1)
       Mesh    2
       Max CFL number:  0.34E-01 at (19,17,20)
       Max divergence:  0.23E-01 at (3,15,16)
       Min divergence: -0.12E-01 at (7,16,8)
       Max VN number :  0.40E-01 at (17,18,20)
 
       Time Step    49200   June 15, 2026  20:06:48
       Step Size:  0.100E-01 s, Total Time:  492.00000 s
       Pressure Iterations: 1
       Maximum Velocity Error:  0.48E-03 on Mesh 1 at (24,9,20)
       Maximum Pressure Error:  0.45E+00 on Mesh 1 at (19,14,1)
       ---------------------------------------------------------------
       Mesh    1
       Max CFL number:  0.56E-01 at (21,13,3)
       Max divergence:  0.41E-01 at (21,14,16)
       Min divergence: -0.45E-01 at (22,13,15)
       Max VN number :  0.40E-01 at (20,13,3)
       Mesh    2
       Max CFL number:  0.34E-01 at (19,17,20)
       Max divergence:  0.23E-01 at (3,14,16)
       Min divergence: -0.12E-01 at (7,16,8)
       Max VN number :  0.44E-01 at (17,18,20)
 
       Time Step    49300   June 15, 2026  20:07:00
       Step Size:  0.100E-01 s, Total Time:  493.00000 s
       Pressure Iterations: 1
       Maximum Velocity Error:  0.52E-03 on Mesh 1 at (24,5,20)
       Maximum Pressure Error:  0.22E+00 on Mesh 1 at (2,14,15)
       ---------------------------------------------------------------
       Mesh    1
       Max CFL number:  0.54E-01 at (20,13,4)
       Max divergence:  0.42E-01 at (22,14,16)
       Min divergence: -0.44E-01 at (22,13,12)
       Max VN number :  0.47E-01 at (24,13,2)
       Mesh    2
       Max CFL number:  0.33E-01 at (3,26,20)
       Max divergence:  0.23E-01 at (2,15,16)
       Min divergence: -0.11E-01 at (7,16,11)
       Max VN number :  0.47E-01 at (17,18,20)
 
       Time Step    49400   June 15, 2026  20:07:11
       Step Size:  0.100E-01 s, Total Time:  494.00000 s
       Pressure Iterations: 1
       Maximum Velocity Error:  0.55E-03 on Mesh 1 at (24,3,20)
       Maximum Pressure Error:  0.26E+00 on Mesh 1 at (19,14,4)
       ---------------------------------------------------------------
       Mesh    1
       Max CFL number:  0.56E-01 at (20,13,1)
       Max divergence:  0.42E-01 at (22,14,16)
       Min divergence: -0.42E-01 at (22,13,15)
       Max VN number :  0.43E-01 at (24,13,2)
       Mesh    2
       Max CFL number:  0.33E-01 at (3,33,20)
       Max divergence:  0.24E-01 at (2,15,16)
       Min divergence: -0.11E-01 at (7,16,9)
       Max VN number :  0.45E-01 at (17,18,20)
 
       Time Step    49500   June 15, 2026  20:07:23
       Step Size:  0.100E-01 s, Total Time:  495.00000 s
       Pressure Iterations: 1
       Maximum Velocity Error:  0.45E-03 on Mesh 1 at (24,20,19)
       Maximum Pressure Error:  0.47E+00 on Mesh 1 at (19,14,3)
       ---------------------------------------------------------------
       Mesh    1
       Max CFL number:  0.54E-01 at (20,13,7)
       Max divergence:  0.41E-01 at (21,14,16)
       Min divergence: -0.41E-01 at (22,13,15)
       Max VN number :  0.42E-01 at (16,11,1)
       Mesh    2
       Max CFL number:  0.33E-01 at (1,22,20)
       Max divergence:  0.23E-01 at (2,15,16)
       Min divergence: -0.11E-01 at (7,16,9)
       Max VN number :  0.41E-01 at (17,18,20)
 
       Time Step    49600   June 15, 2026  20:07:34
       Step Size:  0.100E-01 s, Total Time:  496.00000 s
       Pressure Iterations: 1
       Maximum Velocity Error:  0.34E-03 on Mesh 1 at (24,13,1)
       Maximum Pressure Error:  0.19E+00 on Mesh 1 at (20,14,15)
       ---------------------------------------------------------------
       Mesh    1
       Max CFL number:  0.54E-01 at (22,13,6)
       Max divergence:  0.40E-01 at (21,14,16)
       Min divergence: -0.41E-01 at (21,13,15)
       Max VN number :  0.46E-01 at (16,10,1)
       Mesh    2
       Max CFL number:  0.35E-01 at (1,23,20)
       Max divergence:  0.21E-01 at (2,17,16)
       Min divergence: -0.11E-01 at (7,16,9)
       Max VN number :  0.37E-01 at (17,18,20)
 
       Time Step    49700   June 15, 2026  20:07:45
       Step Size:  0.100E-01 s, Total Time:  497.00000 s
       Pressure Iterations: 1
       Maximum Velocity Error:  0.38E-03 on Mesh 1 at (24,10,1)
       Maximum Pressure Error:  0.18E+00 on Mesh 1 at (18,14,1)
       ---------------------------------------------------------------
       Mesh    1
       Max CFL number:  0.54E-01 at (20,13,1)
       Max divergence:  0.41E-01 at (21,14,16)
       Min divergence: -0.41E-01 at (21,13,15)
       Max VN number :  0.44E-01 at (24,13,2)
       Mesh    2
       Max CFL number:  0.35E-01 at (2,26,20)
       Max divergence:  0.21E-01 at (2,18,16)
       Min divergence: -0.11E-01 at (7,16,9)
       Max VN number :  0.35E-01 at (17,18,20)
 
       Time Step    49800   June 15, 2026  20:07:57
       Step Size:  0.100E-01 s, Total Time:  498.00000 s
       Pressure Iterations: 1
       Maximum Velocity Error:  0.35E-03 on Mesh 1 at (24,9,19)
       Maximum Pressure Error:  0.15E+00 on Mesh 2 at (18,14,15)
       ---------------------------------------------------------------
       Mesh    1
       Max CFL number:  0.55E-01 at (20,13,6)
       Max divergence:  0.41E-01 at (21,14,16)
       Min divergence: -0.42E-01 at (22,13,15)
       Max VN number :  0.41E-01 at (24,13,2)
       Mesh    2
       Max CFL number:  0.34E-01 at (2,28,20)
       Max divergence:  0.21E-01 at (2,18,16)
       Min divergence: -0.10E-01 at (7,16,9)
       Max VN number :  0.33E-01 at (17,18,20)
 
       Time Step    49900   June 15, 2026  20:08:08
       Step Size:  0.100E-01 s, Total Time:  499.00000 s
       Pressure Iterations: 1
       Maximum Velocity Error:  0.33E-03 on Mesh 1 at (24,8,19)
       Maximum Pressure Error:  0.18E+00 on Mesh 2 at (18,19,2)
       ---------------------------------------------------------------
       Mesh    1
       Max CFL number:  0.54E-01 at (20,13,1)
       Max divergence:  0.40E-01 at (22,14,16)
       Min divergence: -0.42E-01 at (22,13,15)
       Max VN number :  0.39E-01 at (16,12,1)
       Mesh    2
       Max CFL number:  0.33E-01 at (5,26,20)
       Max divergence:  0.21E-01 at (3,14,16)
       Min divergence: -0.11E-01 at (1,12,1)
       Max VN number :  0.30E-01 at (17,18,20)
 
       Time Step    50000   June 15, 2026  20:08:20
       Step Size:  0.100E-01 s, Total Time:  500.00000 s
       Pressure Iterations: 1
       Maximum Velocity Error:  0.39E-03 on Mesh 1 at (24,22,19)
       Maximum Pressure Error:  0.14E+00 on Mesh 1 at (7,15,1)
       ---------------------------------------------------------------
       Mesh    1
       Max CFL number:  0.53E-01 at (20,13,5)
       Max divergence:  0.40E-01 at (22,14,16)
       Min divergence: -0.42E-01 at (22,13,15)
       Max VN number :  0.49E-01 at (17,11,1)
       Mesh    2
       Max CFL number:  0.37E-01 at (4,14,20)
       Max divergence:  0.22E-01 at (3,14,16)
       Min divergence: -0.98E-02 at (7,16,8)
       Max VN number :  0.26E-01 at (17,18,20)
 
       Time Step    50100   June 15, 2026  20:08:31
       Step Size:  0.100E-01 s, Total Time:  501.00000 s
       Pressure Iterations: 1
       Maximum Velocity Error:  0.45E-03 on Mesh 1 at (24,24,19)
       Maximum Pressure Error:  0.12E+00 on Mesh 1 at (20,14,2)
       ---------------------------------------------------------------
       Mesh    1
       Max CFL number:  0.51E-01 at (20,13,6)
       Max divergence:  0.39E-01 at (21,14,16)
       Min divergence: -0.42E-01 at (22,13,15)
       Max VN number :  0.42E-01 at (17,10,1)
       Mesh    2
       Max CFL number:  0.34E-01 at (1,24,20)
       Max divergence:  0.22E-01 at (2,18,16)
       Min divergence: -0.95E-02 at (7,16,8)
       Max VN number :  0.26E-01 at (17,14,20)
 
       Time Step    50200   June 15, 2026  20:08:42
       Step Size:  0.100E-01 s, Total Time:  502.00000 s
       Pressure Iterations: 1
       Maximum Velocity Error:  0.46E-03 on Mesh 1 at (24,26,19)
       Maximum Pressure Error:  0.14E+00 on Mesh 2 at (18,19,15)
       ---------------------------------------------------------------
       Mesh    1
       Max CFL number:  0.51E-01 at (20,13,6)
       Max divergence:  0.38E-01 at (22,14,16)
       Min divergence: -0.42E-01 at (22,13,15)
       Max VN number :  0.39E-01 at (16,10,1)
       Mesh    2
       Max CFL number:  0.35E-01 at (1,28,20)
       Max divergence:  0.21E-01 at (2,18,16)
       Min divergence: -0.90E-02 at (7,16,8)
       Max VN number :  0.31E-01 at (17,14,20)
 
       Time Step    50300   June 15, 2026  20:08:54
       Step Size:  0.100E-01 s, Total Time:  503.00000 s
       Pressure Iterations: 1
       Maximum Velocity Error:  0.43E-03 on Mesh 1 at (24,6,19)
       Maximum Pressure Error:  0.13E+00 on Mesh 2 at (7,19,1)
       ---------------------------------------------------------------
       Mesh    1
       Max CFL number:  0.51E-01 at (20,13,5)
       Max divergence:  0.37E-01 at (20,14,16)
       Min divergence: -0.42E-01 at (22,13,15)
       Max VN number :  0.41E-01 at (17,9,1)
       Mesh    2
       Max CFL number:  0.34E-01 at (1,30,20)
       Max divergence:  0.21E-01 at (2,18,16)
       Min divergence: -0.86E-02 at (7,16,7)
       Max VN number :  0.38E-01 at (17,18,20)
 
       Time Step    50400   June 15, 2026  20:09:05
       Step Size:  0.100E-01 s, Total Time:  504.00000 s
       Pressure Iterations: 1
       Maximum Velocity Error:  0.41E-03 on Mesh 1 at (24,5,19)
       Maximum Pressure Error:  0.11E+00 on Mesh 2 at (7,19,1)
       ---------------------------------------------------------------
       Mesh    1
       Max CFL number:  0.51E-01 at (20,13,7)
       Max divergence:  0.37E-01 at (21,14,16)
       Min divergence: -0.40E-01 at (22,13,15)
       Max VN number :  0.38E-01 at (10,15,20)
       Mesh    2
       Max CFL number:  0.34E-01 at (19,18,20)
       Max divergence:  0.20E-01 at (2,18,16)
       Min divergence: -0.87E-02 at (7,15,9)
       Max VN number :  0.43E-01 at (17,18,20)
 
       Time Step    50500   June 15, 2026  20:09:16
       Step Size:  0.100E-01 s, Total Time:  505.00000 s
       Pressure Iterations: 1
       Maximum Velocity Error:  0.43E-03 on Mesh 1 at (24,3,19)
       Maximum Pressure Error:  0.19E+00 on Mesh 2 at (18,14,15)
       ---------------------------------------------------------------
       Mesh    1
       Max CFL number:  0.52E-01 at (20,13,6)
       Max divergence:  0.38E-01 at (21,14,16)
       Min divergence: -0.40E-01 at (22,13,15)
       Max VN number :  0.36E-01 at (10,15,20)
       Mesh    2
       Max CFL number:  0.34E-01 at (1,6,20)
       Max divergence:  0.23E-01 at (2,14,16)
       Min divergence: -0.88E-02 at (7,15,9)
       Max VN number :  0.42E-01 at (17,18,20)
 
       Time Step    50600   June 15, 2026  20:09:27
       Step Size:  0.100E-01 s, Total Time:  506.00000 s
       Pressure Iterations: 1
       Maximum Velocity Error:  0.29E-03 on Mesh 1 at (24,23,19)
       Maximum Pressure Error:  0.14E+00 on Mesh 1 at (18,14,1)
       ---------------------------------------------------------------
       Mesh    1
       Max CFL number:  0.52E-01 at (20,13,1)
       Max divergence:  0.38E-01 at (21,14,16)
       Min divergence: -0.41E-01 at (22,13,15)
       Max VN number :  0.34E-01 at (10,15,20)
       Mesh    2
       Max CFL number:  0.36E-01 at (1,6,20)
       Max divergence:  0.26E-01 at (2,15,16)
       Min divergence: -0.87E-02 at (7,15,9)
       Max VN number :  0.40E-01 at (17,18,20)
 
       Time Step    50700   June 15, 2026  20:09:38
       Step Size:  0.100E-01 s, Total Time:  507.00000 s
       Pressure Iterations: 1
       Maximum Velocity Error:  0.31E-03 on Mesh 1 at (24,12,20)
       Maximum Pressure Error:  0.12E+00 on Mesh 1 at (2,14,15)
       ---------------------------------------------------------------
       Mesh    1
       Max CFL number:  0.52E-01 at (20,13,1)
       Max divergence:  0.38E-01 at (20,14,16)
       Min divergence: -0.41E-01 at (22,13,15)
       Max VN number :  0.31E-01 at (1,19,19)
       Mesh    2
       Max CFL number:  0.36E-01 at (2,26,20)
       Max divergence:  0.25E-01 at (2,15,16)
       Min divergence: -0.82E-02 at (7,15,10)
       Max VN number :  0.36E-01 at (17,18,20)
 
       Time Step    50800   June 15, 2026  20:09:50
       Step Size:  0.100E-01 s, Total Time:  508.00000 s
       Pressure Iterations: 1
       Maximum Velocity Error:  0.37E-03 on Mesh 1 at (24,9,20)
       Maximum Pressure Error:  0.19E+00 on Mesh 1 at (19,14,2)
       ---------------------------------------------------------------
       Mesh    1
       Max CFL number:  0.51E-01 at (20,13,5)
       Max divergence:  0.37E-01 at (22,14,16)
       Min divergence: -0.40E-01 at (22,13,15)
       Max VN number :  0.37E-01 at (11,16,16)
       Mesh    2
       Max CFL number:  0.36E-01 at (2,26,20)
       Max divergence:  0.25E-01 at (2,15,16)
       Min divergence: -0.82E-02 at (7,15,10)
       Max VN number :  0.31E-01 at (2,16,16)
 
       Time Step    50900   June 15, 2026  20:10:01
       Step Size:  0.100E-01 s, Total Time:  509.00000 s
       Pressure Iterations: 1
       Maximum Velocity Error:  0.41E-03 on Mesh 1 at (24,7,20)
       Maximum Pressure Error:  0.17E+00 on Mesh 1 at (18,14,3)
       ---------------------------------------------------------------
       Mesh    1
       Max CFL number:  0.50E-01 at (21,13,6)
       Max divergence:  0.37E-01 at (22,14,16)
       Min divergence: -0.38E-01 at (22,13,15)
       Max VN number :  0.39E-01 at (11,16,16)
       Mesh    2
       Max CFL number:  0.36E-01 at (2,30,20)
       Max divergence:  0.26E-01 at (2,15,16)
       Min divergence: -0.81E-02 at (7,15,10)
       Max VN number :  0.32E-01 at (18,19,20)
 
       Time Step    51000   June 15, 2026  20:10:12
       Step Size:  0.100E-01 s, Total Time:  510.00000 s
       Pressure Iterations: 1
       Maximum Velocity Error:  0.43E-03 on Mesh 1 at (24,5,20)
       Maximum Pressure Error:  0.98E-01 on Mesh 1 at (20,16,15)
       ---------------------------------------------------------------
       Mesh    1
       Max CFL number:  0.51E-01 at (21,13,6)
       Max divergence:  0.38E-01 at (21,14,16)
       Min divergence: -0.38E-01 at (22,13,15)
       Max VN number :  0.42E-01 at (10,16,16)
       Mesh    2
       Max CFL number:  0.36E-01 at (2,30,20)
       Max divergence:  0.24E-01 at (2,15,16)
       Min divergence: -0.77E-02 at (7,16,9)
       Max VN number :  0.37E-01 at (18,18,20)
 
       Time Step    51100   June 15, 2026  20:10:23
       Step Size:  0.100E-01 s, Total Time:  511.00000 s
       Pressure Iterations: 1
       Maximum Velocity Error:  0.48E-03 on Mesh 1 at (24,2,20)
       Maximum Pressure Error:  0.19E+00 on Mesh 1 at (8,14,15)
       ---------------------------------------------------------------
       Mesh    1
       Max CFL number:  0.52E-01 at (21,13,6)
       Max divergence:  0.40E-01 at (21,14,16)
       Min divergence: -0.38E-01 at (22,13,15)
       Max VN number :  0.43E-01 at (10,16,16)
       Mesh    2
       Max CFL number:  0.37E-01 at (1,6,20)
       Max divergence:  0.23E-01 at (2,15,16)
       Min divergence: -0.80E-02 at (7,16,11)
       Max VN number :  0.45E-01 at (18,18,20)
 
       Time Step    51200   June 15, 2026  20:10:34
       Step Size:  0.100E-01 s, Total Time:  512.00000 s
       Pressure Iterations: 1
       Maximum Velocity Error:  0.35E-03 on Mesh 1 at (24,1,20)
       Maximum Pressure Error:  0.19E+00 on Mesh 1 at (8,14,15)
       ---------------------------------------------------------------
       Mesh    1
       Max CFL number:  0.52E-01 at (20,13,5)
       Max divergence:  0.39E-01 at (21,14,16)
       Min divergence: -0.38E-01 at (22,13,15)
       Max VN number :  0.33E-01 at (2,16,16)
       Mesh    2
       Max CFL number:  0.35E-01 at (1,1,20)
       Max divergence:  0.23E-01 at (2,15,16)
       Min divergence: -0.76E-02 at (7,15,9)
       Max VN number :  0.51E-01 at (18,18,20)
 
       Time Step    51300   June 15, 2026  20:10:46
       Step Size:  0.100E-01 s, Total Time:  513.00000 s
       Pressure Iterations: 1
       Maximum Velocity Error:  0.25E-03 on Mesh 1 at (24,20,19)
       Maximum Pressure Error:  0.13E+00 on Mesh 1 at (18,14,3)
       ---------------------------------------------------------------
       Mesh    1
       Max CFL number:  0.51E-01 at (21,13,6)
       Max divergence:  0.37E-01 at (21,14,16)
       Min divergence: -0.36E-01 at (22,13,15)
       Max VN number :  0.31E-01 at (23,13,2)
       Mesh    2
       Max CFL number:  0.34E-01 at (19,18,20)
       Max divergence:  0.20E-01 at (2,18,16)
       Min divergence: -0.76E-02 at (7,16,10)
       Max VN number :  0.54E-01 at (18,18,20)
 
       Time Step    51400   June 15, 2026  20:10:57
       Step Size:  0.100E-01 s, Total Time:  514.00000 s
       Pressure Iterations: 1
       Maximum Velocity Error:  0.28E-03 on Mesh 1 at (24,13,1)
       Maximum Pressure Error:  0.21E+00 on Mesh 1 at (6,19,15)
       ---------------------------------------------------------------
       Mesh    1
       Max CFL number:  0.51E-01 at (21,13,6)
       Max divergence:  0.38E-01 at (20,14,16)
       Min divergence: -0.38E-01 at (20,13,2)
       Max VN number :  0.51E-01 at (8,14,16)
       Mesh    2
       Max CFL number:  0.34E-01 at (2,26,20)
       Max divergence:  0.21E-01 at (2,14,16)
       Min divergence: -0.76E-02 at (7,16,10)
       Max VN number :  0.56E-01 at (18,18,20)
 
       Time Step    51500   June 15, 2026  20:11:08
       Step Size:  0.100E-01 s, Total Time:  515.00000 s
       Pressure Iterations: 1
       Maximum Velocity Error:  0.24E-03 on Mesh 1 at (24,12,1)
       Maximum Pressure Error:  0.15E+00 on Mesh 1 at (14,19,15)
       ---------------------------------------------------------------
       Mesh    1
       Max CFL number:  0.51E-01 at (21,13,6)
       Max divergence:  0.37E-01 at (20,14,16)
       Min divergence: -0.39E-01 at (20,13,2)
       Max VN number :  0.42E-01 at (8,14,16)
       Mesh    2
       Max CFL number:  0.35E-01 at (2,10,20)
       Max divergence:  0.20E-01 at (3,14,16)
       Min divergence: -0.73E-02 at (7,16,10)
       Max VN number :  0.54E-01 at (18,18,20)
 
       Time Step    51600   June 15, 2026  20:11:19
       Step Size:  0.100E-01 s, Total Time:  516.00000 s
       Pressure Iterations: 1
       Maximum Velocity Error:  0.29E-03 on Mesh 2 at (0,11,20)
       Maximum Pressure Error:  0.11E+00 on Mesh 2 at (18,14,15)
       ---------------------------------------------------------------
       Mesh    1
       Max CFL number:  0.49E-01 at (21,13,6)
       Max divergence:  0.37E-01 at (21,14,16)
       Min divergence: -0.38E-01 at (21,13,15)
       Max VN number :  0.30E-01 at (16,14,16)
       Mesh    2
       Max CFL number:  0.35E-01 at (2,8,20)
       Max divergence:  0.20E-01 at (2,18,16)
       Min divergence: -0.73E-02 at (7,16,8)
       Max VN number :  0.52E-01 at (17,18,20)
 
       Time Step    51700   June 15, 2026  20:11:30
       Step Size:  0.100E-01 s, Total Time:  517.00000 s
       Pressure Iterations: 1
       Maximum Velocity Error:  0.31E-03 on Mesh 1 at (24,10,20)
       Maximum Pressure Error:  0.18E+00 on Mesh 1 at (2,16,15)
       ---------------------------------------------------------------
       Mesh    1
       Max CFL number:  0.49E-01 at (22,13,6)
       Max divergence:  0.37E-01 at (21,14,16)
       Min divergence: -0.37E-01 at (21,13,15)
       Max VN number :  0.33E-01 at (11,16,16)
       Mesh    2
       Max CFL number:  0.35E-01 at (2,6,20)
       Max divergence:  0.22E-01 at (2,15,16)
       Min divergence: -0.71E-02 at (7,16,8)
       Max VN number :  0.50E-01 at (17,18,20)
 
       Time Step    51800   June 15, 2026  20:11:41
       Step Size:  0.100E-01 s, Total Time:  518.00000 s
       Pressure Iterations: 1
       Maximum Velocity Error:  0.36E-03 on Mesh 1 at (24,8,20)
       Maximum Pressure Error:  0.18E+00 on Mesh 1 at (20,17,15)
       ---------------------------------------------------------------
       Mesh    1
       Max CFL number:  0.49E-01 at (22,13,6)
       Max divergence:  0.35E-01 at (21,14,16)
       Min divergence: -0.35E-01 at (22,13,14)
       Max VN number :  0.28E-01 at (12,16,16)
       Mesh    2
       Max CFL number:  0.34E-01 at (1,8,20)
       Max divergence:  0.22E-01 at (2,15,16)
       Min divergence: -0.80E-02 at (1,12,1)
       Max VN number :  0.48E-01 at (17,18,20)
 
       Time Step    51900   June 15, 2026  20:11:52
       Step Size:  0.100E-01 s, Total Time:  519.00000 s
       Pressure Iterations: 1
       Maximum Velocity Error:  0.46E-03 on Mesh 1 at (24,7,20)
       Maximum Pressure Error:  0.12E+00 on Mesh 2 at (2,14,3)
       ---------------------------------------------------------------
       Mesh    1
       Max CFL number:  0.48E-01 at (22,13,6)
       Max divergence:  0.35E-01 at (21,14,16)
       Min divergence: -0.37E-01 at (20,13,2)
       Max VN number :  0.46E-01 at (17,9,1)
       Mesh    2
       Max CFL number:  0.35E-01 at (6,27,20)
       Max divergence:  0.21E-01 at (2,16,16)
       Min divergence: -0.75E-02 at (1,12,1)
       Max VN number :  0.49E-01 at (17,18,20)
 
       Time Step    52000   June 15, 2026  20:12:02
       Step Size:  0.100E-01 s, Total Time:  520.00000 s
       Pressure Iterations: 1
       Maximum Velocity Error:  0.47E-03 on Mesh 1 at (24,5,20)
       Maximum Pressure Error:  0.15E+00 on Mesh 1 at (20,18,15)
       ---------------------------------------------------------------
       Mesh    1
       Max CFL number:  0.47E-01 at (20,13,5)
       Max divergence:  0.35E-01 at (21,14,16)
       Min divergence: -0.37E-01 at (20,13,2)
       Max VN number :  0.38E-01 at (18,9,1)
       Mesh    2
       Max CFL number:  0.36E-01 at (1,6,20)
       Max divergence:  0.21E-01 at (2,16,16)
       Min divergence: -0.67E-02 at (7,16,8)
       Max VN number :  0.51E-01 at (17,18,20)
 
       Time Step    52100   June 15, 2026  20:12:14
       Step Size:  0.100E-01 s, Total Time:  521.00000 s
       Pressure Iterations: 1
       Maximum Velocity Error:  0.31E-03 on Mesh 1 at (24,1,20)
       Maximum Pressure Error:  0.14E+00 on Mesh 1 at (2,17,15)
       ---------------------------------------------------------------
       Mesh    1
       Max CFL number:  0.48E-01 at (20,13,5)
       Max divergence:  0.36E-01 at (20,14,16)
       Min divergence: -0.37E-01 at (20,13,2)
       Max VN number :  0.46E-01 at (18,9,1)
       Mesh    2
       Max CFL number:  0.36E-01 at (1,8,20)
       Max divergence:  0.22E-01 at (2,16,16)
       Min divergence: -0.66E-02 at (7,16,10)
       Max VN number :  0.49E-01 at (17,18,20)
 
       Time Step    52200   June 15, 2026  20:12:24
       Step Size:  0.100E-01 s, Total Time:  522.00000 s
       Pressure Iterations: 1
       Maximum Velocity Error:  0.34E-03 on Mesh 1 at (24,6,20)
       Maximum Pressure Error:  0.14E+00 on Mesh 1 at (8,14,15)
       ---------------------------------------------------------------
       Mesh    1
       Max CFL number:  0.49E-01 at (20,13,5)
       Max divergence:  0.36E-01 at (21,14,16)
       Min divergence: -0.35E-01 at (22,13,15)
       Max VN number :  0.47E-01 at (9,16,16)
       Mesh    2
       Max CFL number:  0.37E-01 at (1,6,20)
       Max divergence:  0.22E-01 at (2,16,16)
       Min divergence: -0.87E-02 at (2,10,1)
       Max VN number :  0.44E-01 at (17,18,20)
 
       Time Step    52300   June 15, 2026  20:12:34
       Step Size:  0.100E-01 s, Total Time:  523.00000 s
       Pressure Iterations: 1
       Maximum Velocity Error:  0.28E-03 on Mesh 1 at (24,4,20)
       Maximum Pressure Error:  0.18E+00 on Mesh 2 at (11,14,15)
       ---------------------------------------------------------------
       Mesh    1
       Max CFL number:  0.49E-01 at (20,13,6)
       Max divergence:  0.36E-01 at (21,14,16)
       Min divergence: -0.35E-01 at (21,13,15)
       Max VN number :  0.34E-01 at (9,16,16)
       Mesh    2
       Max CFL number:  0.35E-01 at (1,9,20)
       Max divergence:  0.21E-01 at (2,17,16)
       Min divergence: -0.65E-02 at (7,16,10)
       Max VN number :  0.44E-01 at (17,18,20)
 
       Time Step    52400   June 15, 2026  20:12:44
       Step Size:  0.100E-01 s, Total Time:  524.00000 s
       Pressure Iterations: 1
       Maximum Velocity Error:  0.30E-03 on Mesh 2 at (0,27,20)
       Maximum Pressure Error:  0.18E+00 on Mesh 1 at (18,16,15)
       ---------------------------------------------------------------
       Mesh    1
       Max CFL number:  0.50E-01 at (20,13,5)
       Max divergence:  0.36E-01 at (21,14,16)
       Min divergence: -0.34E-01 at (21,13,15)
       Max VN number :  0.32E-01 at (2,16,16)
       Mesh    2
       Max CFL number:  0.33E-01 at (19,18,20)
       Max divergence:  0.21E-01 at (2,16,16)
       Min divergence: -0.64E-02 at (7,16,10)
       Max VN number :  0.49E-01 at (17,18,20)
 
       Time Step    52500   June 15, 2026  20:12:53
       Step Size:  0.100E-01 s, Total Time:  525.00000 s
       Pressure Iterations: 1
       Maximum Velocity Error:  0.32E-03 on Mesh 1 at (24,19,20)
       Maximum Pressure Error:  0.11E+00 on Mesh 1 at (18,15,15)
       ---------------------------------------------------------------
       Mesh    1
       Max CFL number:  0.50E-01 at (20,13,5)
       Max divergence:  0.38E-01 at (22,14,16)
       Min divergence: -0.34E-01 at (22,13,14)
       Max VN number :  0.34E-01 at (9,14,20)
       Mesh    2
       Max CFL number:  0.35E-01 at (8,6,20)
       Max divergence:  0.22E-01 at (5,14,16)
       Min divergence: -0.64E-02 at (7,16,10)
       Max VN number :  0.51E-01 at (17,18,20)
 
       Time Step    52600   June 15, 2026  20:13:03
       Step Size:  0.100E-01 s, Total Time:  526.00000 s
       Pressure Iterations: 1
       Maximum Velocity Error:  0.31E-03 on Mesh 1 at (24,10,19)
       Maximum Pressure Error:  0.18E+00 on Mesh 1 at (20,14,2)
       ---------------------------------------------------------------
       Mesh    1
       Max CFL number:  0.50E-01 at (20,13,7)
       Max divergence:  0.37E-01 at (22,14,16)
       Min divergence: -0.33E-01 at (22,13,14)
       Max VN number :  0.33E-01 at (1,32,18)
       Mesh    2
       Max CFL number:  0.35E-01 at (6,27,20)
       Max divergence:  0.21E-01 at (5,14,16)
       Min divergence: -0.63E-02 at (7,16,10)
       Max VN number :  0.53E-01 at (17,18,20)
 
       Time Step    52700   June 15, 2026  20:13:13
       Step Size:  0.100E-01 s, Total Time:  527.00000 s
       Pressure Iterations: 1
       Maximum Velocity Error:  0.43E-03 on Mesh 2 at (0,9,19)
       Maximum Pressure Error:  0.17E+00 on Mesh 1 at (19,14,4)
       ---------------------------------------------------------------
       Mesh    1
       Max CFL number:  0.50E-01 at (20,13,5)
       Max divergence:  0.38E-01 at (22,14,16)
       Min divergence: -0.34E-01 at (22,13,14)
       Max VN number :  0.30E-01 at (1,2,19)
       Mesh    2
       Max CFL number:  0.35E-01 at (6,29,20)
       Max divergence:  0.21E-01 at (2,14,16)
       Min divergence: -0.61E-02 at (1,17,10)
       Max VN number :  0.53E-01 at (17,18,20)
 
       Time Step    52800   June 15, 2026  20:13:23
       Step Size:  0.100E-01 s, Total Time:  528.00000 s
       Pressure Iterations: 1
       Maximum Velocity Error:  0.44E-03 on Mesh 1 at (24,8,19)
       Maximum Pressure Error:  0.15E+00 on Mesh 1 at (20,17,15)
       ---------------------------------------------------------------
       Mesh    1
       Max CFL number:  0.49E-01 at (20,13,5)
       Max divergence:  0.36E-01 at (22,14,16)
       Min divergence: -0.33E-01 at (22,13,14)
       Max VN number :  0.33E-01 at (17,11,1)
       Mesh    2
       Max CFL number:  0.35E-01 at (6,30,20)
       Max divergence:  0.20E-01 at (2,17,16)
       Min divergence: -0.63E-02 at (1,17,10)
       Max VN number :  0.51E-01 at (17,18,20)
 
       Time Step    52900   June 15, 2026  20:13:32
       Step Size:  0.100E-01 s, Total Time:  529.00000 s
       Pressure Iterations: 1
       Maximum Velocity Error:  0.50E-03 on Mesh 2 at (0,6,19)
       Maximum Pressure Error:  0.16E+00 on Mesh 1 at (20,18,15)
       ---------------------------------------------------------------
       Mesh    1
       Max CFL number:  0.47E-01 at (20,13,7)
       Max divergence:  0.36E-01 at (22,14,16)
       Min divergence: -0.33E-01 at (22,13,14)
       Max VN number :  0.33E-01 at (9,15,16)
       Mesh    2
       Max CFL number:  0.34E-01 at (1,5,20)
       Max divergence:  0.20E-01 at (2,17,16)
       Min divergence: -0.59E-02 at (1,17,10)
       Max VN number :  0.48E-01 at (17,18,20)
 
       Time Step    53000   June 15, 2026  20:13:41
       Step Size:  0.100E-01 s, Total Time:  530.00000 s
       Pressure Iterations: 1
       Maximum Velocity Error:  0.40E-03 on Mesh 2 at (0,5,19)
       Maximum Pressure Error:  0.19E+00 on Mesh 1 at (18,14,1)
       ---------------------------------------------------------------
       Mesh    1
       Max CFL number:  0.47E-01 at (20,13,6)
       Max divergence:  0.37E-01 at (20,14,16)
       Min divergence: -0.33E-01 at (22,13,14)
       Max VN number :  0.29E-01 at (23,2,20)
       Mesh    2
       Max CFL number:  0.33E-01 at (19,16,20)
       Max divergence:  0.21E-01 at (2,16,16)
       Min divergence: -0.56E-02 at (7,16,10)
       Max VN number :  0.45E-01 at (17,18,20)
 
       Time Step    53100   June 15, 2026  20:13:51
       Step Size:  0.100E-01 s, Total Time:  531.00000 s
       Pressure Iterations: 1
       Maximum Velocity Error:  0.36E-03 on Mesh 1 at (24,3,19)
       Maximum Pressure Error:  0.13E+00 on Mesh 1 at (18,14,4)
       ---------------------------------------------------------------
       Mesh    1
       Max CFL number:  0.48E-01 at (20,13,5)
       Max divergence:  0.35E-01 at (20,14,16)
       Min divergence: -0.33E-01 at (20,13,15)
       Max VN number :  0.31E-01 at (16,19,16)
       Mesh    2
       Max CFL number:  0.33E-01 at (19,16,20)
       Max divergence:  0.21E-01 at (2,17,16)
       Min divergence: -0.54E-02 at (7,16,10)
       Max VN number :  0.41E-01 at (17,18,20)
 
       Time Step    53200   June 15, 2026  20:14:03
       Step Size:  0.100E-01 s, Total Time:  532.00000 s
       Pressure Iterations: 1
       Maximum Velocity Error:  0.36E-03 on Mesh 1 at (24,20,20)
       Maximum Pressure Error:  0.16E+00 on Mesh 2 at (18,19,1)
       ---------------------------------------------------------------
       Mesh    1
       Max CFL number:  0.46E-01 at (20,13,5)
       Max divergence:  0.34E-01 at (21,14,16)
       Min divergence: -0.31E-01 at (20,13,15)
       Max VN number :  0.33E-01 at (1,16,16)
       Mesh    2
       Max CFL number:  0.33E-01 at (2,25,20)
       Max divergence:  0.21E-01 at (2,16,16)
       Min divergence: -0.56E-02 at (1,11,2)
       Max VN number :  0.46E-01 at (17,15,20)
 
       Time Step    53300   June 15, 2026  20:14:13
       Step Size:  0.100E-01 s, Total Time:  533.00000 s
       Pressure Iterations: 1
       Maximum Velocity Error:  0.40E-03 on Mesh 1 at (24,7,20)
       Maximum Pressure Error:  0.17E+00 on Mesh 1 at (20,16,15)
       ---------------------------------------------------------------
       Mesh    1
       Max CFL number:  0.47E-01 at (21,13,6)
       Max divergence:  0.34E-01 at (22,14,16)
       Min divergence: -0.30E-01 at (22,13,15)
       Max VN number :  0.33E-01 at (1,16,17)
       Mesh    2
       Max CFL number:  0.33E-01 at (2,22,20)
       Max divergence:  0.22E-01 at (2,15,16)
       Min divergence: -0.51E-02 at (7,16,11)
       Max VN number :  0.50E-01 at (17,15,20)
 
       Time Step    53400   June 15, 2026  20:14:22
       Step Size:  0.100E-01 s, Total Time:  534.00000 s
       Pressure Iterations: 1
       Maximum Velocity Error:  0.43E-03 on Mesh 1 at (24,4,20)
       Maximum Pressure Error:  0.16E+00 on Mesh 2 at (13,14,15)
       ---------------------------------------------------------------
       Mesh    1
       Max CFL number:  0.48E-01 at (21,13,6)
       Max divergence:  0.34E-01 at (22,14,16)
       Min divergence: -0.31E-01 at (21,13,15)
       Max VN number :  0.33E-01 at (1,18,19)
       Mesh    2
       Max CFL number:  0.35E-01 at (2,22,20)
       Max divergence:  0.22E-01 at (2,15,16)
       Min divergence: -0.49E-02 at (7,16,11)
       Max VN number :  0.52E-01 at (17,15,20)
 
       Time Step    53500   June 15, 2026  20:14:31
       Step Size:  0.100E-01 s, Total Time:  535.00000 s
       Pressure Iterations: 1
       Maximum Velocity Error:  0.40E-03 on Mesh 1 at (24,6,19)
       Maximum Pressure Error:  0.20E+00 on Mesh 1 at (8,14,15)
       ---------------------------------------------------------------
       Mesh    1
       Max CFL number:  0.48E-01 at (21,13,6)
       Max divergence:  0.34E-01 at (22,14,16)
       Min divergence: -0.31E-01 at (21,13,15)
       Max VN number :  0.39E-01 at (1,18,19)
       Mesh    2
       Max CFL number:  0.35E-01 at (2,22,20)
       Max divergence:  0.22E-01 at (2,15,16)
       Min divergence: -0.51E-02 at (1,10,1)
       Max VN number :  0.50E-01 at (17,15,20)
 
       Time Step    53600   June 15, 2026  20:14:42
       Step Size:  0.100E-01 s, Total Time:  536.00000 s
       Pressure Iterations: 1
       Maximum Velocity Error:  0.43E-03 on Mesh 1 at (24,4,19)
       Maximum Pressure Error:  0.16E+00 on Mesh 2 at (11,14,15)
       ---------------------------------------------------------------
       Mesh    1
       Max CFL number:  0.47E-01 at (21,13,6)
       Max divergence:  0.34E-01 at (21,14,16)
       Min divergence: -0.32E-01 at (21,13,15)
       Max VN number :  0.29E-01 at (1,18,19)
       Mesh    2
       Max CFL number:  0.35E-01 at (3,25,20)
       Max divergence:  0.22E-01 at (2,17,16)
       Min divergence: -0.44E-02 at (7,16,9)
       Max VN number :  0.53E-01 at (17,18,20)
 
       Time Step    53700   June 15, 2026  20:14:51
       Step Size:  0.100E-01 s, Total Time:  537.00000 s
       Pressure Iterations: 1
       Maximum Velocity Error:  0.45E-03 on Mesh 1 at (24,8,20)
       Maximum Pressure Error:  0.14E+00 on Mesh 1 at (19,14,6)
       ---------------------------------------------------------------
       Mesh    1
       Max CFL number:  0.47E-01 at (20,13,7)
       Max divergence:  0.34E-01 at (21,14,16)
       Min divergence: -0.31E-01 at (21,13,15)
       Max VN number :  0.30E-01 at (1,32,19)
       Mesh    2
       Max CFL number:  0.35E-01 at (3,25,20)
       Max divergence:  0.22E-01 at (2,16,16)
       Min divergence: -0.43E-02 at (1,9,1)
       Max VN number :  0.54E-01 at (17,18,20)
 
       Time Step    53800   June 15, 2026  20:15:01
       Step Size:  0.100E-01 s, Total Time:  538.00000 s
       Pressure Iterations: 1
       Maximum Velocity Error:  0.42E-03 on Mesh 1 at (24,5,20)
       Maximum Pressure Error:  0.17E+00 on Mesh 1 at (19,14,5)
       ---------------------------------------------------------------
       Mesh    1
       Max CFL number:  0.47E-01 at (20,13,6)
       Max divergence:  0.33E-01 at (21,14,16)
       Min divergence: -0.31E-01 at (20,13,2)
       Max VN number :  0.32E-01 at (1,32,19)
       Mesh    2
       Max CFL number:  0.34E-01 at (3,29,20)
       Max divergence:  0.22E-01 at (2,17,16)
       Min divergence: -0.43E-02 at (1,9,1)
       Max VN number :  0.56E-01 at (17,18,20)
 
       Time Step    53900   June 15, 2026  20:15:12
       Step Size:  0.100E-01 s, Total Time:  539.00000 s
       Pressure Iterations: 1
       Maximum Velocity Error:  0.38E-03 on Mesh 1 at (24,3,20)
       Maximum Pressure Error:  0.14E+00 on Mesh 2 at (2,14,1)
       ---------------------------------------------------------------
       Mesh    1
       Max CFL number:  0.45E-01 at (20,13,5)
       Max divergence:  0.33E-01 at (21,14,16)
       Min divergence: -0.29E-01 at (22,13,14)
       Max VN number :  0.36E-01 at (1,32,19)
       Mesh    2
       Max CFL number:  0.34E-01 at (1,7,20)
       Max divergence:  0.20E-01 at (2,14,16)
       Min divergence: -0.42E-02 at (7,17,9)
       Max VN number :  0.56E-01 at (17,18,20)
 
       Time Step    54000   June 15, 2026  20:15:22
       Step Size:  0.100E-01 s, Total Time:  540.00000 s
       Pressure Iterations: 1
       Maximum Velocity Error:  0.31E-03 on Mesh 1 at (24,2,20)
       Maximum Pressure Error:  0.15E+00 on Mesh 2 at (2,14,1)
       ---------------------------------------------------------------
       Mesh    1
       Max CFL number:  0.46E-01 at (21,13,8)
       Max divergence:  0.34E-01 at (21,14,16)
       Min divergence: -0.29E-01 at (20,13,15)
       Max VN number :  0.39E-01 at (1,32,19)
       Mesh    2
       Max CFL number:  0.34E-01 at (5,27,20)
       Max divergence:  0.21E-01 at (2,18,16)
       Min divergence: -0.43E-02 at (7,17,9)
       Max VN number :  0.53E-01 at (17,18,20)
 
       Time Step    54100   June 15, 2026  20:15:31
       Step Size:  0.100E-01 s, Total Time:  541.00000 s
       Pressure Iterations: 1
       Maximum Velocity Error:  0.30E-03 on Mesh 1 at (24,18,17)
       Maximum Pressure Error:  0.14E+00 on Mesh 1 at (7,14,1)
       ---------------------------------------------------------------
       Mesh    1
       Max CFL number:  0.47E-01 at (20,13,7)
       Max divergence:  0.33E-01 at (20,14,16)
       Min divergence: -0.29E-01 at (20,13,15)
       Max VN number :  0.39E-01 at (17,12,1)
       Mesh    2
       Max CFL number:  0.34E-01 at (5,28,20)
       Max divergence:  0.21E-01 at (2,18,16)
       Min divergence: -0.46E-02 at (1,12,1)
       Max VN number :  0.50E-01 at (17,18,20)
 
       Time Step    54200   June 15, 2026  20:15:41
       Step Size:  0.100E-01 s, Total Time:  542.00000 s
       Pressure Iterations: 1
       Maximum Velocity Error:  0.26E-03 on Mesh 2 at (0,18,18)
       Maximum Pressure Error:  0.16E+00 on Mesh 1 at (18,14,15)
       ---------------------------------------------------------------
       Mesh    1
       Max CFL number:  0.46E-01 at (21,13,6)
       Max divergence:  0.33E-01 at (21,14,16)
       Min divergence: -0.31E-01 at (20,13,2)
       Max VN number :  0.29E-01 at (21,16,16)
       Mesh    2
       Max CFL number:  0.34E-01 at (3,28,20)
       Max divergence:  0.22E-01 at (2,14,16)
       Min divergence: -0.40E-02 at (7,17,9)
       Max VN number :  0.45E-01 at (17,18,20)
 
       Time Step    54300   June 15, 2026  20:15:50
       Step Size:  0.100E-01 s, Total Time:  543.00000 s
       Pressure Iterations: 1
       Maximum Velocity Error:  0.33E-03 on Mesh 1 at (24,10,1)
       Maximum Pressure Error:  0.18E+00 on Mesh 1 at (2,16,15)
       ---------------------------------------------------------------
       Mesh    1
       Max CFL number:  0.46E-01 at (21,13,6)
       Max divergence:  0.33E-01 at (21,14,16)
       Min divergence: -0.32E-01 at (20,13,15)
       Max VN number :  0.42E-01 at (7,32,20)
       Mesh    2
       Max CFL number:  0.34E-01 at (3,28,20)
       Max divergence:  0.21E-01 at (2,14,16)
       Min divergence: -0.61E-02 at (1,11,1)
       Max VN number :  0.42E-01 at (17,18,20)
 
       Time Step    54400   June 15, 2026  20:16:00
       Step Size:  0.100E-01 s, Total Time:  544.00000 s
       Pressure Iterations: 1
       Maximum Velocity Error:  0.30E-03 on Mesh 1 at (24,19,19)
       Maximum Pressure Error:  0.16E+00 on Mesh 1 at (2,14,2)
       ---------------------------------------------------------------
       Mesh    1
       Max CFL number:  0.46E-01 at (21,13,6)
       Max divergence:  0.35E-01 at (22,14,16)
       Min divergence: -0.32E-01 at (20,13,15)
       Max VN number :  0.37E-01 at (7,32,20)
       Mesh    2
       Max CFL number:  0.33E-01 at (19,16,20)
       Max divergence:  0.20E-01 at (2,17,16)
       Min divergence: -0.53E-02 at (12,8,20)
       Max VN number :  0.45E-01 at (18,15,20)
 
       Time Step    54500   June 15, 2026  20:16:09
       Step Size:  0.100E-01 s, Total Time:  545.00000 s
       Pressure Iterations: 1
       Maximum Velocity Error:  0.38E-03 on Mesh 1 at (24,20,19)
       Maximum Pressure Error:  0.16E+00 on Mesh 1 at (20,14,2)
       ---------------------------------------------------------------
       Mesh    1
       Max CFL number:  0.47E-01 at (21,13,6)
       Max divergence:  0.33E-01 at (20,14,16)
       Min divergence: -0.31E-01 at (20,13,15)
       Max VN number :  0.38E-01 at (9,18,16)
       Mesh    2
       Max CFL number:  0.34E-01 at (19,16,20)
       Max divergence:  0.20E-01 at (5,15,16)
       Min divergence: -0.35E-02 at (7,16,9)
       Max VN number :  0.51E-01 at (18,14,20)
 
       Time Step    54600   June 15, 2026  20:16:19
       Step Size:  0.100E-01 s, Total Time:  546.00000 s
       Pressure Iterations: 1
       Maximum Velocity Error:  0.41E-03 on Mesh 1 at (24,22,19)
       Maximum Pressure Error:  0.13E+00 on Mesh 1 at (18,14,1)
       ---------------------------------------------------------------
       Mesh    1
       Max CFL number:  0.47E-01 at (21,13,5)
       Max divergence:  0.34E-01 at (21,14,16)
       Min divergence: -0.31E-01 at (20,13,15)
       Max VN number :  0.28E-01 at (1,13,18)
       Mesh    2
       Max CFL number:  0.36E-01 at (1,22,20)
       Max divergence:  0.19E-01 at (2,15,16)
       Min divergence: -0.34E-02 at (1,17,9)
       Max VN number :  0.51E-01 at (18,14,20)
 
       Time Step    54700   June 15, 2026  20:16:28
       Step Size:  0.100E-01 s, Total Time:  547.00000 s
       Pressure Iterations: 1
       Maximum Velocity Error:  0.44E-03 on Mesh 1 at (24,24,19)
       Maximum Pressure Error:  0.15E+00 on Mesh 1 at (18,14,3)
       ---------------------------------------------------------------
       Mesh    1
       Max CFL number:  0.46E-01 at (21,13,6)
       Max divergence:  0.33E-01 at (21,14,16)
       Min divergence: -0.31E-01 at (20,13,2)
       Max VN number :  0.40E-01 at (1,18,19)
       Mesh    2
       Max CFL number:  0.36E-01 at (1,26,20)
       Max divergence:  0.22E-01 at (2,16,16)
       Min divergence: -0.41E-02 at (1,11,1)
       Max VN number :  0.49E-01 at (18,14,20)
 
       Time Step    54800   June 15, 2026  20:16:37
       Step Size:  0.100E-01 s, Total Time:  548.00000 s
       Pressure Iterations: 1
       Maximum Velocity Error:  0.43E-03 on Mesh 1 at (24,25,20)
       Maximum Pressure Error:  0.17E+00 on Mesh 1 at (18,14,5)
       ---------------------------------------------------------------
       Mesh    1
       Max CFL number:  0.45E-01 at (21,13,5)
       Max divergence:  0.32E-01 at (20,14,16)
       Min divergence: -0.30E-01 at (20,13,15)
       Max VN number :  0.35E-01 at (1,13,18)
       Mesh    2
       Max CFL number:  0.35E-01 at (1,23,20)
       Max divergence:  0.21E-01 at (2,16,16)
       Min divergence: -0.46E-02 at (15,20,16)
       Max VN number :  0.48E-01 at (18,14,20)
 
       Time Step    54900   June 15, 2026  20:16:47
       Step Size:  0.100E-01 s, Total Time:  549.00000 s
       Pressure Iterations: 1
       Maximum Velocity Error:  0.40E-03 on Mesh 2 at (0,28,20)
       Maximum Pressure Error:  0.12E+00 on Mesh 1 at (19,14,1)
       ---------------------------------------------------------------
       Mesh    1
       Max CFL number:  0.44E-01 at (21,13,5)
       Max divergence:  0.33E-01 at (22,14,16)
       Min divergence: -0.30E-01 at (20,13,15)
       Max VN number :  0.36E-01 at (1,13,18)
       Mesh    2
       Max CFL number:  0.37E-01 at (1,25,20)
       Max divergence:  0.24E-01 at (2,15,16)
       Min divergence: -0.55E-02 at (15,20,16)
       Max VN number :  0.44E-01 at (18,15,20)
 
       Time Step    55000   June 15, 2026  20:16:56
       Step Size:  0.100E-01 s, Total Time:  550.00000 s
       Pressure Iterations: 1
       Maximum Velocity Error:  0.32E-03 on Mesh 1 at (24,29,19)
       Maximum Pressure Error:  0.16E+00 on Mesh 1 at (6,14,15)
       ---------------------------------------------------------------
       Mesh    1
       Max CFL number:  0.43E-01 at (21,13,8)
       Max divergence:  0.33E-01 at (22,14,16)
       Min divergence: -0.29E-01 at (20,13,15)
       Max VN number :  0.43E-01 at (9,15,16)
       Mesh    2
       Max CFL number:  0.36E-01 at (1,27,20)
       Max divergence:  0.23E-01 at (2,16,16)
       Min divergence: -0.43E-02 at (15,20,16)
       Max VN number :  0.39E-01 at (18,15,20)
 
       Time Step    55100   June 15, 2026  20:17:06
       Step Size:  0.100E-01 s, Total Time:  551.00000 s
       Pressure Iterations: 1
       Maximum Velocity Error:  0.41E-03 on Mesh 1 at (24,10,19)
       Maximum Pressure Error:  0.17E+00 on Mesh 1 at (20,14,2)
       ---------------------------------------------------------------
       Mesh    1
       Max CFL number:  0.43E-01 at (21,13,8)
       Max divergence:  0.32E-01 at (23,14,16)
       Min divergence: -0.28E-01 at (20,13,15)
       Max VN number :  0.33E-01 at (1,15,17)
       Mesh    2
       Max CFL number:  0.35E-01 at (2,27,20)
       Max divergence:  0.21E-01 at (2,16,16)
       Min divergence: -0.46E-02 at (15,20,16)
       Max VN number :  0.39E-01 at (17,15,20)
 
       Time Step    55200   June 15, 2026  20:17:15
       Step Size:  0.100E-01 s, Total Time:  552.00000 s
       Pressure Iterations: 1
       Maximum Velocity Error:  0.42E-03 on Mesh 1 at (24,9,19)
       Maximum Pressure Error:  0.14E+00 on Mesh 1 at (19,14,2)
       ---------------------------------------------------------------
       Mesh    1
       Max CFL number:  0.42E-01 at (21,13,8)
       Max divergence:  0.33E-01 at (21,14,16)
       Min divergence: -0.28E-01 at (21,13,15)
       Max VN number :  0.32E-01 at (10,16,16)
       Mesh    2
       Max CFL number:  0.33E-01 at (8,16,19)
       Max divergence:  0.20E-01 at (2,15,16)
       Min divergence: -0.54E-02 at (15,20,16)
       Max VN number :  0.44E-01 at (18,14,20)
 
       Time Step    55300   June 15, 2026  20:17:24
       Step Size:  0.100E-01 s, Total Time:  553.00000 s
       Pressure Iterations: 1
       Maximum Velocity Error:  0.43E-03 on Mesh 1 at (24,7,19)
       Maximum Pressure Error:  0.17E+00 on Mesh 1 at (18,14,6)
       ---------------------------------------------------------------
       Mesh    1
       Max CFL number:  0.43E-01 at (21,13,6)
       Max divergence:  0.34E-01 at (20,14,16)
       Min divergence: -0.27E-01 at (21,13,15)
       Max VN number :  0.47E-01 at (10,16,16)
       Mesh    2
       Max CFL number:  0.35E-01 at (1,27,20)
       Max divergence:  0.21E-01 at (2,15,16)
       Min divergence: -0.39E-02 at (1,26,20)
       Max VN number :  0.47E-01 at (18,14,20)
 
       Time Step    55400   June 15, 2026  20:17:35
       Step Size:  0.100E-01 s, Total Time:  554.00000 s
       Pressure Iterations: 1
       Maximum Velocity Error:  0.41E-03 on Mesh 1 at (24,5,19)
       Maximum Pressure Error:  0.20E+00 on Mesh 1 at (18,14,5)
       ---------------------------------------------------------------
       Mesh    1
       Max CFL number:  0.42E-01 at (21,13,5)
       Max divergence:  0.33E-01 at (20,14,16)
       Min divergence: -0.28E-01 at (20,13,2)
       Max VN number :  0.41E-01 at (10,16,16)
       Mesh    2
       Max CFL number:  0.34E-01 at (1,26,20)
       Max divergence:  0.21E-01 at (4,14,16)
       Min divergence: -0.36E-02 at (6,33,14)
       Max VN number :  0.50E-01 at (18,14,20)
 
       Time Step    55500   June 15, 2026  20:17:49
       Step Size:  0.100E-01 s, Total Time:  555.00000 s
       Pressure Iterations: 1
       Maximum Velocity Error:  0.38E-03 on Mesh 1 at (24,4,19)
       Maximum Pressure Error:  0.11E+00 on Mesh 1 at (13,14,1)
       ---------------------------------------------------------------
       Mesh    1
       Max CFL number:  0.42E-01 at (21,13,5)
       Max divergence:  0.32E-01 at (20,14,16)
       Min divergence: -0.26E-01 at (21,13,15)
       Max VN number :  0.39E-01 at (11,16,16)
       Mesh    2
       Max CFL number:  0.33E-01 at (2,24,20)
       Max divergence:  0.19E-01 at (4,14,16)
       Min divergence: -0.32E-02 at (8,33,14)
       Max VN number :  0.51E-01 at (18,14,20)
 
       Time Step    55600   June 15, 2026  20:18:01
       Step Size:  0.100E-01 s, Total Time:  556.00000 s
       Pressure Iterations: 1
       Maximum Velocity Error:  0.37E-03 on Mesh 1 at (24,21,20)
       Maximum Pressure Error:  0.16E+00 on Mesh 2 at (18,19,1)
       ---------------------------------------------------------------
       Mesh    1
       Max CFL number:  0.42E-01 at (21,13,8)
       Max divergence:  0.32E-01 at (21,14,16)
       Min divergence: -0.26E-01 at (21,13,15)
       Max VN number :  0.35E-01 at (1,13,18)
       Mesh    2
       Max CFL number:  0.34E-01 at (9,16,19)
       Max divergence:  0.20E-01 at (3,14,16)
       Min divergence: -0.31E-02 at (15,20,16)
       Max VN number :  0.50E-01 at (18,14,20)
 
       Time Step    55700   June 15, 2026  20:18:14
       Step Size:  0.100E-01 s, Total Time:  557.00000 s
       Pressure Iterations: 1
       Maximum Velocity Error:  0.36E-03 on Mesh 1 at (24,24,20)
       Maximum Pressure Error:  0.17E+00 on Mesh 1 at (20,14,2)
       ---------------------------------------------------------------
       Mesh    1
       Max CFL number:  0.43E-01 at (21,13,8)
       Max divergence:  0.31E-01 at (21,14,16)
       Min divergence: -0.27E-01 at (21,13,15)
       Max VN number :  0.32E-01 at (24,15,16)
       Mesh    2
       Max CFL number:  0.33E-01 at (3,27,20)
       Max divergence:  0.20E-01 at (2,17,16)
       Min divergence: -0.38E-02 at (15,20,16)
       Max VN number :  0.49E-01 at (18,15,20)
 
       Time Step    55800   June 15, 2026  20:18:27
       Step Size:  0.100E-01 s, Total Time:  558.00000 s
       Pressure Iterations: 1
       Maximum Velocity Error:  0.31E-03 on Mesh 1 at (24,27,20)
       Maximum Pressure Error:  0.15E+00 on Mesh 1 at (19,14,6)
       ---------------------------------------------------------------
       Mesh    1
       Max CFL number:  0.43E-01 at (21,13,7)
       Max divergence:  0.32E-01 at (22,14,16)
       Min divergence: -0.27E-01 at (21,13,15)
       Max VN number :  0.38E-01 at (1,18,19)
       Mesh    2
       Max CFL number:  0.34E-01 at (3,28,20)
       Max divergence:  0.20E-01 at (2,14,16)
       Min divergence: -0.29E-02 at (2,25,20)
       Max VN number :  0.51E-01 at (18,15,20)
 
       Time Step    55900   June 15, 2026  20:18:39
       Step Size:  0.100E-01 s, Total Time:  559.00000 s
       Pressure Iterations: 1
       Maximum Velocity Error:  0.28E-03 on Mesh 1 at (24,20,20)
       Maximum Pressure Error:  0.18E+00 on Mesh 1 at (18,14,1)
       ---------------------------------------------------------------
       Mesh    1
       Max CFL number:  0.43E-01 at (21,13,5)
       Max divergence:  0.32E-01 at (21,14,16)
       Min divergence: -0.27E-01 at (21,13,15)
       Max VN number :  0.34E-01 at (1,18,19)
       Mesh    2
       Max CFL number:  0.36E-01 at (3,29,20)
       Max divergence:  0.19E-01 at (2,14,16)
       Min divergence: -0.41E-02 at (14,20,16)
       Max VN number :  0.54E-01 at (18,15,20)
 
       Time Step    56000   June 15, 2026  20:18:53
       Step Size:  0.100E-01 s, Total Time:  560.00000 s
       Pressure Iterations: 1
       Maximum Velocity Error:  0.25E-03 on Mesh 1 at (24,20,19)
       Maximum Pressure Error:  0.18E+00 on Mesh 2 at (10,14,15)
       ---------------------------------------------------------------
       Mesh    1
       Max CFL number:  0.41E-01 at (21,13,5)
       Max divergence:  0.31E-01 at (22,14,16)
       Min divergence: -0.30E-01 at (20,13,2)
       Max VN number :  0.37E-01 at (1,2,19)
       Mesh    2
       Max CFL number:  0.37E-01 at (3,26,20)
       Max divergence:  0.18E-01 at (5,14,16)
       Min divergence: -0.34E-02 at (10,10,20)
       Max VN number :  0.57E-01 at (18,15,20)
 
       Time Step    56100   June 15, 2026  20:19:05
       Step Size:  0.100E-01 s, Total Time:  561.00000 s
       Pressure Iterations: 1
       Maximum Velocity Error:  0.27E-03 on Mesh 1 at (24,3,20)
       Maximum Pressure Error:  0.15E+00 on Mesh 2 at (9,14,15)
       ---------------------------------------------------------------
       Mesh    1
       Max CFL number:  0.41E-01 at (21,13,8)
       Max divergence:  0.33E-01 at (22,14,16)
       Min divergence: -0.26E-01 at (21,13,15)
       Max VN number :  0.36E-01 at (24,2,20)
       Mesh    2
       Max CFL number:  0.36E-01 at (3,30,20)
       Max divergence:  0.21E-01 at (2,15,16)
       Min divergence: -0.30E-02 at (10,8,20)
       Max VN number :  0.56E-01 at (18,15,20)
 
       Time Step    56200   June 15, 2026  20:19:18
       Step Size:  0.100E-01 s, Total Time:  562.00000 s
       Pressure Iterations: 1
       Maximum Velocity Error:  0.42E-03 on Mesh 2 at (0,12,19)
       Maximum Pressure Error:  0.20E+00 on Mesh 2 at (8,14,15)
       ---------------------------------------------------------------
       Mesh    1
       Max CFL number:  0.42E-01 at (21,13,5)
       Max divergence:  0.32E-01 at (22,14,16)
       Min divergence: -0.25E-01 at (21,13,15)
       Max VN number :  0.32E-01 at (14,2,20)
       Mesh    2
       Max CFL number:  0.36E-01 at (3,28,20)
       Max divergence:  0.19E-01 at (2,17,16)
       Min divergence: -0.32E-02 at (9,7,20)
       Max VN number :  0.47E-01 at (18,15,20)
 
       Time Step    56300   June 15, 2026  20:19:30
       Step Size:  0.100E-01 s, Total Time:  563.00000 s
       Pressure Iterations: 1
       Maximum Velocity Error:  0.45E-03 on Mesh 1 at (24,9,19)
       Maximum Pressure Error:  0.14E+00 on Mesh 1 at (7,14,1)
       ---------------------------------------------------------------
       Mesh    1
       Max CFL number:  0.42E-01 at (21,13,8)
       Max divergence:  0.33E-01 at (22,14,16)
       Min divergence: -0.25E-01 at (21,13,15)
       Max VN number :  0.31E-01 at (10,19,20)
       Mesh    2
       Max CFL number:  0.35E-01 at (2,26,20)
       Max divergence:  0.21E-01 at (2,16,16)
       Min divergence: -0.26E-02 at (9,5,20)
       Max VN number :  0.37E-01 at (24,32,20)
 
       Time Step    56400   June 15, 2026  20:19:43
       Step Size:  0.100E-01 s, Total Time:  564.00000 s
       Pressure Iterations: 1
       Maximum Velocity Error:  0.49E-03 on Mesh 1 at (24,8,19)
       Maximum Pressure Error:  0.15E+00 on Mesh 1 at (18,14,5)
       ---------------------------------------------------------------
       Mesh    1
       Max CFL number:  0.42E-01 at (21,13,5)
       Max divergence:  0.33E-01 at (22,14,16)
       Min divergence: -0.25E-01 at (21,13,15)
       Max VN number :  0.35E-01 at (10,19,20)
       Mesh    2
       Max CFL number:  0.34E-01 at (2,27,20)
       Max divergence:  0.21E-01 at (2,16,16)
       Min divergence: -0.34E-02 at (9,14,18)
       Max VN number :  0.34E-01 at (17,18,20)
 
       Time Step    56500   June 15, 2026  20:19:56
       Step Size:  0.100E-01 s, Total Time:  565.00000 s
       Pressure Iterations: 1
       Maximum Velocity Error:  0.36E-03 on Mesh 1 at (24,26,20)
       Maximum Pressure Error:  0.19E+00 on Mesh 1 at (18,14,15)
       ---------------------------------------------------------------
       Mesh    1
       Max CFL number:  0.41E-01 at (20,13,5)
       Max divergence:  0.32E-01 at (22,14,16)
       Min divergence: -0.25E-01 at (21,13,15)
       Max VN number :  0.35E-01 at (1,18,19)
       Mesh    2
       Max CFL number:  0.35E-01 at (1,25,20)
       Max divergence:  0.23E-01 at (2,16,16)
       Min divergence: -0.57E-02 at (8,14,19)
       Max VN number :  0.41E-01 at (18,15,20)
 
       Time Step    56600   June 15, 2026  20:20:10
       Step Size:  0.100E-01 s, Total Time:  566.00000 s
       Pressure Iterations: 1
       Maximum Velocity Error:  0.36E-03 on Mesh 1 at (24,28,20)
       Maximum Pressure Error:  0.20E+00 on Mesh 1 at (18,14,4)
       ---------------------------------------------------------------
       Mesh    1
       Max CFL number:  0.40E-01 at (21,13,8)
       Max divergence:  0.32E-01 at (21,14,16)
       Min divergence: -0.25E-01 at (21,13,15)
       Max VN number :  0.33E-01 at (1,17,18)
       Mesh    2
       Max CFL number:  0.36E-01 at (1,25,20)
       Max divergence:  0.23E-01 at (2,16,16)
       Min divergence: -0.32E-02 at (1,24,20)
       Max VN number :  0.45E-01 at (18,15,20)
 
       Time Step    56700   June 15, 2026  20:20:25
       Step Size:  0.100E-01 s, Total Time:  567.00000 s
       Pressure Iterations: 1
       Maximum Velocity Error:  0.29E-03 on Mesh 1 at (24,30,20)
       Maximum Pressure Error:  0.14E+00 on Mesh 1 at (19,14,2)
       ---------------------------------------------------------------
       Mesh    1
       Max CFL number:  0.40E-01 at (21,13,5)
       Max divergence:  0.32E-01 at (21,14,16)
       Min divergence: -0.24E-01 at (21,13,15)
       Max VN number :  0.34E-01 at (2,16,16)
       Mesh    2
       Max CFL number:  0.36E-01 at (1,26,20)
       Max divergence:  0.20E-01 at (2,17,16)
       Min divergence: -0.38E-02 at (15,20,16)
       Max VN number :  0.48E-01 at (18,15,20)
 
       Time Step    56800   June 15, 2026  20:20:37
       Step Size:  0.100E-01 s, Total Time:  568.00000 s
       Pressure Iterations: 1
       Maximum Velocity Error:  0.26E-03 on Mesh 1 at (24,33,20)
       Maximum Pressure Error:  0.21E+00 on Mesh 1 at (19,14,6)
       ---------------------------------------------------------------
       Mesh    1
       Max CFL number:  0.40E-01 at (20,13,7)
       Max divergence:  0.31E-01 at (21,14,16)
       Min divergence: -0.23E-01 at (21,13,15)
       Max VN number :  0.43E-01 at (8,15,16)
       Mesh    2
       Max CFL number:  0.36E-01 at (1,28,20)
       Max divergence:  0.19E-01 at (4,14,16)
       Min divergence: -0.34E-02 at (15,20,16)
       Max VN number :  0.52E-01 at (18,15,20)
 
       Time Step    56900   June 15, 2026  20:20:51
       Step Size:  0.100E-01 s, Total Time:  569.00000 s
       Pressure Iterations: 1
       Maximum Velocity Error:  0.32E-03 on Mesh 1 at (24,29,19)
       Maximum Pressure Error:  0.16E+00 on Mesh 2 at (6,14,15)
       ---------------------------------------------------------------
       Mesh    1
       Max CFL number:  0.38E-01 at (7,15,20)
       Max divergence:  0.30E-01 at (22,14,16)
       Min divergence: -0.23E-01 at (20,13,15)
       Max VN number :  0.34E-01 at (1,18,18)
       Mesh    2
       Max CFL number:  0.35E-01 at (18,16,19)
       Max divergence:  0.19E-01 at (2,15,16)
       Min divergence: -0.30E-02 at (1,26,20)
       Max VN number :  0.57E-01 at (18,15,20)
 
       Time Step    57000   June 15, 2026  20:21:03
       Step Size:  0.100E-01 s, Total Time:  570.00000 s
       Pressure Iterations: 1
       Maximum Velocity Error:  0.38E-03 on Mesh 2 at (0,24,19)
       Maximum Pressure Error:  0.15E+00 on Mesh 2 at (6,14,15)
       ---------------------------------------------------------------
       Mesh    1
       Max CFL number:  0.39E-01 at (7,15,20)
       Max divergence:  0.30E-01 at (22,14,16)
       Min divergence: -0.23E-01 at (20,13,15)
       Max VN number :  0.38E-01 at (1,32,19)
       Mesh    2
       Max CFL number:  0.37E-01 at (18,16,19)
       Max divergence:  0.23E-01 at (6,16,16)
       Min divergence: -0.35E-02 at (17,14,20)
       Max VN number :  0.61E-01 at (18,15,20)
 
       Time Step    57100   June 15, 2026  20:21:16
       Step Size:  0.100E-01 s, Total Time:  571.00000 s
       Pressure Iterations: 1
       Maximum Velocity Error:  0.31E-03 on Mesh 1 at (24,15,17)
       Maximum Pressure Error:  0.22E+00 on Mesh 1 at (22,19,15)
       ---------------------------------------------------------------
       Mesh    1
       Max CFL number:  0.40E-01 at (21,13,8)
       Max divergence:  0.30E-01 at (21,14,16)
       Min divergence: -0.23E-01 at (20,13,15)
       Max VN number :  0.41E-01 at (1,14,16)
       Mesh    2
       Max CFL number:  0.38E-01 at (18,16,19)
       Max divergence:  0.20E-01 at (2,17,16)
       Min divergence: -0.43E-02 at (17,14,20)
       Max VN number :  0.58E-01 at (18,15,20)
 
       Time Step    57200   June 15, 2026  20:21:29
       Step Size:  0.100E-01 s, Total Time:  572.00000 s
       Pressure Iterations: 1
       Maximum Velocity Error:  0.31E-03 on Mesh 1 at (24,14,17)
       Maximum Pressure Error:  0.19E+00 on Mesh 1 at (22,19,15)
       ---------------------------------------------------------------
       Mesh    1
       Max CFL number:  0.41E-01 at (21,13,8)
       Max divergence:  0.30E-01 at (22,14,16)
       Min divergence: -0.23E-01 at (20,13,15)
       Max VN number :  0.36E-01 at (1,14,17)
       Mesh    2
       Max CFL number:  0.37E-01 at (18,16,19)
       Max divergence:  0.20E-01 at (2,17,16)
       Min divergence: -0.37E-02 at (8,16,18)
       Max VN number :  0.56E-01 at (17,15,20)
 
       Time Step    57300   June 15, 2026  20:21:42
       Step Size:  0.100E-01 s, Total Time:  573.00000 s
       Pressure Iterations: 1
       Maximum Velocity Error:  0.26E-03 on Mesh 1 at (24,8,19)
       Maximum Pressure Error:  0.16E+00 on Mesh 1 at (20,14,2)
       ---------------------------------------------------------------
       Mesh    1
       Max CFL number:  0.39E-01 at (20,13,7)
       Max divergence:  0.30E-01 at (22,14,16)
       Min divergence: -0.23E-01 at (21,13,15)
       Max VN number :  0.33E-01 at (1,32,19)
       Mesh    2
       Max CFL number:  0.35E-01 at (2,22,20)
       Max divergence:  0.21E-01 at (2,16,16)
       Min divergence: -0.35E-02 at (1,20,19)
       Max VN number :  0.56E-01 at (17,15,20)
 
       Time Step    57400   June 15, 2026  20:21:55
       Step Size:  0.100E-01 s, Total Time:  574.00000 s
       Pressure Iterations: 1
       Maximum Velocity Error:  0.29E-03 on Mesh 1 at (24,20,20)
       Maximum Pressure Error:  0.19E+00 on Mesh 1 at (2,14,15)
       ---------------------------------------------------------------
       Mesh    1
       Max CFL number:  0.41E-01 at (22,19,20)
       Max divergence:  0.30E-01 at (22,14,16)
       Min divergence: -0.23E-01 at (21,13,15)
       Max VN number :  0.37E-01 at (21,19,16)
       Mesh    2
       Max CFL number:  0.35E-01 at (2,24,20)
       Max divergence:  0.20E-01 at (2,17,16)
       Min divergence: -0.31E-02 at (14,20,16)
       Max VN number :  0.53E-01 at (17,15,20)
 
       Time Step    57500   June 15, 2026  20:22:07
       Step Size:  0.100E-01 s, Total Time:  575.00000 s
       Pressure Iterations: 1
       Maximum Velocity Error:  0.32E-03 on Mesh 1 at (24,11,19)
       Maximum Pressure Error:  0.16E+00 on Mesh 1 at (24,16,15)
       ---------------------------------------------------------------
       Mesh    1
       Max CFL number:  0.40E-01 at (21,13,8)
       Max divergence:  0.31E-01 at (22,14,16)
       Min divergence: -0.22E-01 at (21,13,15)
       Max VN number :  0.41E-01 at (22,17,16)
       Mesh    2
       Max CFL number:  0.34E-01 at (2,24,20)
       Max divergence:  0.21E-01 at (1,16,16)
       Min divergence: -0.36E-02 at (14,20,16)
       Max VN number :  0.49E-01 at (17,15,20)
 
       Time Step    57600   June 15, 2026  20:22:20
       Step Size:  0.100E-01 s, Total Time:  576.00000 s
       Pressure Iterations: 1
       Maximum Velocity Error:  0.39E-03 on Mesh 2 at (0,10,19)
       Maximum Pressure Error:  0.13E+00 on Mesh 1 at (18,14,1)
       ---------------------------------------------------------------
       Mesh    1
       Max CFL number:  0.39E-01 at (21,13,8)
       Max divergence:  0.30E-01 at (21,14,16)
       Min divergence: -0.22E-01 at (20,13,15)
       Max VN number :  0.41E-01 at (1,14,17)
       Mesh    2
       Max CFL number:  0.34E-01 at (3,14,20)
       Max divergence:  0.22E-01 at (2,15,16)
       Min divergence: -0.28E-02 at (3,14,19)
       Max VN number :  0.47E-01 at (19,16,20)
 
       Time Step    57700   June 15, 2026  20:22:29
       Step Size:  0.100E-01 s, Total Time:  577.00000 s
       Pressure Iterations: 1
       Maximum Velocity Error:  0.33E-03 on Mesh 1 at (24,12,19)
       Maximum Pressure Error:  0.18E+00 on Mesh 1 at (8,14,15)
       ---------------------------------------------------------------
       Mesh    1
       Max CFL number:  0.40E-01 at (20,13,7)
       Max divergence:  0.29E-01 at (21,14,16)
       Min divergence: -0.23E-01 at (20,13,15)
       Max VN number :  0.35E-01 at (1,15,18)
       Mesh    2
       Max CFL number:  0.34E-01 at (3,15,19)
       Max divergence:  0.23E-01 at (2,15,16)
       Min divergence: -0.42E-02 at (9,17,17)
       Max VN number :  0.42E-01 at (19,16,20)
 
       Time Step    57800   June 15, 2026  20:22:38
       Step Size:  0.100E-01 s, Total Time:  578.00000 s
       Pressure Iterations: 1
       Maximum Velocity Error:  0.35E-03 on Mesh 1 at (24,9,19)
       Maximum Pressure Error:  0.18E+00 on Mesh 1 at (14,14,15)
       ---------------------------------------------------------------
       Mesh    1
       Max CFL number:  0.39E-01 at (21,13,6)
       Max divergence:  0.29E-01 at (22,14,16)
       Min divergence: -0.23E-01 at (20,13,15)
       Max VN number :  0.37E-01 at (1,18,18)
       Mesh    2
       Max CFL number:  0.33E-01 at (3,15,19)
       Max divergence:  0.23E-01 at (6,15,16)
       Min divergence: -0.59E-02 at (9,18,17)
       Max VN number :  0.37E-01 at (19,16,20)
 
       Time Step    57900   June 15, 2026  20:22:47
       Step Size:  0.100E-01 s, Total Time:  579.00000 s
       Pressure Iterations: 1
       Maximum Velocity Error:  0.31E-03 on Mesh 1 at (24,1,20)
       Maximum Pressure Error:  0.14E+00 on Mesh 2 at (2,15,15)
       ---------------------------------------------------------------
       Mesh    1
       Max CFL number:  0.38E-01 at (21,13,8)
       Max divergence:  0.30E-01 at (21,14,16)
       Min divergence: -0.23E-01 at (20,13,15)
       Max VN number :  0.37E-01 at (1,18,18)
       Mesh    2
       Max CFL number:  0.34E-01 at (9,18,20)
       Max divergence:  0.20E-01 at (2,17,16)
       Min divergence: -0.58E-02 at (3,15,17)
       Max VN number :  0.41E-01 at (17,15,20)
 
       Time Step    58000   June 15, 2026  20:22:57
       Step Size:  0.100E-01 s, Total Time:  580.00000 s
       Pressure Iterations: 1
       Maximum Velocity Error:  0.35E-03 on Mesh 1 at (24,24,20)
       Maximum Pressure Error:  0.16E+00 on Mesh 2 at (8,14,15)
       ---------------------------------------------------------------
       Mesh    1
       Max CFL number:  0.39E-01 at (21,13,6)
       Max divergence:  0.31E-01 at (20,14,16)
       Min divergence: -0.22E-01 at (20,13,15)
       Max VN number :  0.34E-01 at (1,2,19)
       Mesh    2
       Max CFL number:  0.34E-01 at (3,14,20)
       Max divergence:  0.21E-01 at (2,17,16)
       Min divergence: -0.36E-02 at (3,15,18)
       Max VN number :  0.48E-01 at (17,15,20)
 
       Time Step    58100   June 15, 2026  20:23:07
       Step Size:  0.100E-01 s, Total Time:  581.00000 s
       Pressure Iterations: 1
       Maximum Velocity Error:  0.39E-03 on Mesh 1 at (24,26,20)
       Maximum Pressure Error:  0.16E+00 on Mesh 1 at (18,16,15)
       ---------------------------------------------------------------
       Mesh    1
       Max CFL number:  0.39E-01 at (22,13,6)
       Max divergence:  0.30E-01 at (20,14,16)
       Min divergence: -0.21E-01 at (20,13,15)
       Max VN number :  0.51E-01 at (1,14,17)
       Mesh    2
       Max CFL number:  0.33E-01 at (5,26,20)
       Max divergence:  0.21E-01 at (2,17,16)
       Min divergence: -0.28E-02 at (12,10,20)
       Max VN number :  0.49E-01 at (17,15,20)
 
       Time Step    58200   June 15, 2026  20:23:16
       Step Size:  0.100E-01 s, Total Time:  582.00000 s
       Pressure Iterations: 1
       Maximum Velocity Error:  0.37E-03 on Mesh 1 at (24,29,20)
       Maximum Pressure Error:  0.15E+00 on Mesh 1 at (19,14,6)
       ---------------------------------------------------------------
       Mesh    1
       Max CFL number:  0.40E-01 at (22,13,6)
       Max divergence:  0.29E-01 at (21,14,16)
       Min divergence: -0.21E-01 at (20,13,15)
       Max VN number :  0.37E-01 at (15,17,16)
       Mesh    2
       Max CFL number:  0.34E-01 at (5,28,20)
       Max divergence:  0.19E-01 at (6,17,16)
       Min divergence: -0.22E-02 at (5,27,20)
       Max VN number :  0.46E-01 at (17,15,20)
 
       Time Step    58300   June 15, 2026  20:23:26
       Step Size:  0.100E-01 s, Total Time:  583.00000 s
       Pressure Iterations: 1
       Maximum Velocity Error:  0.38E-03 on Mesh 2 at (0,31,20)
       Maximum Pressure Error:  0.19E+00 on Mesh 2 at (12,14,15)
       ---------------------------------------------------------------
       Mesh    1
       Max CFL number:  0.39E-01 at (22,13,6)
       Max divergence:  0.29E-01 at (21,14,16)
       Min divergence: -0.21E-01 at (20,13,14)
       Max VN number :  0.32E-01 at (1,32,19)
       Mesh    2
       Max CFL number:  0.35E-01 at (5,28,20)
       Max divergence:  0.19E-01 at (8,16,16)
       Min divergence: -0.28E-02 at (5,24,19)
       Max VN number :  0.41E-01 at (17,15,20)
 
       Time Step    58400   June 15, 2026  20:23:36
       Step Size:  0.100E-01 s, Total Time:  584.00000 s
       Pressure Iterations: 1
       Maximum Velocity Error:  0.48E-03 on Mesh 1 at (24,21,19)
       Maximum Pressure Error:  0.18E+00 on Mesh 2 at (11,14,15)
       ---------------------------------------------------------------
       Mesh    1
       Max CFL number:  0.38E-01 at (22,13,6)
       Max divergence:  0.29E-01 at (21,14,16)
       Min divergence: -0.21E-01 at (20,13,14)
       Max VN number :  0.39E-01 at (1,18,19)
       Mesh    2
       Max CFL number:  0.34E-01 at (3,27,20)
       Max divergence:  0.20E-01 at (2,15,16)
       Min divergence: -0.27E-02 at (7,9,20)
       Max VN number :  0.38E-01 at (17,14,20)
 
       Time Step    58500   June 15, 2026  20:23:45
       Step Size:  0.100E-01 s, Total Time:  585.00000 s
       Pressure Iterations: 1
       Maximum Velocity Error:  0.48E-03 on Mesh 1 at (24,23,19)
       Maximum Pressure Error:  0.15E+00 on Mesh 2 at (2,15,15)
       ---------------------------------------------------------------
       Mesh    1
       Max CFL number:  0.39E-01 at (22,18,20)
       Max divergence:  0.30E-01 at (21,14,16)
       Min divergence: -0.20E-01 at (20,13,14)
       Max VN number :  0.40E-01 at (1,13,19)
       Mesh    2
       Max CFL number:  0.34E-01 at (3,28,20)
       Max divergence:  0.19E-01 at (2,15,16)
       Min divergence: -0.29E-02 at (1,6,20)
       Max VN number :  0.38E-01 at (18,15,20)
 
       Time Step    58600   June 15, 2026  20:23:55
       Step Size:  0.100E-01 s, Total Time:  586.00000 s
       Pressure Iterations: 1
       Maximum Velocity Error:  0.42E-03 on Mesh 1 at (24,24,19)
       Maximum Pressure Error:  0.16E+00 on Mesh 2 at (2,16,15)
       ---------------------------------------------------------------
       Mesh    1
       Max CFL number:  0.40E-01 at (6,15,20)
       Max divergence:  0.29E-01 at (21,14,16)
       Min divergence: -0.20E-01 at (21,13,15)
       Max VN number :  0.41E-01 at (9,17,16)
       Mesh    2
       Max CFL number:  0.34E-01 at (4,14,20)
       Max divergence:  0.18E-01 at (2,18,16)
       Min divergence: -0.27E-02 at (1,20,19)
       Max VN number :  0.45E-01 at (17,15,20)
 
       Time Step    58700   June 15, 2026  20:24:05
       Step Size:  0.100E-01 s, Total Time:  587.00000 s
       Pressure Iterations: 1
       Maximum Velocity Error:  0.33E-03 on Mesh 1 at (24,26,19)
       Maximum Pressure Error:  0.16E+00 on Mesh 1 at (7,19,1)
       ---------------------------------------------------------------
       Mesh    1
       Max CFL number:  0.37E-01 at (6,15,20)
       Max divergence:  0.29E-01 at (20,14,16)
       Min divergence: -0.19E-01 at (21,13,15)
       Max VN number :  0.35E-01 at (1,32,19)
       Mesh    2
       Max CFL number:  0.35E-01 at (2,28,20)
       Max divergence:  0.18E-01 at (2,14,16)
       Min divergence: -0.27E-02 at (5,11,20)
       Max VN number :  0.46E-01 at (18,15,20)
 
       Time Step    58800   June 15, 2026  20:24:15
       Step Size:  0.100E-01 s, Total Time:  588.00000 s
       Pressure Iterations: 1
       Maximum Velocity Error:  0.33E-03 on Mesh 1 at (24,16,17)
       Maximum Pressure Error:  0.16E+00 on Mesh 1 at (8,14,15)
       ---------------------------------------------------------------
       Mesh    1
       Max CFL number:  0.38E-01 at (6,15,20)
       Max divergence:  0.29E-01 at (22,14,16)
       Min divergence: -0.19E-01 at (23,13,2)
       Max VN number :  0.37E-01 at (1,18,19)
       Mesh    2
       Max CFL number:  0.33E-01 at (2,25,20)
       Max divergence:  0.19E-01 at (2,14,16)
       Min divergence: -0.27E-02 at (7,2,20)
       Max VN number :  0.51E-01 at (18,15,20)
 
       Time Step    58900   June 15, 2026  20:24:27
       Step Size:  0.100E-01 s, Total Time:  589.00000 s
       Pressure Iterations: 1
       Maximum Velocity Error:  0.34E-03 on Mesh 2 at (0,16,20)
       Maximum Pressure Error:  0.17E+00 on Mesh 2 at (2,18,15)
       ---------------------------------------------------------------
       Mesh    1
       Max CFL number:  0.41E-01 at (6,15,20)
       Max divergence:  0.29E-01 at (21,14,16)
       Min divergence: -0.19E-01 at (22,13,14)
       Max VN number :  0.36E-01 at (1,15,16)
       Mesh    2
       Max CFL number:  0.33E-01 at (18,16,19)
       Max divergence:  0.19E-01 at (2,17,16)
       Min divergence: -0.28E-02 at (5,33,14)
       Max VN number :  0.48E-01 at (18,15,20)
 
       Time Step    59000   June 15, 2026  20:24:38
       Step Size:  0.100E-01 s, Total Time:  590.00000 s
       Pressure Iterations: 1
       Maximum Velocity Error:  0.39E-03 on Mesh 1 at (24,23,20)
       Maximum Pressure Error:  0.17E+00 on Mesh 1 at (20,14,2)
       ---------------------------------------------------------------
       Mesh    1
       Max CFL number:  0.38E-01 at (6,15,20)
       Max divergence:  0.29E-01 at (21,14,16)
       Min divergence: -0.18E-01 at (22,13,14)
       Max VN number :  0.45E-01 at (1,15,17)
       Mesh    2
       Max CFL number:  0.38E-01 at (2,16,20)
       Max divergence:  0.18E-01 at (6,17,16)
       Min divergence: -0.27E-02 at (5,33,14)
       Max VN number :  0.38E-01 at (18,15,20)
 
       Time Step    59100   June 15, 2026  20:24:48
       Step Size:  0.100E-01 s, Total Time:  591.00000 s
       Pressure Iterations: 1
       Maximum Velocity Error:  0.38E-03 on Mesh 1 at (24,5,19)
       Maximum Pressure Error:  0.17E+00 on Mesh 1 at (20,14,1)
       ---------------------------------------------------------------
       Mesh    1
       Max CFL number:  0.36E-01 at (22,18,20)
       Max divergence:  0.29E-01 at (21,14,16)
       Min divergence: -0.18E-01 at (21,13,15)
       Max VN number :  0.38E-01 at (1,15,18)
       Mesh    2
       Max CFL number:  0.34E-01 at (8,17,20)
       Max divergence:  0.18E-01 at (2,17,16)
       Min divergence: -0.24E-02 at (2,24,20)
       Max VN number :  0.37E-01 at (19,16,20)
 
       Time Step    59200   June 15, 2026  20:24:59
       Step Size:  0.100E-01 s, Total Time:  592.00000 s
       Pressure Iterations: 1
       Maximum Velocity Error:  0.35E-03 on Mesh 1 at (24,10,20)
       Maximum Pressure Error:  0.20E+00 on Mesh 1 at (20,14,1)
       ---------------------------------------------------------------
       Mesh    1
       Max CFL number:  0.38E-01 at (22,18,20)
       Max divergence:  0.28E-01 at (21,14,16)
       Min divergence: -0.18E-01 at (21,13,15)
       Max VN number :  0.42E-01 at (1,18,19)
       Mesh    2
       Max CFL number:  0.34E-01 at (3,17,20)
       Max divergence:  0.18E-01 at (2,18,16)
       Min divergence: -0.23E-02 at (3,25,20)
       Max VN number :  0.36E-01 at (20,16,20)
 
       Time Step    59300   June 15, 2026  20:25:09
       Step Size:  0.100E-01 s, Total Time:  593.00000 s
       Pressure Iterations: 1
       Maximum Velocity Error:  0.36E-03 on Mesh 1 at (24,8,20)
       Maximum Pressure Error:  0.20E+00 on Mesh 1 at (20,14,1)
       ---------------------------------------------------------------
       Mesh    1
       Max CFL number:  0.36E-01 at (22,18,20)
       Max divergence:  0.29E-01 at (21,14,16)
       Min divergence: -0.17E-01 at (20,13,15)
       Max VN number :  0.35E-01 at (1,18,19)
       Mesh    2
       Max CFL number:  0.34E-01 at (2,24,20)
       Max divergence:  0.20E-01 at (2,15,16)
       Min divergence: -0.27E-02 at (2,22,20)
       Max VN number :  0.35E-01 at (20,16,20)
 
       Time Step    59400   June 15, 2026  20:25:19
       Step Size:  0.100E-01 s, Total Time:  594.00000 s
       Pressure Iterations: 1
       Maximum Velocity Error:  0.35E-03 on Mesh 1 at (24,17,18)
       Maximum Pressure Error:  0.15E+00 on Mesh 2 at (2,15,15)
       ---------------------------------------------------------------
       Mesh    1
       Max CFL number:  0.35E-01 at (7,18,20)
       Max divergence:  0.29E-01 at (21,14,16)
       Min divergence: -0.18E-01 at (20,13,3)
       Max VN number :  0.33E-01 at (1,2,19)
       Mesh    2
       Max CFL number:  0.35E-01 at (2,26,20)
       Max divergence:  0.20E-01 at (2,17,16)
       Min divergence: -0.26E-02 at (2,22,20)
       Max VN number :  0.33E-01 at (20,16,20)
 
       Time Step    59500   June 15, 2026  20:25:29
       Step Size:  0.100E-01 s, Total Time:  595.00000 s
       Pressure Iterations: 1
       Maximum Velocity Error:  0.34E-03 on Mesh 1 at (24,26,19)
       Maximum Pressure Error:  0.20E+00 on Mesh 1 at (18,16,15)
       ---------------------------------------------------------------
       Mesh    1
       Max CFL number:  0.39E-01 at (22,18,20)
       Max divergence:  0.28E-01 at (21,14,16)
       Min divergence: -0.18E-01 at (20,13,3)
       Max VN number :  0.36E-01 at (1,2,19)
       Mesh    2
       Max CFL number:  0.34E-01 at (2,28,20)
       Max divergence:  0.21E-01 at (2,17,16)
       Min divergence: -0.29E-02 at (1,20,19)
       Max VN number :  0.38E-01 at (19,15,20)
 
       Time Step    59600   June 15, 2026  20:25:40
       Step Size:  0.100E-01 s, Total Time:  596.00000 s
       Pressure Iterations: 1
       Maximum Velocity Error:  0.34E-03 on Mesh 2 at (0,28,19)
       Maximum Pressure Error:  0.18E+00 on Mesh 1 at (12,17,15)
       ---------------------------------------------------------------
       Mesh    1
       Max CFL number:  0.40E-01 at (22,19,20)
       Max divergence:  0.28E-01 at (21,14,16)
       Min divergence: -0.18E-01 at (20,13,15)
       Max VN number :  0.39E-01 at (8,2,20)
       Mesh    2
       Max CFL number:  0.34E-01 at (1,25,20)
       Max divergence:  0.21E-01 at (2,16,16)
       Min divergence: -0.32E-02 at (1,21,19)
       Max VN number :  0.45E-01 at (19,15,20)
 
       Time Step    59700   June 15, 2026  20:25:50
       Step Size:  0.100E-01 s, Total Time:  597.00000 s
       Pressure Iterations: 1
       Maximum Velocity Error:  0.36E-03 on Mesh 2 at (0,23,19)
       Maximum Pressure Error:  0.18E+00 on Mesh 1 at (22,19,15)
       ---------------------------------------------------------------
       Mesh    1
       Max CFL number:  0.36E-01 at (22,19,20)
       Max divergence:  0.28E-01 at (21,14,16)
       Min divergence: -0.19E-01 at (20,13,15)
       Max VN number :  0.47E-01 at (1,18,19)
       Mesh    2
       Max CFL number:  0.34E-01 at (1,25,20)
       Max divergence:  0.20E-01 at (2,17,16)
       Min divergence: -0.36E-02 at (1,21,19)
       Max VN number :  0.48E-01 at (19,15,20)
 
       Time Step    59800   June 15, 2026  20:26:00
       Step Size:  0.100E-01 s, Total Time:  598.00000 s
       Pressure Iterations: 1
       Maximum Velocity Error:  0.41E-03 on Mesh 1 at (24,28,20)
       Maximum Pressure Error:  0.17E+00 on Mesh 1 at (12,19,15)
       ---------------------------------------------------------------
       Mesh    1
       Max CFL number:  0.36E-01 at (6,18,20)
       Max divergence:  0.28E-01 at (21,14,16)
       Min divergence: -0.19E-01 at (20,13,15)
       Max VN number :  0.36E-01 at (1,2,19)
       Mesh    2
       Max CFL number:  0.36E-01 at (1,25,20)
       Max divergence:  0.20E-01 at (2,16,16)
       Min divergence: -0.30E-02 at (1,22,19)
       Max VN number :  0.48E-01 at (19,15,20)
 
       Time Step    59900   June 15, 2026  20:26:12
       Step Size:  0.100E-01 s, Total Time:  599.00000 s
       Pressure Iterations: 1
       Maximum Velocity Error:  0.48E-03 on Mesh 1 at (24,30,20)
       Maximum Pressure Error:  0.18E+00 on Mesh 2 at (2,15,15)
       ---------------------------------------------------------------
       Mesh    1
       Max CFL number:  0.36E-01 at (7,15,20)
       Max divergence:  0.28E-01 at (21,14,16)
       Min divergence: -0.19E-01 at (20,13,15)
       Max VN number :  0.42E-01 at (1,15,17)
       Mesh    2
       Max CFL number:  0.37E-01 at (1,27,20)
       Max divergence:  0.19E-01 at (2,19,16)
       Min divergence: -0.31E-02 at (5,33,14)
       Max VN number :  0.45E-01 at (19,15,20)
 
       Time Step    60000   June 15, 2026  20:26:24
       Step Size:  0.100E-01 s, Total Time:  600.00000 s
       Pressure Iterations: 1
       Maximum Velocity Error:  0.37E-03 on Mesh 1 at (24,33,20)
       Maximum Pressure Error:  0.15E+00 on Mesh 1 at (20,16,15)
       ---------------------------------------------------------------
       Mesh    1
       Max CFL number:  0.39E-01 at (22,19,20)
       Max divergence:  0.29E-01 at (20,14,16)
       Min divergence: -0.18E-01 at (20,13,15)
       Max VN number :  0.35E-01 at (1,32,19)
       Mesh    2
       Max CFL number:  0.34E-01 at (6,6,20)
       Max divergence:  0.19E-01 at (2,17,16)
       Min divergence: -0.27E-02 at (3,24,20)
       Max VN number :  0.42E-01 at (19,15,20)
 


 DEVICE Activation Times

         1    H2_SENSOR_CAB4            F         No Activation


 Time Stepping Wall Clock Time (s):     6636.104
 Total Elapsed Wall Clock Time (s):     6640.181

STOP: FDS completed successfully (CHID: eqix_corrected)
